listing_id,listing_name,description,listing_type,room_type,cover_photo_url,photos_count,photo_urls,host_id,host_name,cohost_ids,cohost_names,superhost,latitude,longitude,guests,bedrooms,beds,baths,registration,amenities,instant_book,professional_management,min_nights,cancellation_policy,checkin_time,checkout_time,guest_favorite,exact_location,currency,cleaning_fee,extra_guest_fee,single_fee_structure,num_reviews,rating_overall,rating_accuracy,rating_checkin,rating_cleanliness,rating_communication,rating_location,rating_value,ttm_revenue,ttm_revenue_native,ttm_avg_rate,ttm_avg_rate_native,ttm_occupancy,ttm_adjusted_occupancy,ttm_revpar,ttm_revpar_native,ttm_adjusted_revpar,ttm_adjusted_revpar_native,ttm_avg_min_nights,ttm_avg_length_of_stay,ttm_reserved_days,ttm_blocked_days,ttm_available_days,ttm_total_days,l90d_revenue,l90d_revenue_native,l90d_avg_rate,l90d_avg_rate_native,l90d_occupancy,l90d_adjusted_occupancy,l90d_revpar,l90d_revpar_native,l90d_adjusted_revpar,l90d_adjusted_revpar_native,l90d_avg_min_nights,l90d_avg_length_of_stay,l90d_reserved_days,l90d_blocked_days,l90d_available_days,l90d_total_days
39237,Historic Icelandic Cottage Meets Urban Elegance,"Discover our classic stone cottage in Reykjavik's historic district. Adorned with local art and musical instruments, it's an Icelandic cultural immersion. Experience the serenity of a country home, yet steps away from the city's attractions. Welcome to our Icelandic oasis.<br /><br /><b>The space</b><br />Nestled in the heart of Reykjavik's picturesque historic district, our enchanting stone cottage seamlessly blends traditional Icelandic charm with contemporary luxury. As one of the capital's time-honored structures, every corner of this cottage whispers tales of yesteryears while offering the comforts and amenities of the modern world.<br /><br />A mere 5-minute stroll from your doorstep places you amidst the vibrant city center, bustling with chic boutiques, immersive museums, and delightful eateries that promise a taste of Iceland's rich culinary tapestry.<br /><br />Inside, the cottage reveals two bedrooms, exuding warmth and coziness. The stylish open-concept space beckons with a plush lounge sofa, perfect for evening relaxation. For the culinary enthusiast, a fully-equipped kitchen awaits, crowned with a sleek Nespresso machine to kickstart your mornings. The contemporary bathroom, complete with a bathtub/shower combo and a state-of-the-art washer/dryer unit, ensures your utmost convenience.<br /><br />Accentuated by private parking, an exclusive entrance, and its unbeatable central location, this cottage is more than just a place to stay; it's an experience, an Icelandic embrace. With our unwavering commitment to your comfort, we aim to make your sojourn in Reykjavik nothing short of unforgettable.<br /><br /><b>Guest access</b><br />Everything is included.",Entire home,entire_home,https://a0.muscache.com/im/pictures/hosting/Hosting-39237/original/60522298-7c68-4f3c-9e1f-22f2425ec713.jpeg,13,"https://a0.muscache.com/im/pictures/hosting/Hosting-39237/original/60522298-7c68-4f3c-9e1f-22f2425ec713.jpeg,https://a0.muscache.com/im/pictures/51142044/3ffa5c06_original.jpg,https://a0.muscache.com/im/pictures/51142485/10b64272_original.jpg,https://a0.muscache.com/im/pictures/51142680/42452a33_original.jpg,https://a0.muscache.com/im/pictures/51141988/9e631b02_original.jpg,https://a0.muscache.com/im/pictures/51152104/8216b646_original.jpg,https://a0.muscache.com/im/pictures/51142124/2d424760_original.jpg,https://a0.muscache.com/im/pictures/51142193/93b9bed4_original.jpg,https://a0.muscache.com/im/pictures/51142304/2b581407_original.jpg,https://a0.muscache.com/im/pictures/51142378/cca2e2aa_original.jpg,https://a0.muscache.com/im/pictures/51142598/9b35187b_original.jpg,https://a0.muscache.com/im/pictures/51152123/5c3ba3eb_original.jpg,https://a0.muscache.com/im/pictures/miso/Hosting-39237/original/3ddf9880-edaa-4a9d-9830-d42f611491b9.png",168258,Daniel,"","",true,64.1514,-21.9524,3,2,2,1.0,false,"Bathtub,Hair dryer,Cleaning products,Shampoo,Conditioner,Body soap,Hot water,Shower gel,Washer,Dryer,Essentials,Hangers,Bed linens,Extra pillows and blankets,Iron,Drying rack for clothing,Clothing storage,TV,Sound system,Pack ’n play/Travel crib,High chair,Babysitter recommendations,Heating,Smoke alarm,Fire extinguisher,First aid kit,Wifi,Kitchen,Refrigerator,Cooking basics,Dishes and silverware,Freezer,Dishwasher,Stove,Oven,Hot water kettle,Coffee maker,Wine glasses,Toaster,Baking sheet,Blender,Barbecue utensils,Dining table,Coffee,Private entrance,Laundromat nearby,Patio or balcony,Backyard,Fire pit,Outdoor furniture,Outdoor dining area,Outdoor kitchen,BBQ grill,Free parking on premises,Free street parking,Single level home,Luggage dropoff allowed,Long term stays allowed",,false,4,Moderate,3:00 PM,11:00 AM,false,false,ISK,58,0,true,46,4.75,4.6,4.9,4.4,4.8,4.9,4.6,32324.0,4175445.0,272.7,34868.2,0.321,0.35,88.1,11378.9,96.3,12435.0,4.0,12.7,117,31,248,365,1845.0,234774.0,259.0,32963.3,0.078,0.119,19.9,2526.6,30.3,3854.1,4.0,7.0,7,31,83,90
74270,"Penthouse apartment, central Reykjavík","Apartment in central Reykjavík, cozy, with charm and great view of the kitchen-clock-church Hallgrímskyrkja, the bay and Reykjavikers favorite mountain Esjan. Kitchen is fully equipped with all essentials needed to feel just like home. The space offers a cozy living area, two bedrooms, one with a double bed and one with a single bed. The bathroom has a shower. The apartment has a great location, it is quiet at the same time it’s a nice spot close to everything downtown Reykjavík.<br /><br /><b>The space</b><br />The apartment is just one street up, parallel to Laugavegur which is the main shopping street downtown Reykjavík. It is close to everything but still peaceful. It is a two-bedroom apartment on the top floor in an old 4 floor building. <br />Kitchen and living room are in one cozy space, both are fully implemented. The Kitchen has a refrigerator, freezer, stove, oven, toaster, kettle, blender..., dishwasher, cooking utensils and tableware... <br />There are two bedrooms. One in normal size with a good bed 140cm wide, good closets, dresser and a desk. The other bedroom is small, the bed is 80cm wide. it has a dresser and a small desk as well.<br />The Bathroom is small but with a good shower. <br />There is a balcony shared with one other apartment on the stairwell with a gas barbecue and two chairs.<br />Free Wi-Fi, Linen, towels, hair dryer, iron and other features in place.<br />There is a washing machine (the Samsung), a drying room and space for bikes in the basement.<br />On the bright summer night, the shared balcony is a nice spot to rewind after a busy day and during the dark winter nights you can enjoy the northern lights when the sky lights up.<br /><br /><b>Guest access</b><br />The whole apartment and a shared balcony. Shared laundry facilities available to use during the stay.<br />Further instructions are sent after booking. Self-check in is available.",Entire condo,entire_home,https://a0.muscache.com/im/pictures/fd9637b2-124d-4f79-8b0e-336c64dd1030.jpg,16,"https://a0.muscache.com/im/pictures/fd9637b2-124d-4f79-8b0e-336c64dd1030.jpg,https://a0.muscache.com/im/pictures/3ecb6ab9-7f18-4349-aa96-b8816077ab36.jpg,https://a0.muscache.com/im/pictures/cb1c910b-75fe-48dc-8971-17272ef3f568.jpg,https://a0.muscache.com/im/pictures/8da1578a-9383-48e3-87c7-7856edf7d37e.jpg,https://a0.muscache.com/im/pictures/255ea1eb-c30c-4ecf-9f99-aa64d4b7e935.jpg,https://a0.muscache.com/im/pictures/e5f33999-4d94-428f-8060-f09c2163663f.jpg,https://a0.muscache.com/im/pictures/0f544b08-9247-4a6e-8c28-d30af1124729.jpg,https://a0.muscache.com/im/pictures/2d0888ab-cc9e-4a83-a509-da87ae5a7662.jpg,https://a0.muscache.com/im/pictures/7526548f-4b06-4171-92de-b8126c7784f5.jpg,https://a0.muscache.com/im/pictures/84a321eb-cbcf-4ed9-97d0-20a89b1c9d26.jpg,https://a0.muscache.com/im/pictures/8303e40b-3595-45e0-ad79-0139cb3c42db.jpg,https://a0.muscache.com/im/pictures/ef50be42-8b72-4148-b3f6-7a113b26b074.jpg,https://a0.muscache.com/im/pictures/03d357ac-093f-4c6e-871a-353094d28845.jpg,https://a0.muscache.com/im/pictures/2f645318-5fe1-4dc6-862f-44cff049cd7c.jpg,https://a0.muscache.com/im/pictures/hosting/Hosting-U3RheVN1cHBseUxpc3Rpbmc6NzQyNzA%3D/original/d468c55b-e125-4480-af92-82b334d0069e.jpeg,https://a0.muscache.com/im/pictures/hosting/Hosting-U3RheVN1cHBseUxpc3Rpbmc6NzQyNzA%3D/original/16c20f6d-c235-4a3a-bc35-49c4211693de.jpeg",390095,Julius,"","",true,64.1427,-21.9228,3,2,2,1.0,false,"TV,Wifi,Hair dryer,Shampoo,Hot water,Washer,Essentials,Hangers,Bed linens,Extra pillows and blankets,Iron,TV,Heating,Smoke alarm,Carbon monoxide alarm,Wifi,Dedicated workspace,Kitchen,Refrigerator,Cooking basics,Dishes and silverware,Dishwasher,Stove,Oven,Coffee maker,Patio or balcony,Outdoor furniture,BBQ grill",,false,21,Firm,,11:00 AM,true,false,ISK,708,,false,86,4.86,4.8,5.0,4.8,5.0,5.0,4.7,18264.0,2329620.0,178.0,22771.2,0.258,0.291,50.0,6382.5,56.5,7212.4,21.0,15.7,94,42,271,365,1390.0,176876.0,185.8,23638.7,0.111,0.208,15.4,1965.3,29.0,3684.9,13.7,3.3,10,42,80,90
122919,Luxury apartment in the very center,"Very comfortable place right in the heart of town and only steps away from Flybus, shops, restaurants, etc. <br />Your home away from home.<br /><br /><b>The space</b><br />This apartment is in the main street downtown Reykjavík. The apartment is fully renovated and includes all equipment needed to make you feel at home while away.<br /><br />The apartment has 2 bedrooms. Each of them are equipped with 1 queen size bed and a closet.<br /><br />It does not have a cradle for babies, so please take this into account if you are travelling with babies.<br /><br />Grocery shop is just across the street and opens 24 hours. Only few meters to main bus and taxi station. Lots of restaurants, bars and a swimming pool is close by.<br /><br />Different parking options are available in the area, from park houses to free street parking. Being Reykjavík's main street, parking at Laugavegur Street is not free on business hours, and it will cost about 1 USD (150 krona) per hour.<br />Park houses will cost less than 50 cent (50-80 krona) per hour.<br />Parking on side streets free of charge and you will need to walk 5 minutes (or less) to reach the apartment.<br /><br />As the apartment is located in the very heart of Reykjavík, in less than 30 minutes of easy walk you can virtually get to anywhere in the city.<br /><br />The bus from the airport will leave you right on the corner of our street.<br /><br /><br />***THIS APARTMENT IS LEGALLY LICENSED BY THE CITY OF REYKJAVÍK***<br /><br /><b>Guest access</b><br />You will have access to all areas of the apartment.<br /><br /><b>Registration Details</b><br />630813-0180",Entire rental unit,entire_home,https://a0.muscache.com/im/pictures/823592/35596aea_original.jpg,24,"https://a0.muscache.com/im/pictures/823592/35596aea_original.jpg,https://a0.muscache.com/im/pictures/823597/829e1bfc_original.jpg,https://a0.muscache.com/im/pictures/823594/d6ba3c50_original.jpg,https://a0.muscache.com/im/pictures/823595/a7627eac_original.jpg,https://a0.muscache.com/im/pictures/823599/5e42dabb_original.jpg,https://a0.muscache.com/im/pictures/823615/a543b969_original.jpg,https://a0.muscache.com/im/pictures/823606/22efff0e_original.jpg,https://a0.muscache.com/im/pictures/823590/0afe9cad_original.jpg,https://a0.muscache.com/im/pictures/823602/a6d9bf79_original.jpg,https://a0.muscache.com/im/pictures/823603/89aecf03_original.jpg,https://a0.muscache.com/im/pictures/823604/09dcef67_original.jpg,https://a0.muscache.com/im/pictures/823589/93ce3df2_original.jpg,https://a0.muscache.com/im/pictures/823607/cdf1ea7d_original.jpg,https://a0.muscache.com/im/pictures/823610/8468374a_original.jpg,https://a0.muscache.com/im/pictures/823611/c96c9dd1_original.jpg,https://a0.muscache.com/im/pictures/823614/f5530cff_original.jpg,https://a0.muscache.com/im/pictures/823585/93eb7d0d_original.jpg,https://a0.muscache.com/im/pictures/71595664/e909d2c7_original.jpg,https://a0.muscache.com/im/pictures/823582/43d13e7e_original.jpg,https://a0.muscache.com/im/pictures/823588/7703202a_original.jpg,https://a0.muscache.com/im/pictures/288624f0-3cfa-4b82-9c17-190c1186f7bf.jpg,https://a0.muscache.com/im/pictures/9a0aaf85-35ed-4e4b-a212-936c1af87f8d.jpg,https://a0.muscache.com/im/pictures/hosting/Hosting-122919/original/adfd371c-d2ef-445e-8d38-a4741dc24bfc.jpeg,https://a0.muscache.com/im/pictures/hosting/Hosting-122919/original/6dbabf01-dcac-4bf3-8ddc-e1271e66b1ae.jpeg",615321,Kristján,"","",true,64.1426,-21.9158,4,2,2,1.0,true,"Hair dryer,Cleaning products,Shampoo,Body soap,Hot water,Washer,Dryer,Essentials,Hangers,Bed linens,Room-darkening shades,Iron,Clothing storage,Ethernet connection,TV,Books and reading material,Heating,Smoke alarm,Carbon monoxide alarm,Fire extinguisher,First aid kit,Wifi,Kitchen,Refrigerator,Microwave,Cooking basics,Dishes and silverware,Freezer,Dishwasher,Stove,Oven,Hot water kettle,Coffee maker,Wine glasses,Toaster,Dining table,Patio or balcony,Outdoor furniture,Free street parking,Elevator,Paid parking off premises,Single level home,Long term stays allowed",,false,2,Moderate,4:00 PM,10:00 AM,true,false,ISK,0,0,true,263,4.9,4.9,4.9,4.8,5.0,5.0,4.9,83200.0,1.0596762E7,377.8,48302.7,0.595,0.595,227.9,29032.2,227.9,29032.2,2.4,4.3,217,0,148,365,21628.0,2752158.0,347.5,44213.6,0.678,0.678,240.3,30579.5,240.3,30579.5,2.1,4.7,61,0,29,90
129624,Meet locals. Room and private tours.,,Private room in rental unit,private_room,https://a0.muscache.com/im/pictures/7ff90088-2915-4aee-9b98-155929e97459.jpg,33,,639201,Hóffý,"","",true,64.0989,-21.8521,,,1,0.0,false,"Wifi,Free parking on premises,Room-darkening shades,Hot water kettle,Hot water,Body soap,Conditioner,Bed linens,Free street parking,Outdoor furniture,Microwave,Cleaning products,Coffee maker,Refrigerator,Drying rack for clothing,Dishwasher,Dishes and silverware,Heating,Clothing storage,Wine glasses,Single level home,Smoke alarm,Shower gel,Carbon monoxide alarm,Patio or balcony,Backyard,Fire extinguisher,Essentials,Shampoo,Hangers,Dining table,Outdoor playground,Hair dryer,Iron,Freezer,Toaster",false,false,1,Strict,,,,,ISK,0,0,,234,4.63,4.7,4.8,4.7,4.9,4.3,4.6,6455.0,823254.0,124.7,15940.5,0.162,0.162,17.7,2255.5,17.7,2255.5,1.0,2.5,59,0,306,365,144.0,18324.0,149.4,19006.8,0.011,0.011,1.6,203.6,1.6,203.6,1.0,1.0,1,0,89,90
130050,Beautiful Apartment in Reykjavik,"This is an apartment in a beautiful house, with three other apartments. It's in the old neighborhood west of the center, but very quiet and central. Walking distances to the harbor and city center.<br /><br /><b>The space</b><br />This 114 square meter apartment in the center of Reykjavik, is beautiful, tasteful and spacious.<br />It has two large bedrooms both with king size beds.  There is a large dining room and another large living room.  The bathroom is newly renovated with both a bath and shower.  The kitchen has little dining area and a great big stove.  The apartment is on the second floor and located in the heart of Reykjavik.<br /><br /><b>Guest access</b><br />Guests are welcome to access the garden and laundry room in basement.<br /><br /><b>Other things to note</b><br />There are stairs up to the apartment so this home is not suitable for disabled guests.",Entire rental unit,entire_home,https://a0.muscache.com/im/pictures/miso/Hosting-130050/original/8a976018-8022-4944-af9b-0b1e890af2c0.jpeg,5,"https://a0.muscache.com/im/pictures/miso/Hosting-130050/original/8a976018-8022-4944-af9b-0b1e890af2c0.jpeg,https://a0.muscache.com/im/pictures/miso/Hosting-130050/original/2fd7a1ae-69e7-4677-bdfb-4ed0b7627f53.jpeg,https://a0.muscache.com/im/pictures/miso/Hosting-130050/original/68fbcb09-3fe5-4d30-9fe4-0870b9b095b2.jpeg,https://a0.muscache.com/im/pictures/miso/Hosting-130050/original/b19588d6-1a3c-4482-9329-a1a16b32821b.jpeg,https://a0.muscache.com/im/pictures/miso/Hosting-130050/original/ebf176d5-af56-48e7-99f1-bb177767b9ae.jpeg",640897,Thoranna,"","",false,64.1511,-21.9514,4,2,2,1.0,false,"Smoking allowed,Bathtub,Hair dryer,Cleaning products,Shampoo,Conditioner,Body soap,Hot water,Shower gel,Washer,Dryer,Essentials,Hangers,Bed linens,Extra pillows and blankets,Room-darkening shades,Iron,Drying rack for clothing,Clothing storage,TV,Sound system,Books and reading material,Children’s books and toys,Board games,Heating,Smoke alarm,Carbon monoxide alarm,First aid kit,Wifi,Dedicated workspace,Kitchen,Refrigerator,Cooking basics,Dishes and silverware,Freezer,Dishwasher,Stove,Oven,Hot water kettle,Coffee maker,Wine glasses,Toaster,Baking sheet,Blender,Dining table,Coffee,Patio or balcony,Backyard,Outdoor furniture,Outdoor dining area,Free street parking,Luggage dropoff allowed,Long term stays allowed,Cleaning before checkout",,false,3,Moderate,3:00 PM,12:00 PM,true,false,ISK,150,0,true,49,4.92,4.9,4.8,4.8,4.9,4.9,4.8,44236.0,5651892.0,316.2,40383.9,0.414,0.956,117.9,15066.3,272.4,34805.0,3.0,16.8,151,207,214,365,0.0,0.0,357.5,45493.1,0.0,0.0,0.0,0.0,0.0,0.0,3.0,0.0,0,90,90,90
157686,"Nice & cosy, - everything you need!",,Entire rental unit,entire_home,https://a0.muscache.com/im/pictures/999829/c7f968e3_original.jpg,101,,757322,Jón Kristinn & Álfrún,"","",true,64.1253,-21.8519,4,2,3,1.0,false,"TV,Wifi,Kitchen,Hot water kettle,Pets allowed,Mini fridge,Free street parking,Outdoor furniture,Cleaning products,Drying rack for clothing,Heating,Wine glasses,Washer,Dryer,Smoke alarm,Carbon monoxide alarm,First aid kit,Fire extinguisher,Essentials,Shampoo,Hangers,Hair dryer,Iron,Freezer,Private entrance,Sound system,High chair,Children’s books and toys,Crib,Pack ’n play/Travel crib,Room-darkening shades,Children’s dinnerware,Hot water,Body soap,Bed linens,Extra pillows and blankets,Coffee maker,Refrigerator,Dishwasher,Dishes and silverware,Cooking basics,Oven,Stove,Single level home,Shower gel,Backyard,Toaster",true,false,2,Firm,,,,,ISK,57,0,,225,4.96,5.0,5.0,5.0,5.0,4.8,4.9,29071.0,3736112.0,182.3,23318.0,0.411,0.411,74.6,9600.0,74.6,9600.0,2.0,4.4,150,0,215,365,0.0,0.0,183.0,23281.1,0.0,0.0,0.0,0.0,0.0,0.0,2.0,0.0,0,0,90,90
178790,"Beautiful Flat in Casa Dísa, Boutique Guesthouse",,Entire loft,entire_home,https://a0.muscache.com/im/pictures/348eab8e-906f-4572-9362-89b4c9f04a86.jpg,47,,784930,Herdís Anna,"","",true,64.1400,-21.8590,4,2,2,1.0,true,"High chair,TV,Children’s books and toys,Wifi,Air conditioning,Babysitter recommendations,Kitchen,Pack ’n play/Travel crib,Free parking on premises,Children’s dinnerware,Free street parking,Coffee maker,Indoor fireplace,Refrigerator,Dishwasher,Dishes and silverware,Heating,Cooking basics,Oven,Stove,Washer,Dryer,Single level home,Smoke alarm,Carbon monoxide alarm,First aid kit,Backyard,Fire extinguisher,Luggage dropoff allowed,Long term stays allowed,Cleaning before checkout,Hair dryer,Iron,Dedicated workspace,Baking sheet,Freezer,Baby bath",,false,1,Flexible,,,,,ISK,0,0,,1,,,,,,,,9439.0,1201111.0,331.1,42327.8,0.071,0.071,25.9,3290.7,25.9,3290.7,1.2,5.2,26,0,339,365,5453.0,693894.0,362.3,46099.7,0.167,0.167,60.6,7709.9,60.6,7709.9,1.7,3.0,15,0,75,90
235357,Private room 1 in the city center,"<b>The space</b><br />A very charming, private room in the heart of Reykjavik’s city center. The room is located in a quiet, family street but has still all the advantages of being in the center of Reykjavik’s culture and night life.  The house is 5 min. walk to the best restaurants, bars and the main shopping street, Laugarvegur. Besides being a quiet street in the centre of town, it is also located only 3 min. walking distance from BSÍ, the city’s main bus station. The Flybus from KEF airport stops at BSÍ so you can easily walk straight from the bus to your room without sore legs. BSÍ is also where most all sightseeing tours leave from. This is very convenient if you want to explore the country. <br /><br />The room is one of four private rooms which have shared access to a bathroom, shower, kitchen and washing machine. The accommodation we are offering is more like a small homey guesthouse, with a private entrance and is separated from our apartment which is on the next floor. <br /><br />The room has been newly renovated and has a brand new double bed (it can also be changed in to 2 single beds). The room is perfectly suited for one or two people.<br /><br />The kitchen is fully applied with a stove, microwave, fridge and cooking appliances.<br /><br />We also offer a bike-rental with brand new bikes for very little money. <br /><br />From October to April we offer special winter prices, 25%-50% off, depending on the time and length of your stay. Please contact us for further information concerning the winter prices, if you are interested in booking a room in the winter time.   <br /><br />Check in at noon or after agreement <br />Price: $70 per night. <br /><br />Please let us know at what time you will be arriving so that I will am at home.",Room in hotel,private_room,https://a0.muscache.com/im/pictures/cc664b1e-924b-46cf-8057-d5e64c60ff9e.jpg,28,"https://a0.muscache.com/im/pictures/cc664b1e-924b-46cf-8057-d5e64c60ff9e.jpg,https://a0.muscache.com/im/pictures/fd4ee584-95eb-474d-a9ef-89898638e4b2.jpg,https://a0.muscache.com/im/pictures/8221484/4467733d_original.jpg,https://a0.muscache.com/im/pictures/68962788/719344df_original.jpg,https://a0.muscache.com/im/pictures/68962834/d9463549_original.jpg,https://a0.muscache.com/im/pictures/8221613/b291811f_original.jpg,https://a0.muscache.com/im/pictures/8221584/f29f8362_original.jpg,https://a0.muscache.com/im/pictures/8221573/e4afc98b_original.jpg,https://a0.muscache.com/im/pictures/8221657/900898f3_original.jpg,https://a0.muscache.com/im/pictures/8221739/eb1d6e39_original.jpg,https://a0.muscache.com/im/pictures/17397499/e34b6431_original.jpg,https://a0.muscache.com/im/pictures/17397500/6a92bcb1_original.jpg,https://a0.muscache.com/im/pictures/17397487/bf270bed_original.jpg,https://a0.muscache.com/im/pictures/17397504/0bbdc3e7_original.jpg,https://a0.muscache.com/im/pictures/17397489/64806c63_original.jpg,https://a0.muscache.com/im/pictures/17397503/90fdacdf_original.jpg,https://a0.muscache.com/im/pictures/17397490/b7f57235_original.jpg,https://a0.muscache.com/im/pictures/17397491/990e0cce_original.jpg,https://a0.muscache.com/im/pictures/6341522/22e392e8_original.jpg,https://a0.muscache.com/im/pictures/6341795/63ece5f0_original.jpg,https://a0.muscache.com/im/pictures/6341712/582a52d9_original.jpg,https://a0.muscache.com/im/pictures/6342062/103ee327_original.jpg,https://a0.muscache.com/im/pictures/6341877/aa68ccb2_original.jpg,https://a0.muscache.com/im/pictures/5441623/a43e0baa_original.jpg,https://a0.muscache.com/im/pictures/5441504/06a1253b_original.jpg,https://a0.muscache.com/im/pictures/6341577/00547478_original.jpg,https://a0.muscache.com/im/pictures/6341927/39e6c8a1_original.jpg,https://a0.muscache.com/im/pictures/5441575/86309db2_original.jpg",1232997,Laufey,"","",false,64.1408,-21.9351,2,1,2,0.0,false,"Hair dryer,Hot water,Washer,Hangers,Iron,Heating,Smoke alarm,Carbon monoxide alarm,Wifi,Kitchen,Free parking on premises,Free street parking",,false,30,Firm,2:00 PM,11:00 AM,false,false,ISK,1323,,false,125,4.78,4.8,4.9,4.7,4.8,4.9,4.7,7110.0,917216.0,62.5,8004.1,0.252,0.508,19.5,2512.9,39.3,5067.5,30.0,30.7,92,184,273,365,256.0,32576.0,48.8,6215.4,0.056,0.2,2.8,362.0,10.2,1303.0,30.0,5.0,5,65,85,90
332281,Beautiful East-Side Apt. close to C,,Entire rental unit,entire_home,https://a0.muscache.com/im/pictures/miso/Hosting-332281/original/f3c2d19b-47bd-43d2-9162-2a6645e171a6.jpeg,15,,1693638,Eva,"","",false,64.1336,-21.9139,3,2,1,1.0,false,"TV,Washer,Smoke alarm,Wifi,Patio or balcony,Kitchen,Free parking on premises,Shampoo,Pets allowed,Dedicated workspace,Coffee maker,Refrigerator,Dishes and silverware,Heating",false,false,5,Firm,,,,,ISK,58,0,,46,4.59,4.7,4.6,4.3,4.5,4.7,4.6,3255.0,421580.0,160.3,20481.3,0.058,0.128,8.4,1094.4,18.8,2435.6,5.0,7.0,21,201,344,365,585.0,74440.0,187.6,23866.3,0.033,0.033,5.9,745.1,5.9,745.1,5.0,3.0,3,0,87,90
391760,Architect's Choice in 107 Reykjavik,,Entire rental unit,entire_home,https://a0.muscache.com/im/pictures/4376423/4ac60358_original.jpg,10,,1959146,Gudjon,"","",false,64.1480,-21.9602,4,2,3,1.5,false,"TV,Wifi,Hair dryer,Washer,Dryer,Iron,TV,Heating,Wifi,Dedicated workspace,Kitchen,Fire pit,Free parking on premises",,false,4,Moderate,,,,,ISK,0,0,,33,4.77,4.6,4.5,4.5,4.8,4.6,4.7,9125.0,1161153.0,233.1,29802.0,0.112,0.745,25.0,3181.2,165.9,21111.9,4.0,13.7,41,310,324,365,0.0,0.0,251.7,32023.1,0.0,0.0,0.0,0.0,0.0,0.0,4.0,0.0,0,90,90,90
439688,3rd. floor apt. Center Reykjavik,"Cozy apartment on the third floor in the center of downtown Reykjavik. <br /><br />Fantastic location. The main shopping street Laugavegur, restaurants, bars, cafes, supermarket and a swimming pool all in 5 minute walking distance.<br /><br />Skráningarnúmer: HG-00014566<br /><br /><b>The space</b><br />The apartment has one bedroom, kitchen, bathroom and living room. <br />Double bed in the bedroom. Large nice sofa that can be slept in the living room.<br /> <br />All the basic stuff available in the apartment. Pots, pans, oven, toaster, coffee machine, refrigerator, salt and pepper. Towels and bedding. Wireless internet. <br /><br />10-15 minute walk to/from BSI airbus terminal.",Entire rental unit,entire_home,https://a0.muscache.com/im/pictures/hosting/Hosting-U3RheVN1cHBseUxpc3Rpbmc6NDM5Njg4/original/09c90c47-019f-47cf-941d-bd78eac6c359.jpeg,11,"https://a0.muscache.com/im/pictures/hosting/Hosting-U3RheVN1cHBseUxpc3Rpbmc6NDM5Njg4/original/09c90c47-019f-47cf-941d-bd78eac6c359.jpeg,https://a0.muscache.com/im/pictures/5072648/b928d5ff_original.jpg,https://a0.muscache.com/im/pictures/hosting/Hosting-U3RheVN1cHBseUxpc3Rpbmc6NDM5Njg4/original/c3887fd6-598e-4e43-b31c-aed6c650608a.jpeg,https://a0.muscache.com/im/pictures/hosting/Hosting-U3RheVN1cHBseUxpc3Rpbmc6NDM5Njg4/original/453b4b95-8d32-4768-a6b7-9a6181fb5e49.jpeg,https://a0.muscache.com/im/pictures/hosting/Hosting-U3RheVN1cHBseUxpc3Rpbmc6NDM5Njg4/original/b875798f-fcd8-4685-b80b-e7ec2b24efa3.jpeg,https://a0.muscache.com/im/pictures/hosting/Hosting-U3RheVN1cHBseUxpc3Rpbmc6NDM5Njg4/original/03516f87-9c7e-4762-81d1-85a57239a827.jpeg,https://a0.muscache.com/im/pictures/hosting/Hosting-U3RheVN1cHBseUxpc3Rpbmc6NDM5Njg4/original/ec330eb2-bffb-45f7-8e4f-6a13f71337fd.jpeg,https://a0.muscache.com/im/pictures/hosting/Hosting-U3RheVN1cHBseUxpc3Rpbmc6NDM5Njg4/original/e35a5e60-4b8a-450e-9a41-51bca184364a.jpeg,https://a0.muscache.com/im/pictures/hosting/Hosting-U3RheVN1cHBseUxpc3Rpbmc6NDM5Njg4/original/b499328f-6a21-43e0-be07-21b490ee4609.jpeg,https://a0.muscache.com/im/pictures/hosting/Hosting-U3RheVN1cHBseUxpc3Rpbmc6NDM5Njg4/original/3272aa59-769f-4eb3-80e1-be8c263d0728.jpeg,https://a0.muscache.com/im/pictures/hosting/Hosting-U3RheVN1cHBseUxpc3Rpbmc6NDM5Njg4/original/48578c30-7db6-42a4-b253-39a5e4a7589c.jpeg",397974,Dave,"","",false,64.1428,-21.9256,3,1,1,1.5,false,"TV,Heating,Smoke alarm,Wifi,Kitchen,Refrigerator",,false,3,Firm,2:00 PM,11:00 AM,false,false,ISK,40,0,true,153,4.65,4.6,4.8,4.5,4.8,4.9,4.6,33954.0,4340975.0,238.5,30468.9,0.4,0.402,90.8,11614.2,91.3,11678.2,3.0,6.3,146,2,219,365,8401.0,1069023.0,246.3,31344.4,0.356,0.356,90.7,11538.7,90.7,11538.7,3.0,5.3,32,0,58,90
440080,B14 - Triple Room in Luxury Apartment downtown,,Private room in rental unit,private_room,https://a0.muscache.com/im/pictures/3ff8a5a7-da46-44f4-9480-365cc17f1512.jpg,18,,2111523,⁨B14⁩,"","",false,64.1463,-21.9356,3,1,2,1.0,false,"TV,Wifi,Air conditioning,Kitchen,Pack ’n play/Travel crib,Paid parking off premises,Hot water,Coffee maker,Dishes and silverware,Heating,Washer,Dryer,Smoke alarm,Fire extinguisher,Luggage dropoff allowed,Essentials,Shampoo,Lock on bedroom door,Hangers,Hair dryer,Iron",,false,1,Firm,,,,,ISK,0,0,,67,4.59,4.6,4.5,4.7,4.5,4.8,4.5,8417.0,1075153.0,301.6,38521.8,0.071,0.079,23.1,2945.6,25.5,3258.0,1.0,2.4,26,35,339,365,331.0,42120.0,326.0,41480.5,0.011,0.011,3.7,468.0,3.7,468.0,1.1,1.0,1,0,89,90
501246,Private residence in downtown Reykjavík,"Our apartment is our home which we want to rent out while we are traveling.<br /><br />It is very centrally located in the center of the city, walking distance to shops, restaurants, cafes etc.<br /><br />There are two bedrooms, well equipped kitchen, bathroom with tub and shower, laundry room with both washer and dryer, open living/dining  room with views to the mountains and the sea.<br /><br />Glassed in balcony where smoking is allowed.<br /><br /><b>The space</b><br />A wonderfully spacious 120 m2, two  bedroom apartment in the very exclusive neighbourhood \"Skugginn\" in the center of Reykjavik. In close proximity with almost everything you would want to explore in the capital of Iceland which is surprisingly modern and chic.<br /><br />Combined living and dining room, open kitchen with all appliances, large bedroom with two large beds that can be easily joined together, one smaller bedrooms with two single beds.<br /><br />Bathroom with separate shower and bathtub.<br /> Laundry room with washer and dryer. Cable tv and wireless internet. Balcony with glass windows that can be opened up when weather permits and you can sit out there with your coffee and enjoy the fresh air that Iceland is so famous for.<br /><br />Apartment is fully furnished, hairdryer in bathroom, baby crib and matrass can be provided. <br /><br />All you have to do is relax and enjoy everything that Reykjavik has to offer.<br /><br /><b>Guest access</b><br />The entire apartment is for your disposal.",Entire condo,entire_home,https://a0.muscache.com/im/pictures/hosting/Hosting-U3RheVN1cHBseUxpc3Rpbmc6NTAxMjQ2/original/81bb629d-15d2-41ac-ad1c-3a3111b67b39.jpeg,13,"https://a0.muscache.com/im/pictures/hosting/Hosting-U3RheVN1cHBseUxpc3Rpbmc6NTAxMjQ2/original/81bb629d-15d2-41ac-ad1c-3a3111b67b39.jpeg,https://a0.muscache.com/im/pictures/hosting/Hosting-U3RheVN1cHBseUxpc3Rpbmc6NTAxMjQ2/original/255197ff-38b4-42e5-9f5c-d2b821652a84.jpeg,https://a0.muscache.com/im/pictures/hosting/Hosting-U3RheVN1cHBseUxpc3Rpbmc6NTAxMjQ2/original/55630242-ffd1-425e-9a3e-2c6778b4a916.jpeg,https://a0.muscache.com/im/pictures/hosting/Hosting-U3RheVN1cHBseUxpc3Rpbmc6NTAxMjQ2/original/69c0ba2e-32ce-448e-bb33-70f4a1cbbae6.jpeg,https://a0.muscache.com/im/pictures/hosting/Hosting-U3RheVN1cHBseUxpc3Rpbmc6NTAxMjQ2/original/bcb23067-9547-4443-9c41-f555f90cac25.jpeg,https://a0.muscache.com/im/pictures/hosting/Hosting-U3RheVN1cHBseUxpc3Rpbmc6NTAxMjQ2/original/9a146d4e-8560-4cd4-8df0-dfef07ab5adc.jpeg,https://a0.muscache.com/im/pictures/hosting/Hosting-U3RheVN1cHBseUxpc3Rpbmc6NTAxMjQ2/original/cd1f4f25-abc0-4123-a724-82a9d07bae00.jpeg,https://a0.muscache.com/im/pictures/hosting/Hosting-U3RheVN1cHBseUxpc3Rpbmc6NTAxMjQ2/original/4d4cfa1e-cf75-4e3f-af9d-36b018d03d8b.jpeg,https://a0.muscache.com/im/pictures/hosting/Hosting-U3RheVN1cHBseUxpc3Rpbmc6NTAxMjQ2/original/f18f894a-e1a0-4927-b30f-32003bb42070.jpeg,https://a0.muscache.com/im/pictures/hosting/Hosting-U3RheVN1cHBseUxpc3Rpbmc6NTAxMjQ2/original/95df6206-68b7-47d6-8201-e1acb6dd2d6b.jpeg,https://a0.muscache.com/im/pictures/hosting/Hosting-U3RheVN1cHBseUxpc3Rpbmc6NTAxMjQ2/original/2463f272-29fb-4913-b6da-e3fa65919efe.jpeg,https://a0.muscache.com/im/pictures/hosting/Hosting-U3RheVN1cHBseUxpc3Rpbmc6NTAxMjQ2/original/807d9f08-c41b-48c3-bf53-962e42c5e024.jpeg,https://a0.muscache.com/im/pictures/hosting/Hosting-U3RheVN1cHBseUxpc3Rpbmc6NTAxMjQ2/original/70a114d1-48b5-4859-9b37-030030f4a065.jpeg",611042,Sigrun,"","",true,64.1427,-21.9365,4,3,,1.0,false,"TV,Wifi,Kitchen,Pets allowed,Bathtub,Hair dryer,Cleaning products,Body soap,Hot water,Shower gel,Washer,Dryer,Essentials,Hangers,Bed linens,Extra pillows and blankets,Room-darkening shades,Iron,Clothing storage,TV,Heating,Smoke alarm,Fire extinguisher,First aid kit,Wifi,Kitchen,Refrigerator,Microwave,Cooking basics,Dishes and silverware,Freezer,Dishwasher,Stove,Oven,Hot water kettle,Coffee maker,Wine glasses,Toaster,Baking sheet,Blender,Barbecue utensils,Dining table,Patio or balcony,Backyard,Outdoor furniture,BBQ grill,Elevator,Paid parking off premises",,false,5,Moderate,3:00 PM,12:00 PM,false,false,ISK,0,0,true,1,,,,,,,,14258.0,1819901.0,371.8,47517.7,0.09,0.131,39.1,4986.0,56.8,7250.6,5.0,8.3,33,114,332,365,13307.0,1693313.0,440.4,56037.9,0.333,0.411,147.9,18814.6,182.3,23196.1,5.0,10.0,30,17,60,90
531314,Studio apartment in the city center,,Entire rental unit,entire_home,https://a0.muscache.com/im/pictures/7d0d3792-2e97-40d3-92cd-770d62a80e9b.jpg,22,,1232997,Laufey,"","",false,64.1390,-21.9343,2,1,1,1.0,false,"TV,Washer,Cable TV,Dryer,Wifi,Kitchen,Essentials,Hangers,Hair dryer,Iron,Bed linens,Free street parking,Private entrance,Microwave,Dishes and silverware,Heating",,false,13,Flexible,,,,,ISK,100,0,,20,4.5,4.8,5.0,4.5,4.6,5.0,4.5,8765.0,1124444.0,161.3,20625.1,0.151,0.262,23.5,3010.9,40.8,5233.3,13.2,27.5,55,155,310,365,0.0,0.0,163.6,20820.8,0.0,0.0,0.0,0.0,0.0,0.0,6.0,0.0,0,0,90,90
546142,Family friendly house downtown,,Entire home,entire_home,https://a0.muscache.com/im/pictures/miso/Hosting-546142/original/c5f7a70e-ab41-4511-8548-95672b824eaa.jpeg,21,,2685095,Dögg,"","",false,64.1504,-21.9617,6,3,3,1.5,false,"TV,Washer,Dryer,BBQ grill,Wifi,Patio or balcony,Backyard,Kitchen,Essentials,Free parking on premises,Hair dryer,Iron,Coffee maker,Refrigerator,Dishes and silverware,Heating",,false,4,Firm,,,,,ISK,0,0,,5,4.2,4.4,4.6,3.8,4.8,5.0,4.2,11225.0,1428378.0,330.4,42376.4,0.096,0.096,30.8,3913.4,30.8,3913.4,4.0,17.5,35,0,330,365,0.0,0.0,0.0,0.0,0.0,0.0,0.0,0.0,0.0,0.0,4.0,0.0,0,0,90,90
568309,The perfect house in Iceland!,"Our house is residential located in a beautiful child friendly and quiet neighbourhood near the city center (around 3.0 km. to the city center). Close to our house (around 200 metres) is for instance a bakery, ice-cream store, playground, grocery store, a small and beautiful restaurant, Kaffi Laugarlækur. There are about 500 metres to the neighborhood´s swimming pool, and 1 kilometre to a big and beautiful Park, called Laugardalur, which has for example an Ice Skating rink and a small Zoo.<br /><br /><b>The space</b><br />Our house is on three floors. In the basement is a cozy TV room, a small bathroom, a big laundry room with a big shower. On the main floor there is a big entrance, nice and bright kitchen, a dining room and a big living room. On this floor there also is a big terrace with a bbq and a cozy garden.  On the top floor are four bedrooms and a bathroom.<br /><br />There is a key-box in the basement. When you arrive we will give you the PIN.",Entire townhouse,entire_home,https://a0.muscache.com/im/pictures/d4af307b-67d2-4fde-bdd5-7d646e4699eb.jpg,22,"https://a0.muscache.com/im/pictures/d4af307b-67d2-4fde-bdd5-7d646e4699eb.jpg,https://a0.muscache.com/im/pictures/692e7ef5-9e25-4e5e-bf13-051f85641345.jpg,https://a0.muscache.com/im/pictures/4899318e-0c9a-4524-99d5-d935c69ea2a4.jpg,https://a0.muscache.com/im/pictures/4b49188b-5b9a-4444-b08d-78060efd38af.jpg,https://a0.muscache.com/im/pictures/db48d97e-afa5-4923-986e-e34dd50ebd0b.jpg,https://a0.muscache.com/im/pictures/cced17fe-12c6-4924-b263-29c1eb9d0ccb.jpg,https://a0.muscache.com/im/pictures/859958be-16d3-4e03-96e8-fe6d1021dbd1.jpg,https://a0.muscache.com/im/pictures/miso/Hosting-568309/original/c979edae-33ba-4525-8cee-b154d3d6d623.jpeg,https://a0.muscache.com/im/pictures/miso/Hosting-568309/original/0e652820-ba16-44aa-9436-757264795f3b.jpeg,https://a0.muscache.com/im/pictures/miso/Hosting-568309/original/10b67208-365e-4166-9e2a-ccf2b0c71b80.jpeg,https://a0.muscache.com/im/pictures/miso/Hosting-568309/original/4ccd8310-7b26-4789-b033-4f6e0156fb4e.jpeg,https://a0.muscache.com/im/pictures/miso/Hosting-568309/original/f85a025c-df0e-4d3e-a1e3-00802a0abfc9.jpeg,https://a0.muscache.com/im/pictures/miso/Hosting-568309/original/57f304e1-6ef8-4901-bc7f-d58be5ec83d2.jpeg,https://a0.muscache.com/im/pictures/miso/Hosting-568309/original/b2591533-c383-45f0-a14b-dcb279e23817.jpeg,https://a0.muscache.com/im/pictures/miso/Hosting-568309/original/6b47b5ef-bde2-49bf-a9a1-420ca415f301.jpeg,https://a0.muscache.com/im/pictures/miso/Hosting-568309/original/41de58a4-3e90-4dc3-88da-95a1686edacd.jpeg,https://a0.muscache.com/im/pictures/miso/Hosting-568309/original/e397455a-30b3-4b16-b3ee-2901763ddc36.jpeg,https://a0.muscache.com/im/pictures/miso/Hosting-568309/original/e6cdde89-85a9-41d8-b56d-56bef7f6e61f.jpeg,https://a0.muscache.com/im/pictures/miso/Hosting-568309/original/b801ab4d-0662-49cd-8db3-08987daa6e7a.jpeg,https://a0.muscache.com/im/pictures/miso/Hosting-568309/original/22d04c49-3ff6-4e6e-80b2-605a6991358b.jpeg,https://a0.muscache.com/im/pictures/miso/Hosting-568309/original/7372c5ea-6ed8-4d37-8cc9-f0a3af0a6719.jpeg,https://a0.muscache.com/im/pictures/miso/Hosting-568309/original/9a3016d6-e06c-469f-ba06-f63e2d177e15.jpeg",2796518,Sigríður Dagmar,"","",false,64.1444,-21.8834,7,4,5,2.5,false,"Bathtub,Hair dryer,Hot water,Washer,Dryer,Essentials,Hangers,Bed linens,Room-darkening shades,Iron,Drying rack for clothing,TV,Sound system,Game console,Children’s books and toys,Heating,Smoke alarm,Carbon monoxide alarm,Fire extinguisher,First aid kit,Wifi,Kitchen,Refrigerator,Microwave,Cooking basics,Dishes and silverware,Freezer,Dishwasher,Stove,Oven,Hot water kettle,Coffee maker,Wine glasses,Toaster,Baking sheet,Blender,Barbecue utensils,Dining table,Coffee,Private entrance,Patio or balcony,Backyard,Fire pit,Outdoor furniture,Outdoor dining area,BBQ grill,Free parking on premises,Free street parking,EV charger",,false,7,Firm,5:00 PM,11:00 AM,true,false,ISK,140,0,true,19,5.0,5.0,5.0,5.0,5.0,5.0,5.0,25043.0,3186716.0,446.9,57155.2,0.145,0.803,66.3,8437.9,366.7,46664.0,6.9,6.6,53,299,312,365,0.0,0.0,444.9,56607.6,0.0,0.0,0.0,0.0,0.0,0.0,6.7,0.0,0,88,90,90
571221,Beautiful Bright TopFloor Apartment,"Bright and cozy top floor apartment with great views in 4 directions.<br /><br />10-15 min walk to downtown - we are right by Vesturbaejarlaug geothermal pool & sauna, Thai place, cafe & bakery and Reykjavik's most popular gourmet grocery store and ice cream place.<br /><br />Guest house permit # HG608 issued by the city of Reykjavik.<br /><br /><b>The space</b><br />The flat is quite open, 75m2 in size with hardwood floors. There is a kitchen with an adjacent dining room and a large living room with direct access to large south facing balconies.<br /><br />The flat sleeps 4 as described below:<br /><br />One master bedroom with doors that can be closed:<br />- 1 Cal King size bed for 2 people (183 x 213 cm / 72 x 84 in)<br />- See photos #11, #12 and #13<br /><br />We make a 2nd sleeping area with a room divider (in the Dining room):<br />- 1 proper new single bed for 1 person (90 x 200 cm / 35 x 80 in)<br />- See photo #18<br /><br />Next to it we can put 1 portable single bed for 1 person (the 4th person sleeping) (80 x 180 cm / 31 x 71 in). This bed is ok for shorter stays but not for long ones - See photo #19 and #20<br /><br />The flat is fully furnished and will be rented with all the necessary tools and equipment such as:<br /><br />- 4K smart TV with Netflix included<br />- Top of the line Harman Kardon stereo system<br />- Super fast fiber optic Wi-fi Internet connection<br />- Dishwasher & in-apartment washing machine<br />- Stove & induction cooker in one equipment<br />- Microwave<br />- Hairdryer (small)<br />- 1 large bike free of use<br /><br />Note: We have a lovely bathroom with a bathtub (see photo #17) but there is NO SHOWER, and it's not possible to fix the shower handle on the wall/window above.<br /><br />Also, 3 minutes walk away there is the geothermal pool which I use a lot and it's great for bathing and showering - entrance fee around €8 (2024), and if you buy 10 tickets, each entrance will be around €4. <br /><br />Also note that in Iceland the hot tap water may have some smell of sulfur, the locals don't notice this but sometimes tourists do and the reason is that almost all houses have geothermal hot water in the pipes.<br /><br />Plenty of FREE STREET PARKING right outside the house.<br /><br /><b>Guest access</b><br />Plenty of FREE STREET PARKING right outside the house.<br /><br />The public bus #15 stops right outside the house. Also if you are taking a guided tour by bus, all the buses do pickups and drop offs at the Reykjavik City Hall which is 10-15 minutes walk from our house.<br /><br /><b>Registration Details</b><br />HG608",Entire rental unit,entire_home,https://a0.muscache.com/im/pictures/miso/Hosting-571221/original/e8af2697-a343-4b62-8b6f-dea3624218b1.jpeg,50,"https://a0.muscache.com/im/pictures/miso/Hosting-571221/original/e8af2697-a343-4b62-8b6f-dea3624218b1.jpeg,https://a0.muscache.com/im/pictures/miso/Hosting-571221/original/fe627c62-33df-46d6-8226-fa6634bce6db.jpeg,https://a0.muscache.com/im/pictures/miso/Hosting-571221/original/96cb4bf6-6653-4c66-b8cd-25367fa21e9f.jpeg,https://a0.muscache.com/im/pictures/miso/Hosting-571221/original/0dcb9823-f0b7-4744-b72f-20c9f6635761.jpeg,https://a0.muscache.com/im/pictures/miso/Hosting-571221/original/d9a468ac-7bc0-4873-b40c-dad04bc0f07b.jpeg,https://a0.muscache.com/im/pictures/miso/Hosting-571221/original/256c342d-7cbb-4767-ae5d-bf95293a671f.jpeg,https://a0.muscache.com/im/pictures/miso/Hosting-571221/original/65ef4436-6bdc-4fb9-9898-ff47527e8f4c.jpeg,https://a0.muscache.com/im/pictures/miso/Hosting-571221/original/08afd334-9416-4d26-b685-d9cba739c53d.jpeg,https://a0.muscache.com/im/pictures/miso/Hosting-571221/original/69eff8d3-2202-4c66-9747-bc786152eae4.jpeg,https://a0.muscache.com/im/pictures/miso/Hosting-571221/original/0393d3d9-93bb-4210-a496-8ad19235493c.jpeg,https://a0.muscache.com/im/pictures/miso/Hosting-571221/original/d8b94d88-63c4-4b3c-8e8f-0af8fe90db8c.jpeg,https://a0.muscache.com/im/pictures/miso/Hosting-571221/original/bd8f30e9-4b32-4678-ae35-5524293704f5.jpeg,https://a0.muscache.com/im/pictures/miso/Hosting-571221/original/b0caf525-f284-4eea-abb8-34f39cae881c.jpeg,https://a0.muscache.com/im/pictures/miso/Hosting-571221/original/36b8f486-90f9-4333-b380-83e841891f5e.jpeg,https://a0.muscache.com/im/pictures/miso/Hosting-571221/original/a7f6cf57-a9ac-4f8d-8919-0310d7d15fc1.jpeg,https://a0.muscache.com/im/pictures/miso/Hosting-571221/original/6dcd9947-c3fe-40a5-ba35-eb85c800768a.jpeg,https://a0.muscache.com/im/pictures/miso/Hosting-571221/original/2f4093cf-1d2d-459c-ad57-12789489fa70.jpeg,https://a0.muscache.com/im/pictures/miso/Hosting-571221/original/8fce7ea7-f5c2-4207-9647-c8e42353301a.jpeg,https://a0.muscache.com/im/pictures/miso/Hosting-571221/original/284d61b2-a078-40d7-b8cd-8235f0baaea9.jpeg,https://a0.muscache.com/im/pictures/miso/Hosting-571221/original/dd47716d-e834-4435-9ea4-c9045bc508cf.jpeg,https://a0.muscache.com/im/pictures/7302097/ca3d7252_original.jpg,https://a0.muscache.com/im/pictures/7064212/9d8f5e68_original.jpg,https://a0.muscache.com/im/pictures/7063995/21d1ce0b_original.jpg,https://a0.muscache.com/im/pictures/7063984/011ef2a1_original.jpg,https://a0.muscache.com/im/pictures/miso/Hosting-571221/original/9e5e7d4f-6ae1-4dce-bd5f-e0cdddaec6ef.png,https://a0.muscache.com/im/pictures/miso/Hosting-571221/original/91c7ca9e-0774-4ec2-89e3-a545e8f33aba.jpeg,https://a0.muscache.com/im/pictures/7302509/1a366250_original.jpg,https://a0.muscache.com/im/pictures/7302463/1e552509_original.jpg,https://a0.muscache.com/im/pictures/7112216/c2cd3dd2_original.jpg,https://a0.muscache.com/im/pictures/7302050/d6d4c0db_original.jpg,https://a0.muscache.com/im/pictures/7302080/237d8914_original.jpg,https://a0.muscache.com/im/pictures/7302036/ef6ef590_original.jpg,https://a0.muscache.com/im/pictures/7206632/24218e36_original.jpg,https://a0.muscache.com/im/pictures/7206635/f619d683_original.jpg,https://a0.muscache.com/im/pictures/7206639/19e77613_original.jpg,https://a0.muscache.com/im/pictures/7206108/b4c081a2_original.jpg,https://a0.muscache.com/im/pictures/7206134/3fab56e9_original.jpg,https://a0.muscache.com/im/pictures/7206111/de0a4b92_original.jpg,https://a0.muscache.com/im/pictures/7206128/8cc35756_original.jpg,https://a0.muscache.com/im/pictures/7206142/2a32d3ac_original.jpg,https://a0.muscache.com/im/pictures/7206117/42a5d09a_original.jpg,https://a0.muscache.com/im/pictures/7206124/3182a08f_original.jpg,https://a0.muscache.com/im/pictures/7206077/87270ad0_original.jpg,https://a0.muscache.com/im/pictures/7206080/0f13da83_original.jpg,https://a0.muscache.com/im/pictures/7206092/6d52e70c_original.jpg,https://a0.muscache.com/im/pictures/7206086/f3107eb5_original.jpg,https://a0.muscache.com/im/pictures/7206089/2c2a85d9_original.jpg,https://a0.muscache.com/im/pictures/7206627/d682065c_original.jpg,https://a0.muscache.com/im/pictures/7206085/ca16f869_original.jpg,https://a0.muscache.com/im/pictures/miso/Hosting-571221/original/808efc79-6664-473d-8132-2082f619ad7f.jpeg",990699,Einar,"","",true,64.1440,-21.9590,4,1,3,1.0,true,"Gym,Bathtub,Hair dryer,Hot water,Washer,Essentials,Hangers,Bed linens,Extra pillows and blankets,Room-darkening shades,Iron,Drying rack for clothing,TV,Sound system,Pack ’n play/Travel crib,Heating,Heating,Smoke alarm,Fire extinguisher,First aid kit,Wifi,Kitchen,Refrigerator,Microwave,Cooking basics,Dishes and silverware,Freezer,Dishwasher,Stove,Oven,Hot water kettle,Coffee maker,Wine glasses,Toaster,Baking sheet,Dining table,Patio or balcony,Backyard,Bikes,Free parking on premises,Free street parking,Long term stays allowed",,false,12,Strict,2:00 PM,11:00 AM,true,false,ISK,104,5,true,180,4.71,4.8,4.9,4.7,5.0,4.8,4.6,43545.0,5542262.0,217.7,27848.3,0.49,0.734,114.5,14567.9,171.2,21792.1,12.3,9.9,179,121,186,365,5123.0,651896.0,127.7,16251.1,0.378,0.618,53.5,6802.2,87.5,11130.8,14.1,11.3,34,35,56,90
591042,"A private room in Reykjavik, Iceland","This is a comfortable private room in a great area of Reykjavik city. The apartment is located in a calm neighborhood about 20 min (or 1,3 km) from the city center by walking.<br />The room is bright with plenty of closet space. You´ll have full access to the kitchen, and bathroom and to a high speed wireless internet.<br /><br /><b>The space</b><br />This is a comfortable private room in a great area of Reykjavik city. The apartment is located in a calm neighborhood about 20 min (or 1,3 km) from the city center by walking.<br /><br />The room is bright with plenty of closet space. You´ll have full access to the kitchen, and bathroom and to a high speed wireless internet. <br />Double size bed that fits easily two persons.<br /><br />You can also find between walking distance all of the following: a typical Icelandic swimming pool (650m), 2 coffees shops (570-750m ) and 2 grocery stores as well.<br /><br />We’ll be sharing the bathroom and kitchen, but I don’t expect to be much in your way as I am pretty much all day at work. BTW, I´m from Colombia so I can also acommodate my guests in Spanish if preferable to them.<br />To reach my place the easiest way is take the “Flybus” from Keflavik airport. It’s a 24/7 bus service that leave from main door at the Airport and directly to Reykjavik Bus Station, which is called BSI.<br />From BSI, my apartment is only 4-5 minutes away by car and within 15-20 minutes walking distance.<br />Please feel free to email me for more information or with any questions about the place, the neighborhood, public transportation, etc. <br /><br />Cheers!<br />Rocio<br /><br /><b>Other things to note</b><br />Free parking space all around<br /><br /><b>Registration Details</b><br />HG-00006871",Private room in rental unit,private_room,https://a0.muscache.com/im/pictures/7546703/c4098e8d_original.jpg,12,"https://a0.muscache.com/im/pictures/7546703/c4098e8d_original.jpg,https://a0.muscache.com/im/pictures/7546525/06c9901f_original.jpg,https://a0.muscache.com/im/pictures/7546581/4e98d48e_original.jpg,https://a0.muscache.com/im/pictures/7383356/b27122fa_original.jpg,https://a0.muscache.com/im/pictures/7546670/c4c5b326_original.jpg,https://a0.muscache.com/im/pictures/7383804/89ec0c34_original.jpg,https://a0.muscache.com/im/pictures/7547035/eeca1841_original.jpg,https://a0.muscache.com/im/pictures/miso/Hosting-591042/original/e6ec988e-cae3-42ef-abc1-5a2853335eae.jpeg,https://a0.muscache.com/im/pictures/miso/Hosting-591042/original/fcceccaa-84b7-471c-b2b2-7a9495d71577.jpeg,https://a0.muscache.com/im/pictures/miso/Hosting-591042/original/52e2c585-384d-4f29-bb37-2e8ecc9f5267.jpeg,https://a0.muscache.com/im/pictures/7774293/d36d1d32_original.jpg,https://a0.muscache.com/im/pictures/7547054/e8c0ae00_original.jpg",2916112,Rocio,"","",true,64.1390,-21.9605,,,1,0.0,true,"Hair dryer,Shampoo,Hot water,Essentials,Hangers,Bed linens,Extra pillows and blankets,Iron,TV,Heating,Smoke alarm,Fire extinguisher,First aid kit,Wifi,Dedicated workspace,Kitchen,Refrigerator,Microwave,Cooking basics,Dishes and silverware,Dishwasher,Stove,Oven,Coffee maker,Private entrance,Backyard,Free parking on premises,Free street parking",,false,2,Flexible,2:00 PM,11:00 AM,true,false,ISK,0,0,true,379,4.96,5.0,5.0,5.0,5.0,4.8,4.9,22586.0,2886946.0,94.2,12046.0,0.663,0.663,61.9,7909.4,61.9,7909.4,2.0,4.7,242,0,123,365,5105.0,649606.0,95.6,12169.2,0.6,0.6,56.7,7217.8,56.7,7217.8,2.0,4.9,54,0,36,90
606029,Beautiful apartment close to Hallgrímskirkja,"The apartment is located down town, close to Hallgrímskirkja which is one of the biggest attractions in the area. Close is also a big park with an art museum and in a 5-15 min walk you can find coffee shops, bars and restaurants on the main shopping street. The area includes good places for activities, f.exp. the oldest Swimming Pool in Reykjavík, Öskjuhlíð , a hiking area and many more. It is also a short walk to a shopping center, Kringlan. You will experience local atmosphere in a quiet area.<br /><br /><b>The space</b><br />When you walk in to the apartment you can experience my personal style, which is colorful and inspiring. If you want to have a cosy night in front of the tv or host a dinner party with friends this apartment is perfect for that and it doesn't hurt that it only takes few minutes to walk to the next bar.  This is your home away from home. If minimal is your cup of tea, then this apartment is not for you.<br /><br /><b>Guest access</b><br />We have a garden and a parking space.<br /><br /><b>Other things to note</b><br />The appartment is very well located<br /><br /><b>Registration Details</b><br />HG-00005759",Entire rental unit,entire_home,https://a0.muscache.com/im/pictures/5b314ad1-2a03-4b8a-87d2-6b741c920e86.jpg,22,"https://a0.muscache.com/im/pictures/5b314ad1-2a03-4b8a-87d2-6b741c920e86.jpg,https://a0.muscache.com/im/pictures/fc8ebce3-5c6c-46ad-86bc-3f6bd4855a36.jpg,https://a0.muscache.com/im/pictures/00ec4e25-6fff-4194-9b82-3404cdbb2c9d.jpg,https://a0.muscache.com/im/pictures/d6aa911e-fe31-4b32-81f7-4cd97c5ca4e7.jpg,https://a0.muscache.com/im/pictures/591644f9-1b37-4380-8acb-5d99eb55ae90.jpg,https://a0.muscache.com/im/pictures/3b542760-0894-4549-b016-0b9f82116e04.jpg,https://a0.muscache.com/im/pictures/31621195-0567-4b8c-a597-cb41f29e99e3.jpg,https://a0.muscache.com/im/pictures/7c245b10-c1c4-40ef-8507-362da4d2b333.jpg,https://a0.muscache.com/im/pictures/517ddd9d-bdcc-4571-b05b-759fe9473c8f.jpg,https://a0.muscache.com/im/pictures/6e333dd4-7fbb-4b41-a935-45cf61f6cd82.jpg,https://a0.muscache.com/im/pictures/387d99d6-0b64-41bc-bfc0-1a94c9dec781.jpg,https://a0.muscache.com/im/pictures/5a5ccfa6-a8c9-445c-96c0-d870a764fa70.jpg,https://a0.muscache.com/im/pictures/2b5541e8-98b6-417d-9af5-e038a9f906d5.jpg,https://a0.muscache.com/im/pictures/e07cd80e-a4b4-4878-bed1-dde336fe71c7.jpg,https://a0.muscache.com/im/pictures/a548c766-a274-4ef1-b367-59b76397aafe.jpg,https://a0.muscache.com/im/pictures/971c2196-c18e-435c-9a23-fb75197dddf4.jpg,https://a0.muscache.com/im/pictures/8df0728a-013d-4c97-9605-b67b19e754c5.jpg,https://a0.muscache.com/im/pictures/d0a88c59-236e-4eeb-80df-f8fe9aed083b.jpg,https://a0.muscache.com/im/pictures/e6b38478-657e-41c3-a348-e36c73f04758.jpg,https://a0.muscache.com/im/pictures/8ecfef89-8225-421e-9af4-8ae93ddd015d.jpg,https://a0.muscache.com/im/pictures/93630836-6f9e-45f4-b8fa-a15f25d1507d.jpg,https://a0.muscache.com/im/pictures/ca635d9a-dc2d-4274-a573-98a3124899fc.jpg",3001618,Sara,"","",false,64.1389,-21.9201,5,3,3,1.0,true,"Hair dryer,Hot water,Washer,Dryer,Essentials,Hangers,Iron,TV,Children’s books and toys,High chair,Air conditioning,Heating,Smoke alarm,Fire extinguisher,Wifi,Kitchen,Refrigerator,Cooking basics,Dishes and silverware,Dishwasher,Stove,Oven,Coffee maker,Patio or balcony,Backyard,Free parking on premises,Free street parking,Luggage dropoff allowed",,false,2,Moderate,2:00 PM,11:00 AM,true,false,ISK,104,0,true,47,4.81,4.9,4.9,4.8,4.9,4.9,4.7,14470.0,1858971.0,468.8,59930.8,0.09,0.256,37.9,4875.5,107.3,13795.1,2.0,3.7,33,236,332,365,0.0,0.0,545.6,69428.9,0.0,0.0,0.0,0.0,0.0,0.0,2.0,0.0,0,90,90,90
642488,Private room 4 in the city center,"<b>The space</b><br />A charming private room, located in the heart of Reykjavik’s city center. The room is located in a quiet, family street but has still all the advantages of being in the center of Reykjavik’s culture and night life.<br />Only a 5 min. walk to the best restaurants, bars and the main shopping street, Laugarvegur. <br /><br />THE ROOM is one of four private rooms which have shared access to a bathroom, shower, kitchen and washing machine.<br />The room has been newly renovated and has a brand new single bed for one sleeping guest. <br /><br />The kitchen is fully applied with a stove, microwave, fridge and cooking appliances.<br /><br />Price:  $59/€44 per night.  $350 per week.<br />Check in at noon or after agreement<br />Please let me know at what time you will be arriving so that I am at home.",Private room in rental unit,private_room,https://a0.muscache.com/im/pictures/17397779/a547f3c5_original.jpg,26,"https://a0.muscache.com/im/pictures/17397779/a547f3c5_original.jpg,https://a0.muscache.com/im/pictures/17397775/663f17c4_original.jpg,https://a0.muscache.com/im/pictures/17397780/df5e53bf_original.jpg,https://a0.muscache.com/im/pictures/68964318/885722bb_original.jpg,https://a0.muscache.com/im/pictures/83183704/7d16f1d7_original.jpg,https://a0.muscache.com/im/pictures/83183698/55bb565b_original.jpg,https://a0.muscache.com/im/pictures/8286354/29c72a78_original.jpg,https://a0.muscache.com/im/pictures/8286371/ac441889_original.jpg,https://a0.muscache.com/im/pictures/93612171/d6478f27_original.jpg,https://a0.muscache.com/im/pictures/93612059/567bd56f_original.jpg,https://a0.muscache.com/im/pictures/93612106/ccc4f910_original.jpg,https://a0.muscache.com/im/pictures/17397784/c0acb765_original.jpg,https://a0.muscache.com/im/pictures/93612209/f573e762_original.jpg,https://a0.muscache.com/im/pictures/17397785/4e038c8b_original.jpg,https://a0.muscache.com/im/pictures/17397790/24fdd8a8_original.jpg,https://a0.muscache.com/im/pictures/17397793/d4f4432a_original.jpg,https://a0.muscache.com/im/pictures/93612225/94d0efe9_original.jpg,https://a0.muscache.com/im/pictures/93612232/03a7312e_original.jpg,https://a0.muscache.com/im/pictures/93612244/b7e43d75_original.jpg,https://a0.muscache.com/im/pictures/93612247/995b8fee_original.jpg,https://a0.muscache.com/im/pictures/93612253/a4914314_original.jpg,https://a0.muscache.com/im/pictures/93612257/f4411875_original.jpg,https://a0.muscache.com/im/pictures/68964385/7f52182b_original.jpg,https://a0.muscache.com/im/pictures/93612265/dc2fe430_original.jpg,https://a0.muscache.com/im/pictures/93612275/131cbb6b_original.jpg,https://a0.muscache.com/im/pictures/93612283/32ee1e4b_original.jpg",1232997,Laufey,"","",false,64.1389,-21.9366,,,1,0.0,false,"Shampoo,Washer,Dryer,TV,Air conditioning,Heating,Smoke alarm,Fire extinguisher,First aid kit,Wifi,Kitchen,Free parking on premises",,false,30,Firm,2:00 PM,11:00 AM,false,false,ISK,1530,,false,29,4.76,4.7,4.9,4.7,4.8,5.0,4.6,6939.0,902152.0,72.3,9253.1,0.227,0.806,19.0,2471.6,67.4,8758.8,30.0,20.8,83,262,282,365,0.0,0.0,57.1,7270.1,0.0,0.0,0.0,0.0,0.0,0.0,30.0,0.0,0,89,90,90
652619,B14 Superior Luxury Quadruple Room,,Private room in rental unit,private_room,https://a0.muscache.com/im/pictures/3468c2cc-f540-4d58-b315-971c86bb02ef.jpg,18,,2111523,⁨B14⁩,"","",false,64.1463,-21.9356,4,1,2,1.0,false,"Hair dryer,Shampoo,Hot water,Washer,Dryer,Essentials,Hangers,TV,Pack ’n play/Travel crib,High chair,Air conditioning,Heating,Smoke alarm,Carbon monoxide alarm,Fire extinguisher,Wifi,Kitchen,Private entrance,Luggage dropoff allowed",,false,1,Firm,,,,,ISK,34,0,true,55,4.53,4.4,4.5,4.6,4.5,4.8,4.5,16312.0,2081357.0,364.2,46541.0,0.112,0.129,43.6,5560.1,50.2,6402.0,1.0,2.7,41,48,324,365,4861.0,618559.0,318.9,40574.2,0.144,0.176,52.5,6680.6,63.9,8125.1,1.1,2.6,13,16,77,90
656981,Cosy apartment in 101 Reykjavík,"It is a nice little flat with private entrance downstairs in a beautiful house downtown Reykjavik.   We live upstairs.  The flat is only in a few minutes walking distance from the city centre and the old harbour where you will find nice restaurants, bars, museums, shops, art galleries and our landmark Concert Hall, Harpa.<br /><br /><b>The space</b><br />Cosy newly renovated apartment downtown Reykjavik in a beautiful old house.  It is in a five minutes walk from the main streets, restaurants, shops, museums and art galleries.  Harpa Concert Hall is only 2 min. away. The apartment is situated just by the old marina with spectacular view which overlooks the harbour and the mountain, Esja.<br />The apartment consists of private entrance and includes 1 bedroom, private living room with TV, wireless internet, large private bathroom with washing machine and dryer.  We have no kitchen but there is a small refrigerator, microwave, kettle, coffeemaker etc…<br /><br /><b>Guest access</b><br />You can park in the street but it is not free from 6pm<br />until 9am next day.  Free parking on Sundays.",Entire rental unit,entire_home,https://a0.muscache.com/im/pictures/17082614/fea5743b_original.jpg,33,"https://a0.muscache.com/im/pictures/17082614/fea5743b_original.jpg,https://a0.muscache.com/im/pictures/444611f8-4ac0-4041-96a2-a6d7cb5a1241.jpg,https://a0.muscache.com/im/pictures/f7b75622-0afd-4f13-869a-5eca848b97c5.jpg,https://a0.muscache.com/im/pictures/17082596/bc0f7cff_original.jpg,https://a0.muscache.com/im/pictures/17082628/fe7fa8ca_original.jpg,https://a0.muscache.com/im/pictures/6a8f989f-b92b-4e52-b37e-d1473a9d9b4b.jpg,https://a0.muscache.com/im/pictures/10380845/bf74a69d_original.jpg,https://a0.muscache.com/im/pictures/13468285/39143335_original.jpg,https://a0.muscache.com/im/pictures/17082687/1c75ee23_original.jpg,https://a0.muscache.com/im/pictures/17082676/5088a9d6_original.jpg,https://a0.muscache.com/im/pictures/17082722/1f658556_original.jpg,https://a0.muscache.com/im/pictures/13468454/0bcce724_original.jpg,https://a0.muscache.com/im/pictures/17082747/3953fd61_original.jpg,https://a0.muscache.com/im/pictures/b832b200-b013-4430-886d-69badace7d2b.jpg,https://a0.muscache.com/im/pictures/44acd86b-9c5d-4261-804f-07375ac16d14.jpg,https://a0.muscache.com/im/pictures/2290e83b-ecf2-469a-87e0-42753cb994f4.jpg,https://a0.muscache.com/im/pictures/17082763/e65ef46e_original.jpg,https://a0.muscache.com/im/pictures/13468693/cac661e5_original.jpg,https://a0.muscache.com/im/pictures/10380949/a58e1427_original.jpg,https://a0.muscache.com/im/pictures/13469548/a3120afb_original.jpg,https://a0.muscache.com/im/pictures/13469574/adea33c2_original.jpg,https://a0.muscache.com/im/pictures/13470800/9b1aeee5_original.jpg,https://a0.muscache.com/im/pictures/13470950/8b810a4e_original.jpg,https://a0.muscache.com/im/pictures/13470992/e531ea9e_original.jpg,https://a0.muscache.com/im/pictures/13471013/827f8233_original.jpg,https://a0.muscache.com/im/pictures/13471067/ebad1938_original.jpg,https://a0.muscache.com/im/pictures/13471097/d901b183_original.jpg,https://a0.muscache.com/im/pictures/13471237/3d2a48c4_original.jpg,https://a0.muscache.com/im/pictures/9fbf284d-ebc6-46a9-a6c1-2d6539906564.jpg,https://a0.muscache.com/im/pictures/803f4a82-37ea-42ee-a5f1-44ce6bc09be1.jpg,https://a0.muscache.com/im/pictures/hosting/Hosting-U3RheVN1cHBseUxpc3Rpbmc6NjU2OTgx/original/75804916-e70e-45ab-918a-800e8d6ea3dd.png,https://a0.muscache.com/im/pictures/hosting/Hosting-U3RheVN1cHBseUxpc3Rpbmc6NjU2OTgx/original/a15acee8-bf07-4518-b992-53abe68e4560.png,https://a0.muscache.com/im/pictures/hosting/Hosting-U3RheVN1cHBseUxpc3Rpbmc6NjU2OTgx/original/d8a47e8f-c65a-48d2-9e53-33aa2653684a.png",3310102,Thorhallur,"","",false,64.1509,-21.9481,2,1,1,1.0,false,"Kitchen,Hair dryer,Cleaning products,Shampoo,Hot water,Shower gel,Washer,Dryer,Essentials,Hangers,Bed linens,Extra pillows and blankets,Room-darkening shades,Iron,TV,Books and reading material,Heating,Smoke alarm,Carbon monoxide alarm,Fire extinguisher,First aid kit,Wifi,Dedicated workspace,Refrigerator,Microwave,Dishes and silverware,Mini fridge,Coffee maker,Wine glasses,Toaster,Trash compactor,Private entrance,Patio or balcony,Backyard,Single level home",,false,3,Flexible,12:00 PM,11:00 AM,true,false,ISK,70,0,true,491,4.95,5.0,5.0,5.0,5.0,5.0,4.9,31274.0,4009221.0,146.3,18703.8,0.567,0.859,78.8,10105.7,119.3,15305.3,3.0,3.1,207,124,158,365,0.0,0.0,159.2,20253.8,0.0,0.0,0.0,0.0,0.0,0.0,3.0,0.0,0,86,90,90
669424,A 'Church' in the heart of town,"A beautiful private house by a quiet street, right in the middle of Reykjavík. Various bedrooms, single beds, double beds and an idyllic garden.<br /><br /><b>The space</b><br />This beautifully restored house is in a quiet street, right in the centre of Reykjavík! It is designed in 1925 by a church builder - and is known as the 'Church', although it never served as such. <br /><br />The house accommodates six people, ideally a couple with children, but there is easily room for more people. The house is 120m2, on two floors. The kitchen is on the ground floor and so is the living room - directly connected to the very sunny and beautiful garden. There is one bedroom on the ground floor. On the first floor is a bedroom with a big double bed, two children's bedrooms and a spacious bright bathroom. And there is room for two people to sleep in the attic. <br /><br />The main shopping streets are literally just around the corner - with a great variety of cafés, restaurants, galleries, museums etc. in the neighbourhood. The main bus terminal and a swimming pool are less than a 10 minutes walk - and the well known Reykjavik landmark, the church Hallgrímskirkja, can be seen from the living room window. <br /><br />Linen, towels, hair dryer, iron and other features are in place. There is a washing machine, free of charge Wi-Fi Intenet connection.... - and very important; a parking space. <br /><br />I would love to inform you all I know about the city and the country, about the people and the culture - I travel quite a lot around Iceland, so hopefully I could be of some help.<br /><br /><b>Guest access</b><br />The guests have access to the whole house, the garden and the washing room. Occasionally I stay in a small building, overlooking the same garden - connected by the washing room. That building has a separate entrance.<br /><br /><b>Other things to note</b><br />Licence registration number: HG-00002496<br /><br /><b>Registration Details</b><br />HG-00002496",Entire home,entire_home,https://a0.muscache.com/im/pictures/9298464/7970a996_original.jpg,35,"https://a0.muscache.com/im/pictures/9298464/7970a996_original.jpg,https://a0.muscache.com/im/pictures/9298474/020b440a_original.jpg,https://a0.muscache.com/im/pictures/9298451/6dcbaa10_original.jpg,https://a0.muscache.com/im/pictures/9298429/15d1de18_original.jpg,https://a0.muscache.com/im/pictures/9298422/90472d8c_original.jpg,https://a0.muscache.com/im/pictures/9298394/7ad01503_original.jpg,https://a0.muscache.com/im/pictures/9298404/4ac6c30b_original.jpg,https://a0.muscache.com/im/pictures/9298379/0e2f85b3_original.jpg,https://a0.muscache.com/im/pictures/9298334/c2ef1ee1_original.jpg,https://a0.muscache.com/im/pictures/9298371/e0d9eb5a_original.jpg,https://a0.muscache.com/im/pictures/9298351/85c08f65_original.jpg,https://a0.muscache.com/im/pictures/9298314/75dc1fc2_original.jpg,https://a0.muscache.com/im/pictures/9298026/31886365_original.jpg,https://a0.muscache.com/im/pictures/9298123/9c6ef9de_original.jpg,https://a0.muscache.com/im/pictures/9298079/c740c162_original.jpg,https://a0.muscache.com/im/pictures/9298143/21493415_original.jpg,https://a0.muscache.com/im/pictures/9298262/27181306_original.jpg,https://a0.muscache.com/im/pictures/9298225/084a52bb_original.jpg,https://a0.muscache.com/im/pictures/9298240/31580c4a_original.jpg,https://a0.muscache.com/im/pictures/9298203/a078d02c_original.jpg,https://a0.muscache.com/im/pictures/9298173/630e9a6c_original.jpg,https://a0.muscache.com/im/pictures/9298273/32233950_original.jpg,https://a0.muscache.com/im/pictures/9298296/ea6955b9_original.jpg,https://a0.muscache.com/im/pictures/9298288/8509eae7_original.jpg,https://a0.muscache.com/im/pictures/9297978/8910da33_original.jpg,https://a0.muscache.com/im/pictures/9297865/9a633d43_original.jpg,https://a0.muscache.com/im/pictures/9297967/f1510841_original.jpg,https://a0.muscache.com/im/pictures/9298492/fb394143_original.jpg,https://a0.muscache.com/im/pictures/9298506/b033701c_original.jpg,https://a0.muscache.com/im/pictures/9297848/e5280f26_original.jpg,https://a0.muscache.com/im/pictures/9297830/29e24579_original.jpg,https://a0.muscache.com/im/pictures/9297734/7ceafbdb_original.jpg,https://a0.muscache.com/im/pictures/9297776/86824ab9_original.jpg,https://a0.muscache.com/im/pictures/9297801/3b72f510_original.jpg,https://a0.muscache.com/im/pictures/9297745/079c9b7a_original.jpg",3389619,Óskar,"","",false,64.1441,-21.9266,6,4,4,1.5,true,"Hair dryer,Washer,Dryer,Essentials,Bed linens,TV,Heating,Smoke alarm,Fire extinguisher,Wifi,Kitchen,Private entrance,Free parking on premises,Pets allowed",,false,5,Moderate,3:00 PM,11:00 AM,true,false,ISK,58,0,true,148,4.89,4.8,4.9,4.7,5.0,5.0,4.8,14541.0,1857439.0,505.9,64651.0,0.085,0.18,39.0,4987.8,82.9,10584.5,5.0,6.2,31,193,334,365,1213.0,154353.0,593.9,75572.2,0.022,0.025,12.8,1633.0,14.6,1860.4,5.0,2.0,2,11,88,90
684727,Big Apartment - Central in city,"✨ Bright & Spacious 100 m² Apartment in Central Reykjavik <br />Modern, open, and light-filled apartment w. beutiful paintings. <br /><br />✅ Airy and comfortable<br />✅  Close to Reykjavik’s main geothermal pool, a beautiful park, hotels, and bus pickup points for excursions<br />✅ Free parking<br />✅ Very High-speed Wi-Fi  <br />✅ Free 260 p. visitor’s guidebook<br />✅ 8-page welcome info pack sent before arrival – packed with tips on tours, savings, local info, and apartment details.<br />✅ Very experienced host  <br /><br />License: HG-00000708<br /><br /><b>The space</b><br />A bright and open apartment / house. <br />First floor, in a 3 apartment house.<br /><br /> Central in the city in Sigtún, 105 Reykjavik - very close to GRAND and HILTON hotels. <br />There the FLY BUS stops and you can leave for excursions.<br /><br />Beutiful paintings and art in the apartment, book to read and all you need for a home away from home :).<br /><br />My apartment is for rent if / when I the owner am away abroad or traveling in Iceland mainly summer time, but also sometimes jan to March.<br /><br />HERE ARE SOME REVIEWS from guests staying either in a room here along with me or in the whole apartment.<br />https://www.airbnb.is/rooms/867299<br /><br />The flat has 2 Bedrooms with one bed 180 cm in the bigger room <br /> - and one bed 140 cm queen in the smaller room.  <br /><br />- Also an extra office room with my computer etc., where it is possible also to have a good mattress for sleeping.<br /><br />A big living room and a adjoining brand nice new Kitchen. The Bathroom is rather small with a good shower, bath and a washing machine and a drier. (I have a small studio downstairs with a great shower, this can be used if available).<br /><br />It is 25 minutes walk from Reykjavik City Center, along the see, and in a neighborhood which is among the three most popular by Icelanders in the city. <br />-The biggest green park in Reykjavik and the Botanic garden is three minutes away. Also very close by are many restaurants. <br /><br />The FLY bus stops at Grand hotel three minutes from my home. There you can also leave for Excursions and buy some as well.  <br /><br />Local bus to all directions stop is three minutes from the house.   <br /><br />Host around 50 years old, living alone, but have a 20 year old daughter also sometimes here mainly weekends.<br /><br />The most popular thermal swimming pool, a green park, restaurants among else at the nearby hotels, and more, all within 400 meter radius. <br /><br />NB!!<br />Some very good practical information concerning how it is best and most economical to get from the airport and concerning the Blue Lagoon and more, further below in this text market as PPPP.<br /> <br />Information:<br />You will get from me a Free very comprehensive VISITOR'S GUIDE book. <br />The book has a lot of information and articles for example about the Northern Lights, the Icelandic horse, the Blue Lagoon, Golden Circle and more. Also good maps of Reykjavik and Iceland as well as discount Coupons valid at restaurants, whale watching, tours and more. The book is also at the site Visitors guide dot and is.<br /><br />Includes:<br />All necessities like towel, shampoo and more.<br /><br />Kitchen: <br />A dish washing machine, stove, oven, fridge, microwave ..<br /><br />Living rooms:<br />A 55 inch TV, DVD and a massage chair, good stereos. A good heating system in the flat.<br /><br />More:<br />This home should make you feel better .... than at home:) <br /><br />Speaks fluent English also good in all Scandinavian languages and German. Has traveled all over Iceland and to 67 foreign countries, most recently to south east Asia and Middle East, have written travel stories about the trips.   <br /><br />NB: I work among else in tourism and have a lot of knowledge of what do to, where and at a good price.  Often able to get car rental (mainly off season), some tours and more at better prices.<br />  <br />PPPP<br />Coming from the airport<br />If you are coming with the fly-bus from the airport the (fare arr. ISK 5000 Iceland Excursion usually a little cheaper than Reykjavik Excursion). It is best to take the Fly-bus to Grand Hotel which is like 3 minutes from my house (300 meters).<br /><br />You could ask someone at the hotel for direction to my home if you don’t see it in the map in the Visitor’s Guide book, the home is towards east and the park.<br /><br />Some Practical info:<br />Blue Lagoon is very popular with tourists and has become like a must to do. I do though recommend the thermal swimming pools comparatively more, not least as their entrance fee is like 10 times less and also a better way to meet the locals. The one closest to my home around 5 minutes walking, I sometimes try to take my guest one time to the thermal pools.<br /><br />The best way for the Blue Lagoon especially for those who are not so long time in Iceland is with the company netbus  dot is  they usually have the best online prices or arr. 7000 ISK for transfer and entrance fee.<br /><br />a) From the airport (coming) do; the airport – Blue Lagoon – Reykjavik first tour around 9 am.<br />b) From Reykjavik (leaving) to the airport that is leaving back home, via Blue Lagoon only though if your flight is in the afternoon (leaving the Blue Lagoon at 12.30 or 14.00 to the airport). This is also possible with the companies Reykjavik and Iceland excursion but their prices are a bit higher but they have more frequent departures.<br /><br />NB:<br />Never buy water in Iceland in shops or restaurants, the water from the tab is great!<br /><br /><b>Guest access</b><br />Access to everything for the guests.<br /><br /><b>Other things to note</b><br />- Airbnb hosts should have a license as you can see in the number presented. They can also host only for 90 days pr. year. That's why I am a little picky to choose good people staying in my home.<br /><br />A big padio in front of the house, with chairs and sofa. <br />Two other apartment in the house but those individuals are often away.<br /><br />There are three bedrooms, one I use as an office, but can also be slept in in a simple bed. Not a door there but a curtain for closing if needed.<br /><br />The two bedrooms  have very good curtains with „Night blocking“ so it is dark in the summer nights. <br /><br />If needed I could arrange maybe another room in same house w. a private bathroom a nice one for a little extra fee 😊",Entire rental unit,entire_home,https://a0.muscache.com/im/pictures/miso/Hosting-684727/original/dd9349aa-4a50-4b50-b480-0339f846a2b7.jpeg,16,"https://a0.muscache.com/im/pictures/miso/Hosting-684727/original/dd9349aa-4a50-4b50-b480-0339f846a2b7.jpeg,https://a0.muscache.com/im/pictures/miso/Hosting-684727/original/1b9d3e11-debe-42fd-9a39-8c155d25c047.jpeg,https://a0.muscache.com/im/pictures/miso/Hosting-684727/original/bf39dd13-37b0-4c3d-96dd-382d24762bba.jpeg,https://a0.muscache.com/im/pictures/24269166/10e55c2d_original.jpg,https://a0.muscache.com/im/pictures/miso/Hosting-684727/original/b75147df-f6da-413d-8fe6-61a6232e0c63.png,https://a0.muscache.com/im/pictures/42c5a866-d813-4df4-b8c9-a2d57c1177b8.jpg,https://a0.muscache.com/im/pictures/miso/Hosting-684727/original/45e1dbdb-11b2-4741-9230-78b764982cf7.jpeg,https://a0.muscache.com/im/pictures/24269161/48e75133_original.jpg,https://a0.muscache.com/im/pictures/24269151/65bb7253_original.jpg,https://a0.muscache.com/im/pictures/24269154/e0e3feaf_original.jpg,https://a0.muscache.com/im/pictures/24269158/24549b08_original.jpg,https://a0.muscache.com/im/pictures/24269168/a6d2fc61_original.jpg,https://a0.muscache.com/im/pictures/18750cc0-57c1-4761-ab2b-8619365a02ab.jpg,https://a0.muscache.com/im/pictures/hosting/Hosting-684727/original/d3a1a0f5-8137-45ad-a678-6e38392e5381.jpeg,https://a0.muscache.com/im/pictures/hosting/Hosting-684727/original/7bae689d-538d-4214-85dc-bb0dfe5ac3b0.jpeg,https://a0.muscache.com/im/pictures/hosting/Hosting-684727/original/6f654d28-1e09-4bb7-860f-19f4f8d6a613.jpeg",1395613,Hakon Thor,"","",false,64.1413,-21.8887,5,3,2,1.5,false,"Bathtub,Hair dryer,Cleaning products,Shampoo,Conditioner,Body soap,Hot water,Shower gel,Washer,Dryer,Essentials,Hangers,Bed linens,Extra pillows and blankets,Room-darkening shades,Iron,Clothing storage,Ethernet connection,TV,Sound system,Exercise equipment,Arcade games,Books and reading material,Children’s books and toys,High chair,Air conditioning,Heating,Smoke alarm,Carbon monoxide alarm,Fire extinguisher,First aid kit,Wifi,Dedicated workspace,Kitchen,Refrigerator,Microwave,Cooking basics,Dishes and silverware,Mini fridge,Freezer,Dishwasher,Stove,Oven,Hot water kettle,Coffee maker,Wine glasses,Toaster,Baking sheet,Blender,Trash compactor,Barbecue utensils,Dining table,Coffee,Patio or balcony,Backyard,Outdoor furniture,Outdoor dining area,BBQ grill,Free parking on premises,Free street parking,Pool,Hot tub,Single level home,Pets allowed,Luggage dropoff allowed,Long term stays allowed,Cleaning before checkout",,false,5,Strict,,5:00 PM,false,false,ISK,134,0,true,15,4.67,4.7,4.7,4.4,4.9,4.7,4.9,9765.0,1242584.0,195.5,24997.0,0.14,0.202,25.3,3217.5,36.6,4660.2,5.0,8.5,51,113,314,365,847.0,107780.0,215.6,27439.3,0.033,0.073,7.9,1008.1,17.4,2212.9,5.0,1.5,3,49,87,90
725302,Cozy Studio apt. in City Center,,Entire rental unit,entire_home,https://a0.muscache.com/im/pictures/9856998/25ce1ec2_original.jpg,13,,3749186,Sarah,"","",true,64.1438,-21.9349,2,1,1,1.0,false,"Blender,Wifi,Kitchen,Hot water kettle,Paid parking off premises,Books and reading material,Hot water,Body soap,Conditioner,Mini fridge,Bed linens,Extra pillows and blankets,Laundromat nearby,Microwave,Cleaning products,Coffee maker,Refrigerator,Dishes and silverware,Heating,Cooking basics,Oven,Paid parking on premises,Coffee,Clothing storage,Stove,Wine glasses,Smoke alarm,Shower gel,Carbon monoxide alarm,Fire extinguisher,Essentials,Long term stays allowed,Shampoo,Hangers,Hair dryer,Baking sheet,Private entrance,Toaster",,false,3,Strict,,,,,ISK,0,17,,613,4.74,4.8,4.9,4.8,4.9,4.9,4.7,17953.0,2297313.0,101.5,12977.7,0.49,0.526,49.2,6294.0,52.8,6756.8,3.0,4.0,179,25,186,365,1336.0,170006.0,104.1,13242.4,0.144,0.183,14.8,1889.0,18.8,2394.5,3.0,3.3,13,19,77,90
757161,Nice apartment close to city center and the ocean,,Entire rental unit,entire_home,https://a0.muscache.com/im/pictures/miso/Hosting-757161/original/706c1e7f-7d72-433d-ac20-0c054eb40180.jpeg,15,,3987288,Sesselja,"","",false,64.1322,-21.9532,4,2,2,1.0,false,"Smoke alarm,Wifi,First aid kit,Fire extinguisher,Kitchen,Essentials,Free parking on premises,Shampoo,Hangers,Hot water,Bed linens,Refrigerator,Drying rack for clothing,Heating",,false,1,Strict,,,,,ISK,57,0,,56,4.77,4.9,5.0,4.9,4.9,4.5,4.8,9781.0,1244625.0,161.5,20659.7,0.145,0.178,24.6,3131.7,30.1,3835.8,1.0,2.5,53,67,312,365,0.0,0.0,149.1,18975.7,0.0,0.0,0.0,0.0,0.0,0.0,1.0,0.0,0,0,90,90
779549,2 room flat 101 Reykjavík central,,Entire condo,entire_home,https://a0.muscache.com/im/pictures/55874892/6c2333bc_original.jpg,7,,1499712,Gudrún,"","",false,64.1506,-21.9473,2,1,1,1.0,false,"Kitchen,Hot water kettle,Hot water,Bed linens,Extra pillows and blankets,Cleaning products,Refrigerator,Dishes and silverware,Heating,Cooking basics,Oven,Coffee,Clothing storage,Stove,Washer,Smoke alarm,Carbon monoxide alarm,Fire extinguisher,Hangers,Dining table,Hair dryer,Freezer,Private entrance,Toaster",,false,3,Firm,,,,,ISK,0,0,,353,4.7,4.8,4.9,4.8,4.8,4.9,4.7,10252.0,1307950.0,152.7,19574.1,0.192,0.22,28.1,3583.4,32.2,4113.1,2.7,9.5,70,47,295,365,0.0,0.0,0.0,0.0,0.0,0.0,0.0,0.0,0.0,0.0,2.2,0.0,0,0,90,90
846186,Most beautiful in the city center,"Write a summary in 250 characters or less<br /><br /><b>The space</b><br />33 square meter apartment in the basement of Skólavörðustíg in a beautiful new renovated old corrugated iron building. All the one bedroom with king size bed, travel locally if needed the apartment waiting accommodation for two, not units. Kitchen and living room in the same room and bathroom, separate inngangur.Örstutt Hallgrímskirkja, internet included, immersed port in Harpa Concert Hall. Swimming hall conveniently, great swimming pool with hot tubs, Pearl 1200 m, short on Laugavegur there are major shops. Many restaurant in my grend as example Three French.",Entire rental unit,entire_home,https://a0.muscache.com/im/pictures/12410960/d2b8a9b7_original.jpg,62,"https://a0.muscache.com/im/pictures/12410960/d2b8a9b7_original.jpg,https://a0.muscache.com/im/pictures/d07bba32-2c7c-40c8-81cd-2b67aac86920.jpg,https://a0.muscache.com/im/pictures/427cc6ec-d60f-430d-b52c-ae0593f32dd8.jpg,https://a0.muscache.com/im/pictures/12241632/3f8bade2_original.jpg,https://a0.muscache.com/im/pictures/12410955/136917ce_original.jpg,https://a0.muscache.com/im/pictures/12241849/90e7e597_original.jpg,https://a0.muscache.com/im/pictures/12410928/24617a93_original.jpg,https://a0.muscache.com/im/pictures/0e297b1f-260d-447b-b47c-8fd68564ec7d.jpg,https://a0.muscache.com/im/pictures/f989fa80-3c45-4228-977c-eade9d3b3f1a.jpg,https://a0.muscache.com/im/pictures/3663c1d3-6038-4834-9f2a-145e0b060920.jpg,https://a0.muscache.com/im/pictures/5ca276af-de31-4c13-8266-bbed4a8c9ecf.jpg,https://a0.muscache.com/im/pictures/356b50b1-09b9-401f-bbee-5a679cad14ca.jpg,https://a0.muscache.com/im/pictures/bb0fbd33-456c-4b43-ba76-71642798d78e.jpg,https://a0.muscache.com/im/pictures/cdd54943-3a80-4847-a860-decdeb0223b8.jpg,https://a0.muscache.com/im/pictures/aff598f6-816e-4a48-bdcc-7cb4ba48cc78.jpg,https://a0.muscache.com/im/pictures/1e9a006b-0071-4412-a5a3-27e0a97f2056.jpg,https://a0.muscache.com/im/pictures/98f18414-5231-43f2-ab02-61fd8c36fbeb.jpg,https://a0.muscache.com/im/pictures/9050e776-d568-467b-8147-fb780a94171e.jpg,https://a0.muscache.com/im/pictures/d4621606-e630-4abe-8606-c003d0d9ef9e.jpg,https://a0.muscache.com/im/pictures/bd998090-784b-4303-b4f1-2a5d6f43e4d1.jpg,https://a0.muscache.com/im/pictures/9a54a172-5120-4195-9cd7-e5b44ee27f46.jpg,https://a0.muscache.com/im/pictures/4f7855e4-9ab9-46d1-bb85-e12436156c14.jpg,https://a0.muscache.com/im/pictures/3a9806f6-8818-4151-a0d2-a306d73f8a30.jpg,https://a0.muscache.com/im/pictures/09d89b3a-1c09-457b-86ee-dcb60f23fdd1.jpg,https://a0.muscache.com/im/pictures/d16aaea5-ca4b-46c9-86cf-77a9211e0245.jpg,https://a0.muscache.com/im/pictures/c6056291-95c8-48eb-8632-7b60be3a0b9c.jpg,https://a0.muscache.com/im/pictures/eaf17782-84ec-49ae-9d84-33a88512ed0a.jpg,https://a0.muscache.com/im/pictures/313b4df6-73d2-4c06-b89d-1b0c9f33cb6b.jpg,https://a0.muscache.com/im/pictures/364ef77d-4067-446e-b73e-16490a7c6210.jpg,https://a0.muscache.com/im/pictures/28cf2fae-897b-4ad4-aae0-2402abf1077a.jpg,https://a0.muscache.com/im/pictures/aa838771-3b46-4cac-ba34-ad9c9d914031.jpg,https://a0.muscache.com/im/pictures/33298502-0977-49a5-b922-739741778a88.jpg,https://a0.muscache.com/im/pictures/fdcd299e-0110-407d-9370-78c4b7d2f342.jpg,https://a0.muscache.com/im/pictures/4df4bdcb-a664-4444-82ee-4fd1ad955548.jpg,https://a0.muscache.com/im/pictures/9eec2ddb-f792-427d-82a6-f18873906423.jpg,https://a0.muscache.com/im/pictures/63915de8-1c57-42eb-b3a9-e66583cb60bd.jpg,https://a0.muscache.com/im/pictures/7787cafa-6f7f-444a-a9d9-9b7bec90496f.jpg,https://a0.muscache.com/im/pictures/b68a9b66-074c-43bb-984d-45412a618b2a.jpg,https://a0.muscache.com/im/pictures/f5ce9e19-745c-4b3a-8c72-15458fc19d51.jpg,https://a0.muscache.com/im/pictures/5ce2e43b-43ec-462b-a9b4-cf167ee08573.jpg,https://a0.muscache.com/im/pictures/f24d1170-9030-4590-8661-ec159401868c.jpg,https://a0.muscache.com/im/pictures/hosting/Hosting-U3RheVN1cHBseUxpc3Rpbmc6ODQ2MTg2/original/53fcdb02-8d1a-4255-8d4d-390f7207c4cb.jpeg,https://a0.muscache.com/im/pictures/hosting/Hosting-U3RheVN1cHBseUxpc3Rpbmc6ODQ2MTg2/original/eb58256d-da36-4e4d-bc0d-ab3e0f51e68d.jpeg,https://a0.muscache.com/im/pictures/hosting/Hosting-U3RheVN1cHBseUxpc3Rpbmc6ODQ2MTg2/original/f3dac54b-08c9-4963-9e6d-d1ff74fb8b54.jpeg,https://a0.muscache.com/im/pictures/hosting/Hosting-U3RheVN1cHBseUxpc3Rpbmc6ODQ2MTg2/original/a2cc8e56-9371-4291-ad3e-4a4dbd9caeb9.jpeg,https://a0.muscache.com/im/pictures/hosting/Hosting-U3RheVN1cHBseUxpc3Rpbmc6ODQ2MTg2/original/4380da9c-3652-49c4-a04c-3f6c26809bbe.jpeg,https://a0.muscache.com/im/pictures/hosting/Hosting-U3RheVN1cHBseUxpc3Rpbmc6ODQ2MTg2/original/2948dab9-77d8-4652-a09d-c17553731050.jpeg,https://a0.muscache.com/im/pictures/hosting/Hosting-U3RheVN1cHBseUxpc3Rpbmc6ODQ2MTg2/original/70c708d4-e470-486a-adf4-bf19eb488f42.jpeg,https://a0.muscache.com/im/pictures/hosting/Hosting-U3RheVN1cHBseUxpc3Rpbmc6ODQ2MTg2/original/38567693-9664-4e76-85c5-f2e5198a736b.jpeg,https://a0.muscache.com/im/pictures/hosting/Hosting-U3RheVN1cHBseUxpc3Rpbmc6ODQ2MTg2/original/4041ceb2-fd38-4330-8282-1a05b7277da5.jpeg,https://a0.muscache.com/im/pictures/hosting/Hosting-U3RheVN1cHBseUxpc3Rpbmc6ODQ2MTg2/original/c9ba8bc8-c365-438e-93e8-213fb9e39b9a.jpeg,https://a0.muscache.com/im/pictures/hosting/Hosting-U3RheVN1cHBseUxpc3Rpbmc6ODQ2MTg2/original/376734af-9f7e-4076-ac70-8ae0e210c080.jpeg,https://a0.muscache.com/im/pictures/hosting/Hosting-U3RheVN1cHBseUxpc3Rpbmc6ODQ2MTg2/original/c74b4761-4901-4f1c-b5e5-ca2a9bef6280.jpeg,https://a0.muscache.com/im/pictures/hosting/Hosting-U3RheVN1cHBseUxpc3Rpbmc6ODQ2MTg2/original/a7acebcf-cce9-4133-bdbc-20b398fe57bb.jpeg,https://a0.muscache.com/im/pictures/hosting/Hosting-U3RheVN1cHBseUxpc3Rpbmc6ODQ2MTg2/original/336911bc-1ef5-42b0-a2b2-eebc85b7cfc3.jpeg,https://a0.muscache.com/im/pictures/hosting/Hosting-U3RheVN1cHBseUxpc3Rpbmc6ODQ2MTg2/original/5998e613-0437-4075-b9dd-0c1e524aecce.jpeg,https://a0.muscache.com/im/pictures/hosting/Hosting-U3RheVN1cHBseUxpc3Rpbmc6ODQ2MTg2/original/7ee40924-b773-4e8a-aff4-009575f37566.jpeg,https://a0.muscache.com/im/pictures/hosting/Hosting-U3RheVN1cHBseUxpc3Rpbmc6ODQ2MTg2/original/2be36551-8e05-48f2-ba0d-2fe3efe379fe.jpeg,https://a0.muscache.com/im/pictures/hosting/Hosting-U3RheVN1cHBseUxpc3Rpbmc6ODQ2MTg2/original/d0561efe-5c7a-4928-ae36-36af67272a3c.jpeg,https://a0.muscache.com/im/pictures/hosting/Hosting-U3RheVN1cHBseUxpc3Rpbmc6ODQ2MTg2/original/478ec2c9-358e-442d-b6da-4251abb5356f.jpeg,https://a0.muscache.com/im/pictures/hosting/Hosting-U3RheVN1cHBseUxpc3Rpbmc6ODQ2MTg2/original/a82bf90a-2465-4ff6-9d8d-1c871cbba782.jpeg,https://a0.muscache.com/im/pictures/hosting/Hosting-U3RheVN1cHBseUxpc3Rpbmc6ODQ2MTg2/original/ed16f525-5f99-475e-8b6b-8c63f842e155.jpeg",4418319,Guðbjörg Lilja Pétursdóttir,"","",true,64.1418,-21.9291,2,1,2,1.5,false,"Hair dryer,Cleaning products,Shampoo,Conditioner,Body soap,Hot water,Washer,Hangers,Bed linens,Extra pillows and blankets,Room-darkening shades,Iron,Drying rack for clothing,Clothing storage,Ethernet connection,TV,Books and reading material,Air conditioning,Ceiling fan,Heating,Smoke alarm,Fire extinguisher,First aid kit,Wifi,Kitchen,Microwave,Cooking basics,Dishes and silverware,Mini fridge,Stove,Hot water kettle,Coffee maker,Wine glasses,Toaster,Beach access,Private entrance,Backyard,Outdoor furniture,Paid parking off premises,Single level home,Long term stays allowed",,false,8,Firm,2:00 PM,12:00 PM,true,false,ISK,116,0,true,368,4.87,4.9,4.9,4.9,4.8,5.0,4.8,23106.0,2944073.0,135.2,17279.5,0.422,0.49,56.6,7216.7,65.8,8388.8,7.7,6.7,154,51,211,365,0.0,0.0,137.2,17460.0,0.0,0.0,0.0,0.0,0.0,0.0,18.3,0.0,0,51,90,90
863552,Two bedroom centre apartment with balcony and view,"Nest Apartments are perfectly located apartments in the center of Reykjavik. The house has 4 apartments, one on each floor with different combinations of rooms.<br />The second floor apartment has two bedrooms both with king size beds.<br />These apartments are fully licenced for short term leasing.<br /><br /><b>The space</b><br />Private balcony with town and mountain view. Nest 2nd floor apartment is a beautifully furnished apartment with two bedrooms that sleeps 4 adults. It is perfectly located in a quiet residential area in the centre of Reykjavik. There is only a 3 min. walk to the main shopping street. <br />Main attractions, swimming pool, restaurants, bars, shops are close by.<br />The apartment is 67 sqm and fully equipped, both bedrooms have double beds, bathroom with shower, living room with leather sofa, TV with Netflix account, DVD, books and DVD library. Fully equipped kitchen with dishwasher, microwave, Nespresso coffee maker and all you need to prepere meals. You have access to garden with furniture at the back of the house.<br /><br />The airport is located a 45 minutes drive from the city centre and is serviced conveniently and regularly by the Flybus.<br />The bus from Keflavik airport stops at bus stop 8, Hallgrimskirkja.within 5  minutewalk from the apartment.<br /><br /><b>Guest access</b><br />The apartment is entirely for your use only.<br /><br /><b>Other things to note</b><br />In the laundry room on ground floor we have a washer/dryer for use for the guests in the four apartments.",Entire rental unit,entire_home,https://a0.muscache.com/im/pictures/f5e093ae-c053-4e47-a09b-4e3de3c434f9.jpg,14,"https://a0.muscache.com/im/pictures/f5e093ae-c053-4e47-a09b-4e3de3c434f9.jpg,https://a0.muscache.com/im/pictures/d92bc8e6-d554-423c-8bbd-3a001556ba4f.jpg,https://a0.muscache.com/im/pictures/817c85c3-fdc1-4d34-be5a-6445d5500fba.jpg,https://a0.muscache.com/im/pictures/12388926/d2bb7d12_original.jpg,https://a0.muscache.com/im/pictures/12389086/aa5f6f37_original.jpg,https://a0.muscache.com/im/pictures/12389037/ec2ca847_original.jpg,https://a0.muscache.com/im/pictures/12389062/efd4e10b_original.jpg,https://a0.muscache.com/im/pictures/12389128/498414d7_original.jpg,https://a0.muscache.com/im/pictures/345095b0-35a1-497f-82dc-39ef1d7bce9c.jpg,https://a0.muscache.com/im/pictures/1e9beb8c-2fae-428a-8132-a6f0fe6dd852.jpg,https://a0.muscache.com/im/pictures/027af162-9d9c-453a-a13b-eb5d0edf5500.jpg,https://a0.muscache.com/im/pictures/928a41ff-25e4-4507-900f-efd1adcbe2aa.jpg,https://a0.muscache.com/im/pictures/miso/Hosting-863552/original/6e871bbf-6b26-4c95-9296-0c8664b6a689.jpeg,https://a0.muscache.com/im/pictures/12389199/3b1cc06b_original.jpg",4529076,Björn,"","",true,64.1430,-21.9244,4,2,2,1.0,false,"Hair dryer,Shampoo,Hot water,Washer,Dryer,Essentials,Hangers,Iron,TV,Crib,Pack ’n play/Travel crib,Heating,Smoke alarm,Carbon monoxide alarm,Fire extinguisher,Wifi,Kitchen,Refrigerator,Microwave,Cooking basics,Dishes and silverware,Dishwasher,Stove,Oven,Coffee maker,Patio or balcony,Paid parking on premises,Luggage dropoff allowed",,false,2,Firm,2:00 PM,11:00 AM,true,true,ISK,156,0,true,68,4.94,5.0,4.9,4.9,5.0,5.0,4.9,71052.0,9067024.0,348.4,44549.7,0.482,0.529,171.6,21904.3,188.1,24009.2,2.0,2.6,176,32,189,365,8632.0,1098419.0,335.5,42693.7,0.244,0.259,85.5,10881.3,90.5,11521.3,2.0,2.8,22,5,68,90
867299,A room in a Big apartment Central in Reykjavik,"✨ Room in a bright & spacious 100 m² Apartment in Central Reykjavik<br />Modern, open, and light-filled apartment with beutiful paintings.<br /><br />✅ Airy and comfortable<br />✅ Great neighborhood<br />✅ Free parking<br />✅ Very High-speed Wi-Fi<br />✅ Free 260 p. Visitors Guidebook with great info and disc. coupons.<br />✅ 8-page welcome information sent before arrival – with tips on tours, savings, local info, and apartment details.<br />✅ Very experienced host<br /><br />License: HG-00000708<br />According to Icel. law can host for 90 days a year.<br /><br /><b>The space</b><br />About the apartment  <br />Prefer guests 30 to 50, i.e. close to my age. <br />Please give me  some INFO about you like age, nationality, gender and occupation.?( and even a full name)?<br />(great if you made a * sign in your post meaning you have read this).<br /><br />- Most of the time I will upgrade guest to a room downstairs with a private bathroom, basic kitchen, Tv and more but with access to main apartment.<br /><br />-From mid FEBruary to mid March I am travelling abroad - in that case you will get a the studio it's arr. 20 sqm . But as I am away in this period is not an access to the main apartment). <br /><br />- Access to all. including a great kitchen :)<br />- Three bedrooms  - one is the Airbnb room, one is my room and one is an office room.<br />-Central in the City close to the main thermal swimming pool, park, hotels where you can take a bus for excursions etc..<br /><br />- Quiet neighborhood considered one of the best in Reykjavik<br />- Not in the crowded and touristic downtown area, but in the next one to it.<br /><br />Hakon Thor Sindrason<br /><br /><b>Other things to note</b><br />- Airbnb hosts should have a license as you can see in the number presented. They can also host only for 90 days pr. year. That's why I am a little picky to choose nice / matching people if staying in the apartment with me :).<br /><br />- Host with a lot of knowledge and experience in tourism founder of Visitorsguide travel books in Iceland and Bali.",Private room in home,private_room,https://a0.muscache.com/im/pictures/airflow/Hosting-867299/original/0143dc06-9350-412f-96c6-21e3505ea4bc.jpg,30,"https://a0.muscache.com/im/pictures/airflow/Hosting-867299/original/0143dc06-9350-412f-96c6-21e3505ea4bc.jpg,https://a0.muscache.com/im/pictures/airflow/Hosting-867299/original/75314e0b-0551-493d-8035-fe9c68c0dcdc.jpg,https://a0.muscache.com/im/pictures/airflow/Hosting-867299/original/bb57abf5-01a7-428d-902b-ca1604c0c044.jpg,https://a0.muscache.com/im/pictures/airflow/Hosting-867299/original/37a8c606-cb1a-4546-ad37-45193e2dcafe.jpg,https://a0.muscache.com/im/pictures/airflow/Hosting-867299/original/4f0c4e20-ad73-4cae-83ea-2faa6e5690f7.jpg,https://a0.muscache.com/im/pictures/airflow/Hosting-867299/original/69b2950f-abd9-4977-ad92-ea9941ca535c.jpg,https://a0.muscache.com/im/pictures/airflow/Hosting-867299/original/e1bd6183-77d1-4a7c-a541-77c16b0ee226.jpg,https://a0.muscache.com/im/pictures/airflow/Hosting-867299/original/785609e7-0b8d-4d95-b2a2-5b1468bdde56.jpg,https://a0.muscache.com/im/pictures/airflow/Hosting-867299/original/95179f0e-8351-4585-82a8-d75e58edecc0.jpg,https://a0.muscache.com/im/pictures/airflow/Hosting-867299/original/004d8905-37b5-4495-a019-26dbc52bb7de.jpg,https://a0.muscache.com/im/pictures/airflow/Hosting-867299/original/6cb3dbb1-08f6-457e-a487-a6da3b4b4b6d.jpg,https://a0.muscache.com/im/pictures/airflow/Hosting-867299/original/1535928e-12ca-4be6-a490-858c81b0c0a1.jpg,https://a0.muscache.com/im/pictures/airflow/Hosting-867299/original/1553e6e1-e3be-49ff-833e-5db563bb9441.jpg,https://a0.muscache.com/im/pictures/airflow/Hosting-867299/original/3d21ab7f-09ee-4d30-bff7-f0316cca0555.jpg,https://a0.muscache.com/im/pictures/airflow/Hosting-867299/original/e135b034-01a2-43e1-a644-78b55476fd4e.jpg,https://a0.muscache.com/im/pictures/airflow/Hosting-867299/original/416a63f7-a8a6-4657-b054-4228d17484f1.jpg,https://a0.muscache.com/im/pictures/airflow/Hosting-867299/original/db1eef51-e8d2-4ffa-8bea-ecbac1c7cfef.jpg,https://a0.muscache.com/im/pictures/airflow/Hosting-867299/original/d7775816-8f19-4e08-a536-8c2808fdcbd4.jpg,https://a0.muscache.com/im/pictures/airflow/Hosting-867299/original/8916331d-bd6f-4260-8d01-b63ee163f9fe.jpg,https://a0.muscache.com/im/pictures/airflow/Hosting-867299/original/92c34d24-1432-45b2-8031-6021d278e38c.jpg,https://a0.muscache.com/im/pictures/airflow/Hosting-867299/original/e1120625-4dc7-4313-bce3-c97f6d6da1c9.jpg,https://a0.muscache.com/im/pictures/airflow/Hosting-867299/original/f312e1a6-0c46-4392-ab2b-ac608624ef35.jpg,https://a0.muscache.com/im/pictures/airflow/Hosting-867299/original/3171eb74-d8c9-4b37-a013-72bb6672a378.jpg,https://a0.muscache.com/im/pictures/airflow/Hosting-867299/original/c3488b7b-b68f-479b-b467-643314344521.jpg,https://a0.muscache.com/im/pictures/airflow/Hosting-867299/original/3b95623c-d146-4307-8c3e-12f7e4f5f119.jpg,https://a0.muscache.com/im/pictures/miso/Hosting-867299/original/590ca893-d3ec-4a3c-a400-dc81845013ad.jpeg,https://a0.muscache.com/im/pictures/15862997/40478267_original.jpg,https://a0.muscache.com/im/pictures/12830395/ca78334b_original.jpg,https://a0.muscache.com/im/pictures/12830251/1193a6b7_original.jpg,https://a0.muscache.com/im/pictures/miso/Hosting-867299/original/3411b8a0-1b6d-476c-b7a1-853fcd26e25d.jpeg",1395613,Hakon Thor,"","",false,64.1424,-21.8877,,,2,0.0,false,"Air conditioning,Pets allowed,Bathtub,Hair dryer,Cleaning products,Shampoo,Conditioner,Body soap,Hot water,Shower gel,Washer,Dryer,Essentials,Hangers,Bed linens,Extra pillows and blankets,Room-darkening shades,Iron,Drying rack for clothing,Ethernet connection,TV,Sound system,Children’s books and toys,Air conditioning,Heating,Smoke alarm,Carbon monoxide alarm,Fire extinguisher,First aid kit,Wifi,Dedicated workspace,Kitchen,Refrigerator,Microwave,Cooking basics,Dishes and silverware,Freezer,Dishwasher,Stove,Oven,Hot water kettle,Coffee maker,Wine glasses,Toaster,Baking sheet,Blender,Trash compactor,Dining table,Coffee,Private entrance,Patio or balcony,Backyard,Outdoor furniture,Outdoor dining area,BBQ grill,Beach essentials,Free parking on premises,Free street parking,EV charger,Pets allowed,Luggage dropoff allowed,Long term stays allowed,Cleaning before checkout",,false,4,Firm,,5:00 PM,false,true,ISK,50,0,true,213,4.69,4.8,4.8,4.4,4.8,4.7,4.7,17316.0,2206518.0,79.9,10216.8,0.534,0.534,43.2,5504.9,43.2,5504.9,4.0,5.6,195,0,170,365,2826.0,359602.0,78.9,10044.1,0.378,0.378,29.2,3712.8,29.2,3712.8,4.0,6.8,34,0,56,90
885139,Perfect place for low price,,Entire rental unit,entire_home,https://a0.muscache.com/im/pictures/miso/Hosting-885139/original/1c8b003b-862f-4168-ac9e-3b15a226daed.jpeg,9,,953381,Þorsteinn Daði,"41395133,55808771","Þorsteinn,Jón",true,64.1496,-21.9449,2,1,1,1.0,false,"Wifi,Air conditioning,Crib,Kitchen,Pack ’n play/Travel crib,Hot water,Body soap,Bed linens,Extra pillows and blankets,Microwave,Coffee maker,Refrigerator,Dishes and silverware,Heating,Cooking basics,Stove,Washer,Dryer,Smoke alarm,Shower gel,Carbon monoxide alarm,First aid kit,Backyard,Fire extinguisher,Luggage dropoff allowed,Essentials,Long term stays allowed,Shampoo,Hangers,Hair dryer,Iron",true,,2,Moderate,,,,,ISK,70,0,,598,4.76,4.8,4.9,4.8,4.9,5.0,4.7,16222.0,2083053.0,175.7,22512.5,0.225,0.237,40.2,5170.1,42.4,5454.0,2.0,3.4,82,19,283,365,0.0,0.0,0.0,0.0,0.0,0.0,0.0,0.0,0.0,0.0,2.0,0.0,0,0,90,90
947598,Cozy apartment center of  Reykjavik,"Nice, clean and beautiful flat close to the center and close to the sea<br /><br /><b>The space</b><br />Description / descripción <br />An apartment with a bedroom, bathroom, kitchen, dining room and living room.  1 double bed and and 1  sleeping single sofa are in the apartment. <br />Apartment, with bathroom, kitchen, a dining room and a living room. One double bed - And a sofa bed.<br /><br />Location / Ubicación <br />The apartment is situated in the oldest part of Reykjavik city, in recently renewed house built 1927. It’s on the first floor, only few steps to a garden surrounding the house, good place to drink coffee in summer time. 300 m to the harbor, where whale watching boats are situated, and to the center of Reykjavík where you can find cafés, restaurants, museums, library, the Parliament, shops, flea market and tourist information center. <br /><br />The apartment is located in the oldest part of Reykjavik. In a newly renovated house, built in 1927. It's on the first floor, just a few steps to a garden around the house, good place to drink coffee in the summer. Only 300 m to the port, where are located whale watching boats, the center of Reykjavik, where there are cafes, restaurants, museums, library, Parliament, shops, trail (flea markets) and tourist offices, etc. <br /><br />Transportation / Transporte <br />Arriving from Keflavik airport You have the option to hire a car from Keflavik airport or take fly-bus to Reykjavik city.<br />The FlyBus stops not far from the house, 3KM.<br /><br />When arriving by airplane, you need to take a taxi or a bus to Reykjavik, it takes 45 minutes. <br /><br />Grocery stores. 3 big supermarkets are very close to the apartment. <br />Supermarkets, 3 large are located near the house, Washing machine to use<br /><br /><b>Guest access</b><br />internet, the apartment and the garden<br /><br /><b>Registration Details</b><br />HG-00014759",Entire rental unit,entire_home,https://a0.muscache.com/im/pictures/93807956/47b2d9e8_original.jpg,17,"https://a0.muscache.com/im/pictures/93807956/47b2d9e8_original.jpg,https://a0.muscache.com/im/pictures/1c438d9b-9c7d-4457-9edf-3992f7b6bfd7.jpg,https://a0.muscache.com/im/pictures/b809f576-68cd-49e0-b08d-997d87cb4f58.jpg,https://a0.muscache.com/im/pictures/cfc0521c-a63d-4f56-b262-518d2b7d0e59.jpg,https://a0.muscache.com/im/pictures/dfd8c137-09d8-4405-a9bb-2ea52da9c331.jpg,https://a0.muscache.com/im/pictures/a28ca415-7486-4957-8343-c954355bb218.jpg,https://a0.muscache.com/im/pictures/14046084/a46ab23f_original.jpg,https://a0.muscache.com/im/pictures/14046234/09c8dfeb_original.jpg,https://a0.muscache.com/im/pictures/14046156/91aa745a_original.jpg,https://a0.muscache.com/im/pictures/8eafd7a2-a6d6-4ee2-a882-ec78986ca3bf.jpg,https://a0.muscache.com/im/pictures/387227c2-080a-4df6-a9e8-1594a0e0bfd3.jpg,https://a0.muscache.com/im/pictures/bf5470cc-9d34-4d94-a744-0083c5ebbecb.jpg,https://a0.muscache.com/im/pictures/14047710/a723207e_original.jpg,https://a0.muscache.com/im/pictures/5e32f391-4e00-4eac-8999-468b345392ca.jpg,https://a0.muscache.com/im/pictures/14318362/82570949_original.jpg,https://a0.muscache.com/im/pictures/hosting/Hosting-947598/original/586df7d7-8bdc-4b80-9d46-5e3b2f8ba21d.png,https://a0.muscache.com/im/pictures/hosting/Hosting-947598/original/323116d0-dc2f-4bad-b84f-fe3bbd793b30.jpeg",5003074,Arna,"","",true,64.1499,-21.9505,3,1,3,1.0,true,"Shampoo,Hot water,Washer,Essentials,Bed linens,Sound system,Books and reading material,Heating,Smoke alarm,Wifi,Dedicated workspace,Kitchen,Refrigerator,Cooking basics,Dishes and silverware,Dishwasher,Oven,Coffee maker,Patio or balcony,Backyard,Free street parking",,false,18,Strict,,5:00 PM,true,false,ISK,35,0,true,77,4.97,4.9,5.0,4.8,5.0,5.0,4.9,26819.0,3445028.0,146.4,18723.1,0.474,0.51,72.1,9267.6,77.7,9978.4,17.9,10.8,173,26,192,365,194.0,24687.0,157.9,20092.7,0.011,0.011,1.8,224.8,1.8,224.8,30.0,1.0,1,0,89,90
1029394,City Centre Family friendly st.,"My place is PERFECT for a couple that wants to stay in the CITY CENTRE in a WALKING distance to EVERYTHING but still stay in a family friendly quiet street!<br /><br /><b>The space</b><br />Dear traveller/s <br /><br />My place is PERFECT for a couple or friends that are ok with sharing a bed. <br />The bed is a queen size ( 160cm width ) all organic, a high quality mattress. <br /><br />The bedrooms has LIGHT BLIND CURTAINS for the window so you can still SLEEP in a DARK ROOM during the 24/7 sunny Icelandic nights and/or enjoy the beautiful evening SUN/SET from the bedroom window. <br /><br />The VIEW from the bedroom is AMAZING! An OCEAN VIEW where you see the evening SUN right above Snæfellsjokull THE GLACIER.<br /><br />On top of that, this is one of the best spot to see the NORTHERN LIGHTS from the city! <br />So if there are strong lights you will catch it just out side of the apt. <br /><br />The OCEAN cost line is just about 2 min walk from the apt where you will experience greater views any time of the day. Of the northern lights or the 24 hr sun light during summer or just any beautiful day.  There you will also find a WALK/RUN TRACK that will take you almost all around the city if you are seeking that. It is popular among locals to run or bike this track. <br /><br />The LIVING ROOM has a big comfortable couch facing a flat screen tv. I dont run any local channels but I have an apple tv you are welcome to log into your own accounts through apps.  <br /><br />THE KITCHEN is spacey and bright as the living room and has all basic equipments you will need for cooking during your vacation ; pots, pans, heaters & oven, tea boiler, Italian mokka coffee maker.  As I live here, all spices, oil etc you need for cooking are there and you are welcome to use. <br /><br />The BATHROOM has a TOILET, SHOWER AND A TUB.<br />Clean towels, hand towel provided up on guests arrival. Regular soap + toilet paper incl. <br /><br />PARKING is no longer free on this street during day time and is charged from 9am - 9pm - Free during night hours! <br /><br />There are few big SUPERMARKETS within 10 min walk away from the apartment that are all open from morning to eve. <br /><br />There is a TAKE AWAY PIZZA place right down the street corner and Subway sandwiches place a bit further or like 3 min walk. On the north side of my street you will find micro bakery name HYGGE and a very nice dinner place name HEDINS, opens at 6pm! <br /><br />You are in a max 5 MIN WALKING distance from the CITY HARBOUR area where you will also find great restaurants wether you are vegan, vegetarian, pescatarian or flexiterian! <br />As well as being in the city centre area you are basically within 10min walking to even greater selections of restaurants, bars, the main shopping street, galleries and museums. <br /><br />Local outdoor warm SWIMMING POOL, The Vesturbaejarlaug, is like 12-15min walking distance from the apartment. It has HOT and COLD tubs, STEAM ROOM & SAUNAS.<br /><br />You can catch PUBLIC BUS transport on Mýrargata next to my street, as well as some of the tour buses, closest stop is VESTURBUGT.  If you will need taxi there are 2 local numbers to call and it will be there with in 5 min.<br /><br />In TWO WORDS I would DESCRIBE my apartment as the PERFECT LOCATION!<br /><br />Feel free to contact me for any questions you might have!!<br /><br /><b>Guest access</b><br />The whole APARTMENT and the BALCONY.  WIFI, apple tv, FREE PARKING.<br /><br /><b>Other things to note</b><br />att : Laundry room NOT Included.<br /><br /><b>Registration Details</b><br />HG-00009758",Entire rental unit,entire_home,https://a0.muscache.com/im/pictures/81168a34-1ad6-4006-a6d3-2b1ab9394439.jpg,22,"https://a0.muscache.com/im/pictures/81168a34-1ad6-4006-a6d3-2b1ab9394439.jpg,https://a0.muscache.com/im/pictures/3297bb42-fbbe-4a3d-b433-f0c9b0920c14.jpg,https://a0.muscache.com/im/pictures/32f21e6f-2e99-4b3e-8d27-49f9642aa9db.jpg,https://a0.muscache.com/im/pictures/4d76f923-53a3-41bb-a948-9a08ee45ea95.jpg,https://a0.muscache.com/im/pictures/c58680ac-8fd2-4a2e-b38d-c7e57b533e1e.jpg,https://a0.muscache.com/im/pictures/94656a61-66a7-4cec-8af4-a90cc3e6eeeb.jpg,https://a0.muscache.com/im/pictures/e6d23f7e-6c76-46db-9a5c-73be0f9ace89.jpg,https://a0.muscache.com/im/pictures/c13763ab-dae7-47e4-a3b7-8b6dc4d53b35.jpg,https://a0.muscache.com/im/pictures/6df7572d-0a63-4813-89da-83bff3e1f01c.jpg,https://a0.muscache.com/im/pictures/c727c53f-f049-4f77-94eb-1ac26102e4f1.jpg,https://a0.muscache.com/im/pictures/2fef453d-6f04-4cdf-b5a1-9683f4834faa.jpg,https://a0.muscache.com/im/pictures/da9b6d8c-7907-4373-ab62-87350d74bbd2.jpg,https://a0.muscache.com/im/pictures/135c40f9-9d2b-4c3f-9dac-8f4069b48b55.jpg,https://a0.muscache.com/im/pictures/e36decef-7756-46a2-b470-8f92e8726718.jpg,https://a0.muscache.com/im/pictures/f107b796-5046-4ba8-9fab-aac661c989d0.jpg,https://a0.muscache.com/im/pictures/f3ac7f22-be89-4cf6-81d9-127f0f3f66d5.jpg,https://a0.muscache.com/im/pictures/079c684f-4543-4396-82f4-8d4afec6bf83.jpg,https://a0.muscache.com/im/pictures/a3a92ced-e384-4bb8-aa90-56f1965d0c9d.jpg,https://a0.muscache.com/im/pictures/hosting/Hosting-1029394/original/c4c4aeab-b166-45a8-b079-008cf261b80e.jpeg,https://a0.muscache.com/im/pictures/hosting/Hosting-1029394/original/c4bae20c-609f-446c-a539-369d9cd1acdb.jpeg,https://a0.muscache.com/im/pictures/hosting/Hosting-1029394/original/1183f643-a331-4b24-8f63-09e050216dcc.jpeg,https://a0.muscache.com/im/pictures/hosting/Hosting-1029394/original/955b710a-1b1f-46a9-9210-85a344c9f6a0.jpeg",2614711,Ingibjorg,"","",true,64.1519,-21.9556,2,1,1,1.0,true,"Bathtub,Hair dryer,Cleaning products,Hot water,Washer,Essentials,Hangers,Bed linens,Room-darkening shades,Clothing storage,TV,Books and reading material,Heating,Smoke alarm,Wifi,Kitchen,Refrigerator,Cooking basics,Dishes and silverware,Freezer,Dishwasher,Stove,Oven,Hot water kettle,Coffee maker,Toaster,Trash compactor,Patio or balcony,Backyard,Free parking on premises,Free street parking",,false,3,Flexible,3:00 PM,11:00 AM,true,false,ISK,99,0,true,69,4.91,5.0,5.0,4.8,5.0,4.9,4.8,54067.0,6888254.0,215.3,27518.7,0.619,0.689,135.1,17215.2,150.4,19157.2,2.9,3.9,226,37,139,365,8842.0,1125142.0,220.7,28082.6,0.4,0.679,89.4,11381.8,151.9,19327.5,3.0,4.5,36,37,54,90
1061246,Vaktahouse,,Entire home,entire_home,https://a0.muscache.com/im/pictures/prohost-api/Hosting-1061246/original/84fbdc96-de11-47ed-a2ab-5751239d9553.jpeg,28,,5842805,Margret,"","",false,64.1488,-21.9433,4,1,3,1.0,false,"TV,Cable TV,Children’s books and toys,Wifi,Kitchen,Free parking on premises,Room-darkening shades,Hot water kettle,Ceiling fan,Body soap,Mini fridge,Bed linens,Outdoor furniture,Coffee maker,Refrigerator,Dishwasher,Dishes and silverware,Cooking basics,Oven,Washer,BBQ grill,First aid kit,Backyard,Essentials,Shampoo,Hangers,Hair dryer,Iron,Freezer,Toaster",false,true,3,Firm,,,,,ISK,0,0,,30,4.97,4.9,5.0,5.0,5.0,5.0,4.7,14199.0,1823981.0,589.7,75404.6,0.066,0.092,38.9,4997.2,54.6,7015.3,3.0,3.4,24,105,341,365,614.0,78131.0,610.7,77707.2,0.011,0.011,6.8,868.1,6.8,868.1,3.0,1.0,1,0,89,90
1073976,RoofTop Reykjavik with balcony,,Entire rental unit,entire_home,https://a0.muscache.com/im/pictures/20776460/99c67d7c_original.jpg,43,,5908044,Ingunn,"","",true,64.1317,-21.9139,4,2,2,1.0,false,"High chair,TV,Baby safety gates,Cable TV,Children’s books and toys,Wifi,Crib,Kitchen,Free parking on premises,Hot water,Bed linens,Extra pillows and blankets,Free street parking,Coffee maker,Dishwasher,Heating,Cooking basics,Oven,Stove,Washer,Patio or balcony,Luggage dropoff allowed,Essentials,Long term stays allowed,Shampoo,Hangers,Hair dryer,Iron",,false,3,Moderate,,,,,ISK,91,0,,288,4.93,5.0,5.0,5.0,5.0,4.7,4.9,22636.0,2891907.0,297.9,38100.0,0.2,0.417,61.0,7796.1,127.3,16260.5,2.7,18.3,73,190,292,365,0.0,0.0,288.2,36671.9,0.0,0.0,0.0,0.0,0.0,0.0,3.0,0.0,0,0,90,90
1158183,A cozy home/apt Reykjavik Central,"<b>The space</b><br />The apartment is centrally located in Reykjavík opposite the art gallery Kjarvalsstadir. Big  park is front of the house. Location is close to the downtown but not in the nightlife area. Wild nature Öskjuhlíð and city center within walking distance.<br /><br />The apartment has a large living room, entrance hall, kitchen and bath. Two bedrooms and they are spacious with good closets.<br />There is one King size bed in one room and two single beds in the other.  In the bathroom are  a  shower. <br />From the living room you can go out on the balcony.<br /><br />There is a short walk to Öskjuhlíð, a great recreational area with relics from the second world war. There is Perlan  with a good view over the city and other municipalities. Perlan is now converted to Museum of Natural History. A little bit further is University of Reykjavík, Nauthóll  restaurant and Nauthólsvík where you can take a bath and find Icelandic beach live.<br />The park in front of the house is child-friendly and there are playgrounds like football, basketball, beach volleyball, playground and barbecue grills.  During the winter time it may be possible to see the northern lights and create a snowman.<br /><br />It is a 5 minute walk to Laugavegur which is the main shopping street of Reykjavik. The city centre is in a 10 minute walking distance and there you can find good restaurants and shops. You can take a bus downtown which stops in front of the house. <br />Kringlan the main shopping mall in Reykjavík is in walking distant but you can also take the same bus in the opposite direction.<br />A swimming pool (Sundhöllin) is in 5 minute walking distance.<br />A great location with all that Reykjavik has to offer. Possibilities for walks around the city short or long. Many great restaurants and  BSI Terminal for longer trips and sightseeing tours very close by. Public transport station (Hlemmur) is near and there is also food market.  Reykjavík (domestic) airport is very near.<br /><br />Guests have access to kitchen utensils, pots, pans and everything that is needed to  prepare and serve food.<br />There is a hairdryer in the bath closet. In the living room is a TV.<br />The kitchen has the most common necessities e.g. coffee, tea, salt, pepper,spices, oils, sugar,flour, etc.  In the basement is washer, dryer and laundry cables.<br /><br />I will respect my guests privacy but in the information folder are information how to contact me when they need my assistance.<br /><br />There is free street parking front of the house.<br /><br /><b>Guest access</b><br />My apartment and the laundry room.<br /><br />No accessibility<br /><br /><b>Other things to note</b><br />In the apartment is smoke detector and fire protection foam.<br /><br /><b>Registration Details</b><br />HG-00000704",Entire rental unit,entire_home,https://a0.muscache.com/im/pictures/ef97a533-2b48-470d-b221-d8a735f0e964.jpg,18,"https://a0.muscache.com/im/pictures/ef97a533-2b48-470d-b221-d8a735f0e964.jpg,https://a0.muscache.com/im/pictures/a5e683fe-b141-44b1-8ed0-0e5b654516a4.jpg,https://a0.muscache.com/im/pictures/78ff0b91-0f16-4404-bc21-26cfb130782d.jpg,https://a0.muscache.com/im/pictures/1c6a4e4f-1f3a-489e-8140-aee771296bd4.jpg,https://a0.muscache.com/im/pictures/05557253-0808-4460-9b2a-ae396112d8fe.jpg,https://a0.muscache.com/im/pictures/88a896e4-e180-4349-8b48-0bda5aad8bcb.jpg,https://a0.muscache.com/im/pictures/0281e96e-1df1-4c07-a116-61fe14d44c73.jpg,https://a0.muscache.com/im/pictures/6c9c3da0-604b-40c5-b041-12743b0b1072.jpg,https://a0.muscache.com/im/pictures/60dbedfc-c19a-4071-8bf9-cd2c9e27dee5.jpg,https://a0.muscache.com/im/pictures/44acc780-915e-48e6-8da7-0a2211f604b1.jpg,https://a0.muscache.com/im/pictures/90833edf-b05f-4d8d-83ef-7a2c2711a6b2.jpg,https://a0.muscache.com/im/pictures/201014ae-7683-45b1-88b2-72fea2f569be.jpg,https://a0.muscache.com/im/pictures/0d6b5b8b-364b-4997-8776-03a8c343bb91.jpg,https://a0.muscache.com/im/pictures/7668c882-e9e6-4290-bc99-c024f762f6d8.jpg,https://a0.muscache.com/im/pictures/miso/Hosting-1158183/original/8af5c5ea-1423-418d-b0c9-26859fc94a2d.jpeg,https://a0.muscache.com/im/pictures/miso/Hosting-1158183/original/3af6039e-3e8a-4711-bf9a-0eb543e44ae0.jpeg,https://a0.muscache.com/im/pictures/miso/Hosting-1158183/original/56f263a0-6d37-4ee5-b0b0-22b5df302520.jpeg,https://a0.muscache.com/im/pictures/miso/Hosting-1158183/original/afc5d04a-3243-4169-bbb4-99050e4ebed3.jpeg",6346571,Sigríður,"","",false,64.1373,-21.9110,4,2,3,1.0,true,"Hair dryer,Cleaning products,Shampoo,Body soap,Hot water,Washer,Dryer,Essentials,Hangers,Extra pillows and blankets,Iron,Drying rack for clothing,Clothing storage,TV,Heating,Smoke alarm,Carbon monoxide alarm,Fire extinguisher,First aid kit,Wifi,Dedicated workspace,Kitchen,Refrigerator,Microwave,Cooking basics,Dishes and silverware,Freezer,Dishwasher,Stove,Oven,Hot water kettle,Coffee maker,Wine glasses,Toaster,Blender,Dining table,Coffee,Private entrance,Patio or balcony,Backyard,Free street parking",,false,4,Firm,12:00 PM,9:00 AM,true,false,ISK,0,0,true,188,4.9,5.0,5.0,4.9,5.0,4.9,4.9,65649.0,8400146.0,228.4,29201.8,0.792,0.92,179.9,23014.1,209.1,26752.1,4.0,7.4,289,51,76,365,15607.0,1985979.0,239.9,30529.9,0.722,0.844,173.4,22066.4,202.7,25791.9,4.0,5.9,65,13,25,90
1163550,"One night free, daytours",,Private room in rental unit,private_room,https://a0.muscache.com/im/pictures/hosting/Hosting-U3RheVN1cHBseUxpc3Rpbmc6MTE2MzU1MA%3D%3D/original/4027d838-4cae-4a25-beed-06f2bfdf960c.jpeg,31,,639201,Hóffý,"","",true,64.0989,-21.8521,,,2,0.0,false,"Wifi,Free parking on premises,Room-darkening shades,Hot water kettle,Hot water,Body soap,Conditioner,Bed linens,Outdoor furniture,Microwave,Cleaning products,Coffee maker,Refrigerator,Drying rack for clothing,Dishwasher,Dishes and silverware,Heating,Oven,Clothing storage,Stove,Wine glasses,Washer,Smoke alarm,Shower gel,Patio or balcony,Backyard,Fire extinguisher,Essentials,Long term stays allowed,Shampoo,Lock on bedroom door,Hangers,Dining table,Hair dryer,Iron,Dedicated workspace,Freezer,Toaster",false,,1,Strict,,,,,ISK,26,0,,72,4.51,4.4,4.7,4.4,4.8,4.0,4.3,2326.0,295981.0,118.4,15141.5,0.049,0.049,6.1,774.7,6.1,774.7,1.0,4.5,18,0,347,365,0.0,0.0,108.9,13860.2,0.0,0.0,0.0,0.0,0.0,0.0,1.0,0.0,0,0,90,90
1217735,#2 Stylish Bedroom in the Heart of Reykjavik,"I’m  thrilled to offer you a comfortable and unforgettable stay in the heart of Reykjavik. My space combines the privacy of a personal retreat with the cleanliness and quality you’d expect from a hotel. <br /><br />Experience the perfect blend of comfort and convenience during your visit. <br />Your memorable Icelandic adventure starts here!<br /><br /><b>The space</b><br />Welcome to your ideal getaway in Reykjavik! This stylish and spacious bedroom is perfectly situated near the iconic Sun Voyager and the majestic Hallgrímskirkja Church, right in the bustling city center. With Hlemmur Bus Station just a 5-minute walk away, you'll enjoy convenient access to all the attractions and experiences this vibrant city has to offer.<br /><br />The tastefully decorated private room features a comfortable new queen-sized bed (160x200), complimentary Wi-Fi, and plenty of storage space, ensuring you feel right at home. You'll also have access to shared amenities, including a modern tiled bathroom and a nearly fully equipped kitchen ideal for preparing meals.  <br /><br />Come and experience the charm and comfort of Reykjavik your unforgettable adventure starts here.<br /><br /><b>Guest access</b><br />During your stay, you’ll enjoy access to your comfortable private bedroom, where you can unwind and relax. You’ll also have access to two shared bathrooms, conveniently located for your use. <br /><br />The nearly fully equipped kitchen is available for you to prepare meals. <br /><br />If you have any questions or need assistance during your stay, please don’t hesitate to reach out—I’m here to help!<br /><br /><b>Other things to note</b><br />See details in house manual.<br /><br /><b>Registration Details</b><br />LG-REK-014341",Private room in hostel,private_room,https://a0.muscache.com/im/pictures/6ec94c67-2fe3-44b7-b4d4-c6cdc486e144.jpg,5,"https://a0.muscache.com/im/pictures/6ec94c67-2fe3-44b7-b4d4-c6cdc486e144.jpg,https://a0.muscache.com/im/pictures/f5642daf-97a0-40af-992c-0f59313598fa.jpg,https://a0.muscache.com/im/pictures/51c2c32f-1539-4cb9-9f3a-2a7447a9a85c.jpg,https://a0.muscache.com/im/pictures/87162fd0-bda6-4811-a9bc-12d9881ca16d.jpg,https://a0.muscache.com/im/pictures/7f8cf06a-8554-4f13-b587-b660f8bb2f94.jpg",3836429,Jóhann,159165457,Rakel,true,64.1445,-21.9182,2,1,1,2.0,true,"Hair dryer,Cleaning products,Shampoo,Conditioner,Hot water,Shower gel,Essentials,Hangers,Bed linens,Room-darkening shades,Clothing storage,Ethernet connection,Heating,Smoke alarm,Carbon monoxide alarm,Fire extinguisher,First aid kit,Wifi,Dedicated workspace,Kitchen,Refrigerator,Microwave,Cooking basics,Dishes and silverware,Mini fridge,Freezer,Dishwasher,Stove,Hot water kettle,Coffee maker,Wine glasses,Toaster,Trash compactor,Dining table,Coffee,Laundromat nearby,Paid parking off premises,Long term stays allowed",,false,1,Moderate,4:00 PM,11:00 AM,false,true,ISK,35,0,true,595,4.67,4.8,4.8,4.8,4.8,4.9,4.7,34598.0,4420164.0,92.5,11830.0,0.932,0.932,86.4,11048.4,86.4,11048.4,1.1,2.6,340,0,25,365,7345.0,934640.0,78.8,10024.3,0.933,0.933,74.6,9494.1,74.6,9494.1,1.0,2.8,84,0,6,90
1251207,Spacious apartment,,Entire rental unit,entire_home,https://a0.muscache.com/im/pictures/miso/Hosting-1251207/original/252b1a4c-c3ba-43dc-aae2-fe3f2ef0dba1.png,31,,6749251,Ásdís,"","",true,64.1469,-21.8828,5,3,3,1.0,false,"Bathtub,Hair dryer,Shampoo,Hot water,Washer,Dryer,Essentials,Hangers,Bed linens,Extra pillows and blankets,Room-darkening shades,Iron,TV,Game console,Children’s books and toys,Children’s dinnerware,Heating,Smoke alarm,Fire extinguisher,First aid kit,Wifi,Dedicated workspace,Kitchen,Refrigerator,Microwave,Cooking basics,Dishes and silverware,Dishwasher,Stove,Oven,Coffee maker,Patio or balcony,Backyard,BBQ grill,Free parking on premises,Free street parking,Single level home,Luggage dropoff allowed",,false,4,Moderate,,,,,ISK,60,0,false,82,4.74,4.8,4.8,4.7,4.8,4.7,4.8,62455.0,8009150.0,284.9,36424.9,0.595,0.736,166.7,21378.1,206.2,26450.9,4.0,7.8,217,70,148,365,1911.0,243173.0,296.3,37699.8,0.067,0.118,19.9,2532.3,35.1,4468.7,4.0,3.0,6,39,84,90
1297669,Beautiful home with sea view -close to city center,,Entire condo,entire_home,https://a0.muscache.com/im/pictures/miso/Hosting-1297669/original/18c13d82-2323-49d1-9db6-71d864c06a64.jpeg,31,,7049055,Heiðrún Sigurjónsdóttir,"","",false,64.1403,-21.9601,5,4,4,2.0,true,"TV,Gym,Hair dryer,Shampoo,Washer,Dryer,Essentials,Hangers,Iron,TV,Children’s books and toys,Board games,Children's playroom,Outdoor playground,Heating,Smoke alarm,Fire extinguisher,Wifi,Dedicated workspace,Kitchen,Cooking basics,Stove,Patio or balcony,Outdoor furniture,Outdoor dining area,BBQ grill,Free parking on premises",,false,4,Flexible,,,,,ISK,63,0,true,15,4.93,4.9,4.9,4.9,4.9,4.8,4.8,38338.0,4878501.0,362.7,46370.2,0.293,0.87,103.8,13212.0,308.1,39206.4,4.0,13.4,107,242,258,365,10524.0,1339175.0,376.0,47844.5,0.322,0.784,115.5,14701.6,281.0,35760.6,4.0,9.7,29,53,61,90
1301339,Beautiful oceanview  loft apartment,"Waking up to the sound of the wave,  listening to the winterly howling winds, basking in the sights of birds soaring freely in the nordic sky, with a breathtaking view of the ocean as far as you can see.  Its almost like being in the countryside in one of the coolest part of Reykjavík.  And a big change to see the  northern lights and a beautiful sunset from the  balcony.<br /><br /><b>The space</b><br />My home is situated in one of the most vibrant areas of Reykjavík, surrounded by numerous restaurants, museums, and art stores, and is only a 10-15 minute walk from the city center.<br /><br />In front of the house, a walking and biking path follows the coastline, offering a scenic route. The apartment is bright, modern, and spacious, with stunning ocean views where you can hear the waves breaking.<br /><br />The large bedroom features a queen bed, a walk-in closet, and an ensuite bathroom. You can enjoy ocean views right from the bed. The living room and dining room are interconnected, both offering beautiful sea views. The bathroom is nice and clean, and you can even see the ocean from the bathtub.<br /><br />The kitchen is fully equipped with everything you need, including a dishwasher, coffee machine, and toaster. The dining area, adjacent to the kitchen, has a large table for six people. One side of the apartment is made entirely of glass, providing a spectacular view. There is a south-facing balcony with a stunning view, where you can enjoy the midnight sun in summer and potentially see the northern lights in winter.<br /><br />The apartment is on the second floor with an unobstructed view and includes:<br /><br />A bathroom with a bathtub<br />Beautiful ocean views<br />Flat screen TV<br />Wireless Internet<br />Fully equipped kitchen with dishwasher, coffee machine, etc.<br />Towels and bathroom amenities<br />Access to free Wi-Fi, clean towels, and fresh sheets<br />The apartment is located in a large glass building by Reykjavik's harbour in an industrial district filled with exciting activities such as whale watching, visiting the Whale Museum, fishing on the dock, exploring Reykjavik's flea market, and enjoying the hottest bars, restaurants, and hotels. There are also stores featuring Icelandic fashion design and art.<br /><br />Laugavegur shopping street is a 15-20 minute walk from the apartment. Check out my Guidebook for more activities in the area.<br /><br />Our guests often describe the apartment as having all the comforts of home combined with a great location:<br />\"Excellent location. Walking distance to everything worthwhile in Reykjavik.\"<br />\"Overall, we love this place!\"<br /><br />A bus stop close to the house offers a 5-minute ride to the city center and Reykjavik's main shopping street, Laugavegur. Three grocery stores are within a 5-minute walking distance. <br />Bónus is open until 20.00 except Saturday and Sunday until 19.00<br />Krónan is open until 20.00 (they have good sushi)<br />Netto is open until 24.00 and opens at 08.00<br /><br />We Icelanders love our pools, and I recommend that you take the time to visit them. My favourite is Vesturbæjarlaugin, which is about a 15-minute walk from the apartment. It features hot tubs and saunas.<br />Hear is a listing of all the pools in Reykjavik<br />sundlaugar<br /><br />When you travel around Iceland always look for pool and swim with the locals.<br /><br />The apartment is in a very quiet area, giving it a countryside feel despite being so close to the city center. There are plenty of restaurants and museums nearby.<br /><br />How to get here from the airport:<br />The airport is a 45-minute drive from the city center and is serviced conveniently and regularly by Flybys.<br /><br /><b>Other things to note</b><br />\"This is  home, not a hotel. Make yourselves comfortable. The view is spectacular, and the apartment is very peaceful and serene. Please respect the neighbors.",Entire loft,entire_home,https://a0.muscache.com/im/pictures/miso/Hosting-1301339/original/41e71b9a-ea73-446a-a32a-9c8c926c16e8.jpeg,22,"https://a0.muscache.com/im/pictures/miso/Hosting-1301339/original/41e71b9a-ea73-446a-a32a-9c8c926c16e8.jpeg,https://a0.muscache.com/im/pictures/miso/Hosting-1301339/original/cf24ccbd-84d8-4c46-b1a9-69ff3f6edcf0.jpeg,https://a0.muscache.com/im/pictures/miso/Hosting-1301339/original/48214fb9-7c5b-44c8-a3fd-b8796beed998.jpeg,https://a0.muscache.com/im/pictures/miso/Hosting-1301339/original/baf133be-9ecf-46aa-a93d-f301384a8644.jpeg,https://a0.muscache.com/im/pictures/miso/Hosting-1301339/original/1c5ff3c1-67d1-43c3-96c7-e43e944ca776.jpeg,https://a0.muscache.com/im/pictures/miso/Hosting-1301339/original/75becd2d-24d1-4bd6-8d91-1f4687fe21c8.jpeg,https://a0.muscache.com/im/pictures/miso/Hosting-1301339/original/e1d5a4a4-f665-4da6-b164-3209698dcf48.jpeg,https://a0.muscache.com/im/pictures/miso/Hosting-1301339/original/e6be438f-450b-41c3-b518-7c07660170e9.jpeg,https://a0.muscache.com/im/pictures/19619174/ca715ca5_original.jpg,https://a0.muscache.com/im/pictures/miso/Hosting-1301339/original/967cba79-77f2-4e32-b802-58a63cab228e.jpeg,https://a0.muscache.com/im/pictures/19619182/bcd91001_original.jpg,https://a0.muscache.com/im/pictures/19619148/c260c868_original.jpg,https://a0.muscache.com/im/pictures/miso/Hosting-1301339/original/0eb3f77b-941a-4b0f-b4eb-a21ac1ede4eb.jpeg,https://a0.muscache.com/im/pictures/19619160/4cd32df9_original.jpg,https://a0.muscache.com/im/pictures/19619147/d395c8d5_original.jpg,https://a0.muscache.com/im/pictures/miso/Hosting-1301339/original/7307dbd9-0e2c-42c1-ad3e-e33817312ee9.jpeg,https://a0.muscache.com/im/pictures/miso/Hosting-1301339/original/07ddd07f-9552-40d0-abc3-d6d9584af23f.jpeg,https://a0.muscache.com/im/pictures/miso/Hosting-1301339/original/73748096-bb3b-4f39-9114-0834319aa508.jpeg,https://a0.muscache.com/im/pictures/19619155/8354ee2a_original.jpg,https://a0.muscache.com/im/pictures/miso/Hosting-1301339/original/1d00a987-244e-43a8-9881-58a5997dc9e5.jpeg,https://a0.muscache.com/im/pictures/19619185/74fdc6b1_original.jpg,https://a0.muscache.com/im/pictures/19619143/a960641c_original.jpg",316179,Sissa,"","",true,64.1566,-21.9511,2,1,2,1.0,false,"Bathtub,Hair dryer,Cleaning products,Shampoo,Conditioner,Body soap,Hot water,Washer,Dryer,Essentials,Hangers,Bed linens,Extra pillows and blankets,Room-darkening shades,Iron,Drying rack for clothing,Safe,Clothing storage,Ethernet connection,TV,Sound system,Books and reading material,Baby bath,Portable fans,Heating,Smoke alarm,Fire extinguisher,First aid kit,Wifi,Dedicated workspace,Kitchen,Refrigerator,Microwave,Cooking basics,Dishes and silverware,Freezer,Dishwasher,Stove,Oven,Hot water kettle,Coffee maker,Wine glasses,Toaster,Baking sheet,Blender,Trash compactor,Barbecue utensils,Dining table,Coffee,Waterfront,Patio or balcony,BBQ grill,Free parking on premises,Free street parking,Cleaning before checkout",,false,1,Strict,3:00 PM,12:00 PM,true,false,ISK,58,0,true,163,4.91,4.9,5.0,4.8,5.0,4.9,4.8,35014.0,4513335.0,265.7,33962.5,0.373,0.567,95.3,12284.4,144.9,18682.6,1.0,22.7,136,125,229,365,2388.0,303872.0,284.4,36194.0,0.089,0.333,25.9,3294.4,97.1,12353.8,1.0,4.0,8,66,82,90
1312334,Peaceful downt. Apt.-Parking Garage-Long Term Stay,"Cozy Apartment in downtown area, Parking Garage, Secluded Garden. The apartment is located in a quiet downtown area right at the end of Reykjavik's main shopping street, Laugavegur and the main city bus station, Hlemmur.<br /><br /><b>The space</b><br />The apartment is located in a quiet downtown area right at the end of Reykjavik's main shopping street, Laugavegur and the main city bus station, Hlemmur. It sleeps 4 in beds and a living room sofabed. <br /><br />The apartment is located in a quiet downtown area right at the end of Reykjavik's main shopping street, Laugavegur and the main city bus station, Hlemmur.<br /><br />The apartment was updated in April '15. The update includes a new 48\" Samsung Smart TV with extra speakers, 2TB media library with movies TV shows and music, new cabinet, iphone/smart phone blue tooth connection, expresso/coffee maker, new and bigger kitchen table and kitchen chairs, new carpet and much more. <br /><br />Most of Reykjavik's best known restaurants, bars, cafés and designer shops are within 3-20 minute walking distance. Also in a walking distance there are the main church, an indoor/outdoor swimming pools, theatres, cinemas, and galleries. Reykjavik's shopping mall; Kringlan, is also within walking distance. Only 2 min. walk to supermarket open 7-24, a major hotel for day trip pickup and only 5 min. to the seafront.<br /><br />There is a stunning view from the apartment, since it's on the seventh and top floor of the building. It has a kitchen with everything you need take make a simple breakfast or a romantic dinner. A bedroom with a double bed and large dresser. Living room with TV, DVD player and stereo, a very comfortable double sleeper/sofabed that sleeps two.  I can put in a mattress for an extra child to sleep on. Bathroom with a shower and balcony with a BBQ. There is a wash room in the building and access to a private, very well taken care of, closed to the public, sheltered garden, for building residents and guest only. Access to private parking garage comes with the apartment.  Free WiFi (internet connection).<br /><br />The drive to Reykjavik from Keflavik airport should take around 45 minutes.There is a Flybus that takes you to town once you arrive. You can get a Hotel drop off that will take you to Hotel Klettur, wright next door to the apartment The actual address is Asholt 2, 105 Reykjavik, apartment 702. A taxi from the airport should take about 40 minutes.<br /><br />-Great whale watching tour from Reykjavik.<br /><br />-Experience the famous “Golden Circle” route with these exciting day tours that combine Iceland’s unique natural beauty, geothermal wonders, and historic sites into one scenic trip from Reykjavik. Visit Thingvellir, the site of the world’s oldest parliament and the North Atlantic Rift, and witness the powerful gravity of Gullfoss, one of Iceland’s grandest waterfalls.<br /><br />-Blue Lagoon, a relaxing bath, magical unique geothermal spa.<br /><br />-And to find some other great things to do in Reykjavik/Iceland, visit: daytours nordicvisitor com/<br /><br />Other Activities: whalewaching from the harbour (5 min walk from city center), and sightseeing tours around the city in a 2floors bus. <br /><br />Daytour pickup at Hotel Klettur located right next to my place.<br /><br />Don't hesitate to contact me if you have any questions or requests about staying at my place<br /><br />The apartment is private to the guests. The wash room on the 1st floor is shared with the rest of the building. Guests don't pay extra for washing, but they have to write down the numbers on the electricity meter.<br /><br />I meet the guests up on arrival, but after that they are on their own.<br /><br />There are a lot of nice restaurants in the neighborhood that you should check out. Don't miss out on walking down Laugavegur shopping street of see the Hofdi house (just 2 minutes from the apartment). It is the meeting place of Reagan and Gorbatsjovs back in 1986.<br /><br />The main city bus station in just down the street. Only 2 minutes walk.<br /><br />While staying at the apartment make sure to keep at least one window open at all times for ventilation purposes. Please don't throw paper in the trash. It should go into the recycling paper container in the trash room in the parking garage. Bottles and cans are also recycled. Reserve the washroom in advange, take the last tree numbers on the electricity meter before and after and write then in the book and clean the room after your done.<br /><br /><b>Guest access</b><br />The apartment is yours, you also have access to the parking garage and the wash room.",Entire rental unit,entire_home,https://a0.muscache.com/im/pictures/hosting/Hosting-1312334/original/867a5c1a-21c4-43f2-ac3c-13d2ca0678d4.jpeg,42,"https://a0.muscache.com/im/pictures/hosting/Hosting-1312334/original/867a5c1a-21c4-43f2-ac3c-13d2ca0678d4.jpeg,https://a0.muscache.com/im/pictures/77422981/474cb755_original.jpg,https://a0.muscache.com/im/pictures/77422385/71359c6c_original.jpg,https://a0.muscache.com/im/pictures/77422432/d8074176_original.jpg,https://a0.muscache.com/im/pictures/37480715/b6898674_original.jpg,https://a0.muscache.com/im/pictures/20275217/8ebcc578_original.jpg,https://a0.muscache.com/im/pictures/hosting/Hosting-1312334/original/4fcadc63-0a74-470c-991e-bdfced940de9.jpeg,https://a0.muscache.com/im/pictures/21474220/425b9a19_original.jpg,https://a0.muscache.com/im/pictures/21290025/86e0d41b_original.jpg,https://a0.muscache.com/im/pictures/21474245/79c2f728_original.jpg,https://a0.muscache.com/im/pictures/7dc5c15a-3fdb-4f71-86e1-1d2e7e2caf16.jpg,https://a0.muscache.com/im/pictures/hosting/Hosting-1312334/original/cd5642f4-cd44-43a1-b1f4-8e82e9b91ab2.jpeg,https://a0.muscache.com/im/pictures/21474261/fd2c5ec4_original.jpg,https://a0.muscache.com/im/pictures/21474265/8bdfd501_original.jpg,https://a0.muscache.com/im/pictures/69047631/60859b94_original.jpg,https://a0.muscache.com/im/pictures/20275150/168d7ad6_original.jpg,https://a0.muscache.com/im/pictures/hosting/Hosting-1312334/original/68a6aeb4-af88-47fa-8b29-0ceedf70f1d8.jpeg,https://a0.muscache.com/im/pictures/hosting/Hosting-1312334/original/33e87c0e-3b5e-4672-9acb-d2419faf1599.jpeg,https://a0.muscache.com/im/pictures/abf696f5-2271-435a-8c5a-d8ba1949a9b2.jpg,https://a0.muscache.com/im/pictures/3b048c15-7152-408e-8a48-e6dd169852c4.jpg,https://a0.muscache.com/im/pictures/99b75c05-67a3-423e-9d9e-d1cab67d3233.jpg,https://a0.muscache.com/im/pictures/20275203/a9024315_original.jpg,https://a0.muscache.com/im/pictures/20275161/0ca8de54_original.jpg,https://a0.muscache.com/im/pictures/20275212/3a22e759_original.jpg,https://a0.muscache.com/im/pictures/20275125/67f5e7c5_original.jpg,https://a0.muscache.com/im/pictures/20275136/d8b15bab_original.jpg,https://a0.muscache.com/im/pictures/20701620/9e181b0d_original.jpg,https://a0.muscache.com/im/pictures/20275129/64b9ce9b_original.jpg,https://a0.muscache.com/im/pictures/20701577/dfea8673_original.jpg,https://a0.muscache.com/im/pictures/21474868/a8853a7d_original.jpg,https://a0.muscache.com/im/pictures/77425102/4c3ad411_original.jpg,https://a0.muscache.com/im/pictures/21474871/af25bb0b_original.jpg,https://a0.muscache.com/im/pictures/21474877/90322137_original.jpg,https://a0.muscache.com/im/pictures/37480964/18b15943_original.jpg,https://a0.muscache.com/im/pictures/37480825/32a8927a_original.jpg,https://a0.muscache.com/im/pictures/21475155/96bd0ae3_original.jpg,https://a0.muscache.com/im/pictures/20275195/c4940136_original.jpg,https://a0.muscache.com/im/pictures/3f2d8d75-4225-449e-81e0-8e98876bfd84.jpg,https://a0.muscache.com/im/pictures/20275231/1087a0d7_original.jpg,https://a0.muscache.com/im/pictures/21475079/726ebe03_original.jpg,https://a0.muscache.com/im/pictures/31344433/0cf24a9f_original.jpg,https://a0.muscache.com/im/pictures/37481168/d7d1bf69_original.jpg",6103919,Björn,"","",true,64.1426,-21.9078,3,1,1,1.0,false,"Hair dryer,Shampoo,Hot water,Washer,Dryer,Essentials,Hangers,Iron,TV,Heating,Smoke alarm,Carbon monoxide alarm,Fire extinguisher,Wifi,Dedicated workspace,Kitchen,Refrigerator,Microwave,Cooking basics,Stove,Oven,Hot water kettle,Coffee maker,Wine glasses,Toaster,Coffee,Patio or balcony,Free parking on premises,Elevator,Long term stays allowed",,false,29,Moderate,3:00 PM,11:00 AM,false,true,ISK,2479,,false,176,4.8,4.9,4.8,4.6,4.9,4.9,4.8,34520.0,4395585.0,144.6,18504.9,0.674,0.842,94.6,12042.7,118.2,15053.4,28.5,7.7,246,73,119,365,6829.0,868981.0,106.8,13584.5,0.722,0.722,75.9,9655.3,75.9,9655.3,24.6,3.6,65,0,25,90
1332279,Quiet and comfortable in the center,"Quiet and comfortable / HG-00011156<br />This is a lovely one bedroom apartment in the centre of Reykjavík. The apartment is beautifully furnished, welcoming and located in a quiet street only a few minutes walk from the main shopping street, the bus terminal, museums, restaurants and bars.<br /><br /><b>The space</b><br />This is a lovely one bedroom apartment for 2 people.  The apartment has a spacious bedroom, living room with a kitchenette and a dining table and a lovely bathroom with a shower.  The matrimonial bed is exceptionally good and fitted with quality bed linen.  Extra beds and/or a baby cot are available upon request.<br /><br /><b>Guest access</b><br />Bedclothes and towels are provided.  All guests have access to a washing machine and dryer upon request.  There is free wifi and parking in the street.  Guests are welcome in our lovely garden.",Entire rental unit,entire_home,https://a0.muscache.com/im/pictures/35125277/b304eb97_original.jpg,9,"https://a0.muscache.com/im/pictures/35125277/b304eb97_original.jpg,https://a0.muscache.com/im/pictures/35125329/b5e36058_original.jpg,https://a0.muscache.com/im/pictures/35125300/06df3d29_original.jpg,https://a0.muscache.com/im/pictures/35125408/5c497eed_original.jpg,https://a0.muscache.com/im/pictures/35125392/e89128e7_original.jpg,https://a0.muscache.com/im/pictures/35125203/5c8f678b_original.jpg,https://a0.muscache.com/im/pictures/35125229/b9369ccd_original.jpg,https://a0.muscache.com/im/pictures/20061835/c24cee6a_original.jpg,https://a0.muscache.com/im/pictures/20083754/9d445214_original.jpg",734944,Sigríður,"","",true,64.1503,-21.9474,2,1,1,1.0,false,"Washer,Dryer,Essentials,TV,Heating,Smoke alarm,Fire extinguisher,Wifi,Dedicated workspace,Kitchen,Free parking on premises",,false,4,Moderate,2:00 PM,12:00 PM,true,false,ISK,0,0,true,119,4.89,4.8,4.9,4.9,4.9,4.9,4.8,15220.0,1936738.0,232.0,29660.3,0.181,0.181,41.7,5306.1,41.7,5306.1,4.0,6.6,66,0,299,365,223.0,28377.0,233.4,29705.7,0.011,0.011,2.5,315.3,2.5,315.3,4.0,1.0,1,0,89,90
1364955,Exclusive Reykjavik center location,"<b>The space</b><br />The apartment is located in a quiet exclusive residential street in Reykjavik city center. The apartment is a perfect base from which to explore all that Reykjavik has to offer. All the main attractions, shops, restaurants, bars, galleries and museums are all within easy walking distance from the apartment. Also close by is the city pond/park and harbour with the fantastic whale watching tours. <br />With a spacious living area and fully equipped kitchen facilities, this Reykjavik apartment is your home from home.<br /><br />The apartment has two good sized bedrooms one has two single beds the other has a double bed. There is also a comfortable sofa bed in the living room which can sleep two.<br />One of the bedrooms has a large balcony.<br /><br />There is a washing machine, dryer and dishwasher in the apartment as well as free high-speed wifi, and TV.<br /><br />There is great access to public transportation. Both BSI (the national coach station) and Hlemmur (the main bus station) are located within a few minutes walk from the apartment. There is also a taxi stop close by.<br />The apartment does have a free parking space.<br /><br />The apartment is fully licenced (which means that it complies with all safety and fire regulations set by the authorities).",Entire rental unit,entire_home,https://a0.muscache.com/im/pictures/22329187/04b75969_original.jpg,18,"https://a0.muscache.com/im/pictures/22329187/04b75969_original.jpg,https://a0.muscache.com/im/pictures/20569984/f4298db8_original.jpg,https://a0.muscache.com/im/pictures/21053480/822daa12_original.jpg,https://a0.muscache.com/im/pictures/22329318/f92dab2b_original.jpg,https://a0.muscache.com/im/pictures/21053498/0e38f002_original.jpg,https://a0.muscache.com/im/pictures/22329136/e01fd8a0_original.jpg,https://a0.muscache.com/im/pictures/22329156/eda86e95_original.jpg,https://a0.muscache.com/im/pictures/22329345/0b7b5022_original.jpg,https://a0.muscache.com/im/pictures/22329236/d0b8db66_original.jpg,https://a0.muscache.com/im/pictures/22329250/d0a467e5_original.jpg,https://a0.muscache.com/im/pictures/22329365/7d3c2421_original.jpg,https://a0.muscache.com/im/pictures/22329261/a503b507_original.jpg,https://a0.muscache.com/im/pictures/22329264/cd0d2a4e_original.jpg,https://a0.muscache.com/im/pictures/22329333/1550e0cf_original.jpg,https://a0.muscache.com/im/pictures/22329300/daeacaae_original.jpg,https://a0.muscache.com/im/pictures/22329310/a6d2b3b1_original.jpg,https://a0.muscache.com/im/pictures/f0c54621-5a93-444f-bc65-4c650a309ee4.jpg,https://a0.muscache.com/im/pictures/ca184b0e-f3bd-4943-98ac-2fded9ca4c89.jpg",1816858,Magnus,578660521,Dagmar,true,64.1453,-21.9369,6,2,3,1.0,false,"Bathtub,Hair dryer,Shampoo,Hot water,Washer,Dryer,Essentials,Hangers,Iron,TV,Pack ’n play/Travel crib,High chair,Heating,Smoke alarm,Carbon monoxide alarm,Fire extinguisher,First aid kit,Wifi,Kitchen,Refrigerator,Microwave,Cooking basics,Dishes and silverware,Dishwasher,Stove,Oven,Coffee maker,Patio or balcony,Outdoor furniture,Free parking on premises,Free street parking",,false,3,Strict,3:00 PM,12:00 PM,true,false,ISK,170,0,true,409,4.9,4.9,4.9,4.9,4.9,5.0,4.8,66085.0,8446745.0,290.8,37161.9,0.545,0.545,165.7,21186.0,165.7,21186.0,3.0,5.9,199,0,166,365,7820.0,995088.0,257.8,32803.5,0.289,0.289,77.4,9854.8,77.4,9854.8,3.0,5.2,26,0,64,90
1405852,Bright & cosy backyard Studio,Registration number HG-00016824<br /><br />Recently renovated backyard studio (former garage). Bright and cosy in a nice and relaxing neighborhood. Only 10 - 20 minutes down town by bus or less then 10 minutes by car. Bus stops at the end of the street and free parking in the street.<br /><br /><b>Other things to note</b><br />Pots and pans are placed under the stove.,Entire condo,entire_home,https://a0.muscache.com/im/pictures/02817f87-be22-4877-97dc-b3b12319495f.jpg,13,"https://a0.muscache.com/im/pictures/02817f87-be22-4877-97dc-b3b12319495f.jpg,https://a0.muscache.com/im/pictures/3ed10896-7cf6-43a9-9e9a-75a367d74f1c.jpg,https://a0.muscache.com/im/pictures/f573b5c6-5182-4728-a178-91d9c2d7ba1e.jpg,https://a0.muscache.com/im/pictures/0e1bddc8-af9b-4365-8e1a-a5be0542fee7.jpg,https://a0.muscache.com/im/pictures/84f6b496-7da0-4c66-809d-467e1eaf82a9.jpg,https://a0.muscache.com/im/pictures/5e6da8c8-51bf-488d-a02a-fbb0404c8dc4.jpg,https://a0.muscache.com/im/pictures/9d2c8d10-76f1-419a-b579-2961d3f44ba8.jpg,https://a0.muscache.com/im/pictures/64133af3-f745-4bdb-a0cb-0bff2926e253.jpg,https://a0.muscache.com/im/pictures/59955b56-adf0-4c59-a24a-ca8589fd16d3.jpg,https://a0.muscache.com/im/pictures/b3f1f982-f7d5-4aef-a228-22c0d2b66281.jpg,https://a0.muscache.com/im/pictures/0d11a1dc-cab3-4d7b-afa2-695e361f44bc.jpg,https://a0.muscache.com/im/pictures/5fba3ead-bd60-42a6-bda7-34735d87b220.jpg,https://a0.muscache.com/im/pictures/141115dc-bdaa-4de0-8572-7006b77f00ee.jpg",3044340,Siggi,6547015,Úlfhildur,true,64.1274,-21.8733,2,,2,1.0,false,"Air conditioning,Pets allowed,Hair dryer,Shampoo,Hot water,Washer,Essentials,Hangers,Iron,Pack ’n play/Travel crib,Heating,Smoke alarm,Carbon monoxide alarm,Wifi,Dedicated workspace,Kitchen,Refrigerator,Dishes and silverware,Private entrance,Patio or balcony,Backyard,Free street parking,Long term stays allowed",,false,10,Firm,12:00 PM,11:00 AM,false,false,ISK,35,0,true,230,4.88,4.9,5.0,4.8,4.9,4.8,4.8,5477.0,701377.0,131.4,16784.8,0.123,0.203,14.8,1897.2,24.4,3119.2,9.9,11.3,45,143,320,365,0.0,0.0,118.4,15061.9,0.0,0.0,0.0,0.0,0.0,0.0,1.0,0.0,0,0,90,90
1427665,Abode in the old center hills,"A bright and charming scholar apartment with private entrance in a quiet residential street in the west hills beneath Hallgrim´s church-yet only corners away from the lively center of bookstores, cafe´s, galleries, pubs and restaurants. Best fish store, farmers market, a bakery and a supermarket in street.<br /><br /><b>The space</b><br />A beautiful, fully-equipped apartment for up to four persons in the historical center of Reykjavík. 2 bedrooms, living-room with dining table for 6-10 persons and a  kitchen. Private entrance and a back door that opens to the garden. Located in a quiet residential street although corners away from the lively center of bookstores, cafe´s, galleries, pubs and restaurants. Beds are made up before arrival and you'll find coffee, tea, honey etc. in the kitchen cupboards. <br />The first bedroom has a double-sized bed, while the second has a small, “ french” double bed.<br /><br /><b>Guest access</b><br />The whole first floor with private main and back entrances. An extensive library in english, french, danish, german and Icelandic. Wireless internet, the best neighborhood and a spot that is in short walking distance from mostly everything worth visiting( at least the owner had set it as her principle to never seek for service outside walking distance and has been successful in doing so for 5 years) Lovely neighbors.",Entire rental unit,entire_home,https://a0.muscache.com/im/pictures/21284499/c96bea16_original.jpg,10,"https://a0.muscache.com/im/pictures/21284499/c96bea16_original.jpg,https://a0.muscache.com/im/pictures/cdf300ef-4f94-42c7-98b6-594ebbe15b4c.jpg,https://a0.muscache.com/im/pictures/3f1f64ed-4f38-4ad9-ad73-a53a058203b0.jpg,https://a0.muscache.com/im/pictures/c6188a78-948a-43da-9800-be9498867fc0.jpg,https://a0.muscache.com/im/pictures/46925b8b-696f-43e7-9eb7-69979a0983a4.jpg,https://a0.muscache.com/im/pictures/945d9d85-7ded-4099-9a15-682959a5b33c.jpg,https://a0.muscache.com/im/pictures/5fa3f369-1673-4a6b-a639-a87ff3f002b2.jpg,https://a0.muscache.com/im/pictures/ad87dc73-1496-4679-ae84-7941485cd9c2.jpg,https://a0.muscache.com/im/pictures/e8e11c67-73ca-4b21-abf1-f9336de6d33e.jpg,https://a0.muscache.com/im/pictures/03a57b0e-4208-4541-a8a1-3424b78f222f.jpg",3609277,Bryndís,"","",false,64.1424,-21.9327,4,2,2,1.5,false,"Hair dryer,Hot water,Washer,Bed linens,Iron,Crib,Children’s books and toys,Heating,Smoke alarm,Fire extinguisher,Wifi,Dedicated workspace,Kitchen,Refrigerator,Cooking basics,Dishes and silverware,Stove,Hot water kettle,Toaster,Dining table,Backyard,Long term stays allowed",,false,4,Firm,3:00 PM,11:00 AM,true,false,ISK,106,0,true,126,4.91,4.9,4.9,4.9,4.9,5.0,4.8,39483.0,5024181.0,232.8,29768.7,0.43,0.43,101.5,12915.0,101.5,12915.0,3.9,5.6,157,0,208,365,7652.0,973712.0,224.0,28509.5,0.344,0.344,78.0,9919.8,78.0,9919.8,4.0,5.2,31,0,59,90
1609652,Cosy and quiet room for one,,Private room in home,private_room,https://a0.muscache.com/im/pictures/67901867/c6f94b9f_original.jpg,14,,4335770,Dagný,"","",false,64.1042,-21.8144,,,1,0.0,true,"Washer,Dryer,Smoke alarm,Wifi,Fire extinguisher,Kitchen,Free parking on premises,Shampoo,Heating",false,false,3,Moderate,,,,,ISK,58,0,,28,4.75,4.8,4.9,4.8,5.0,4.5,4.8,5298.0,674166.0,106.5,13618.6,0.126,0.126,13.7,1745.9,13.7,1745.9,3.0,9.2,46,0,319,365,169.0,21505.0,103.7,13198.6,0.011,0.011,1.2,156.9,1.2,156.9,3.0,1.0,1,0,89,90
1636894,Charming house by the seaside,"A charming house by the seaside near the center of Reykjavik. Few minutes easy walk downtown. Suits well for small groups and families.<br />Mountain view. Free WiFi. Free parking.<br /><br /><b>The space</b><br />The house is located in a unique spot in Reykjavík. It's by the sea and from there is a great view over the city and the mountain circle. Great nature in the middle of the city. <br /><br />The apartment is fully furnished and comes with all appliances you need and in a very well furnished large terrace.<br /><br />You will also have access to WIFI, washing facilities and a billiard table.<br /><br />The apartment is situated within walking distance to all the major tourist sights, cafés, restaurants, hotels, theaters, Reykjavík harbour, The Concert hall Harpa, etc. <br /><br />The apartment sleeps six adults, a baby bed and a high chair is availble if needed. <br /><br />The house has 2 bedroom, kitchen, dining room, hobby room and bathroom downstairs and a living room (TV) upstairs.<br /><br />This place is great for a family holiday.<br /><br /><b>Guest access</b><br />Free parking is outside the front door.",Entire home,entire_home,https://a0.muscache.com/im/pictures/23699232/8d79a0fc_original.jpg,20,"https://a0.muscache.com/im/pictures/23699232/8d79a0fc_original.jpg,https://a0.muscache.com/im/pictures/23699225/07abee25_original.jpg,https://a0.muscache.com/im/pictures/23699230/da0e30b0_original.jpg,https://a0.muscache.com/im/pictures/23579766/aaee617d_original.jpg,https://a0.muscache.com/im/pictures/b1bc4ec5-8c26-4f29-97b0-0e0e0d3de8a5.jpg,https://a0.muscache.com/im/pictures/7e9115ca-ff5d-4194-a059-0bd8b9bf3665.jpg,https://a0.muscache.com/im/pictures/1ac64f6e-c516-4570-a53e-441f774af699.jpg,https://a0.muscache.com/im/pictures/5efd1c95-e32d-42a3-b442-804a910a13d1.jpg,https://a0.muscache.com/im/pictures/55dfcff8-7db9-44de-b8c6-06fd1395ddc8.jpg,https://a0.muscache.com/im/pictures/23699175/d0f837f3_original.jpg,https://a0.muscache.com/im/pictures/50b56d0a-6720-4bae-808e-ef1f69ef3014.jpg,https://a0.muscache.com/im/pictures/23699236/ea4dc71e_original.jpg,https://a0.muscache.com/im/pictures/7feb91a3-36b4-43a2-827c-65dfc661be43.jpg,https://a0.muscache.com/im/pictures/miso/Hosting-1636894/original/e9a41bab-48bc-4f1d-9512-79ab97ffda1c.jpeg,https://a0.muscache.com/im/pictures/miso/Hosting-1636894/original/6b38d998-09ef-45a1-90b0-d9e1e7eaef6b.jpeg,https://a0.muscache.com/im/pictures/miso/Hosting-1636894/original/49853020-6b0f-4216-8e7f-38c84f20d1a1.jpeg,https://a0.muscache.com/im/pictures/23699273/93ee44c9_original.jpg,https://a0.muscache.com/im/pictures/23699295/36803754_original.jpg,https://a0.muscache.com/im/pictures/23699300/94a811ab_original.jpg,https://a0.muscache.com/im/pictures/25870051/59397ea9_original.jpg",8693258,Kristin,"","",false,64.1530,-21.8877,6,3,6,1.0,false,"Cable TV,Wifi,Hair dryer,Cleaning products,Hot water,Washer,Essentials,Hangers,Bed linens,Room-darkening shades,Iron,Drying rack for clothing,TV,Pool table,Crib,Pack ’n play/Travel crib,High chair,Heating,Smoke alarm,Fire extinguisher,First aid kit,Wifi,Kitchen,Refrigerator,Microwave,Cooking basics,Dishes and silverware,Freezer,Dishwasher,Stove,Oven,Hot water kettle,Coffee maker,Toaster,Dining table,Beach access,Private entrance,Patio or balcony,Backyard,Outdoor furniture,Outdoor dining area,Free parking on premises,Free street parking,Hot tub",,false,3,Moderate,4:00 PM,12:00 PM,true,false,ISK,100,0,true,299,4.9,4.9,4.9,4.8,4.8,4.9,4.8,129984.0,1.6598344E7,450.1,57550.0,0.756,0.756,344.9,44045.5,344.9,44045.5,3.0,6.3,276,0,89,365,27252.0,3467808.0,416.8,53040.5,0.711,0.711,293.9,37400.1,293.9,37400.1,3.0,8.0,64,0,26,90
1658113,Artists Villa in downtown Reykjavik,"Our Villa in the center of town has large open spaces with views of the trees in the garden and the large church in the center of town from our kitchen. The interior is cozy with books and our piano, and yet modern, with colourful art. The house has a large garden with multiple places to enjoy your morning tea or coffee (in summer).<br /><br /><b>The space</b><br />Location:<br />A very centrally located Villa - only 3 min. from Hallgrimskirkja, cafés, museums, art galleries, small design shops and all that Reykjavík has to offer. A bright and open home with a living room, dining area and bedroom studio in one open area with a view of the trees in the garden, a kitchen with a small nook dining ares, another bedroom with a double bed, an office with a double bed and a bathroom (decorated in the 1960s but fully functional, hehe). The house has a large garden with multiple places to enjoy your morning coffee. <br /><br />About the house:<br />Three bedroom house with a private entrance on Freyjugata. Full size kitchen, living room, dining room, two bedrooms with a doublebed in each and an office with a double bed. One bathroom with a bathtub - yes, we have lots of hot water in Iceland.<br /><br /><b>Guest access</b><br />Three bedrooms that sleep four. A TV room, a patio (facing south), a small fully equipped kitchen, living room, a dining area that seats four and a small bathroom by the upstairs bedroom and a guest bathroom on the first floor by the other bedroom.<br /><br /><b>Other things to note</b><br />We have lived downtown for two years now and love it.  <br /><br />A clean and soft bed is a must for me when I travel, so that is what I provide.<br /><br />Our price is low, but we require a 5 night minimum.",Entire home,entire_home,https://a0.muscache.com/im/pictures/d4e335f2-28e9-4110-acb1-1fdde7bd57db.jpg,30,"https://a0.muscache.com/im/pictures/d4e335f2-28e9-4110-acb1-1fdde7bd57db.jpg,https://a0.muscache.com/im/pictures/454d524d-cfdc-499c-89a7-3e351150724d.jpg,https://a0.muscache.com/im/pictures/hosting/Hosting-1658113/original/e00c9833-721d-4c20-8ea3-f2b4192cb014.jpeg,https://a0.muscache.com/im/pictures/ae629f0d-778c-49a6-896b-342b52658878.jpg,https://a0.muscache.com/im/pictures/0282501f-155b-41d2-a105-578514476f15.jpg,https://a0.muscache.com/im/pictures/7bc55550-8cb4-4147-b0c1-761ed8e05c9d.jpg,https://a0.muscache.com/im/pictures/da908437-bee3-4f9b-a53a-d31b803d903f.jpg,https://a0.muscache.com/im/pictures/49be8350-8804-402b-9a56-c490b8eacda8.jpg,https://a0.muscache.com/im/pictures/08792ca0-9b37-41a7-a3b0-bc398d93da84.jpg,https://a0.muscache.com/im/pictures/d5bf6b28-0059-4f50-b3d4-0ff39e2c2caa.jpg,https://a0.muscache.com/im/pictures/1ac02d4f-2e9a-4567-80b0-7ad8ff4d1539.jpg,https://a0.muscache.com/im/pictures/miso/Hosting-1658113/original/1653d39f-be0d-4fd3-b58f-475c6803000d.jpeg,https://a0.muscache.com/im/pictures/47211134-500c-4eab-a3a3-daaac156c97e.jpg,https://a0.muscache.com/im/pictures/3c95409d-9fbd-4ed9-9812-81ca12525a43.jpg,https://a0.muscache.com/im/pictures/8ff2deaa-c7d2-4aaa-ba98-cd9145eed930.jpg,https://a0.muscache.com/im/pictures/5b5bd930-a801-41ef-ac3e-2355001f1b96.jpg,https://a0.muscache.com/im/pictures/24961e1e-6818-47bd-8cac-278be0b1a756.jpg,https://a0.muscache.com/im/pictures/miso/Hosting-1658113/original/bc80ee9c-768e-476c-9af6-4092d984eb73.jpeg,https://a0.muscache.com/im/pictures/miso/Hosting-1658113/original/cd1b4aba-0562-44d9-b76a-a1f1bc1f13a3.jpeg,https://a0.muscache.com/im/pictures/10b582b0-c99b-46f3-a910-6ae7a1041bfe.jpg,https://a0.muscache.com/im/pictures/dc8f179c-62c1-49bb-a7a4-1c4d2625945c.jpg,https://a0.muscache.com/im/pictures/ff45288d-dfd7-4cca-8890-36a57eca0f6e.jpg,https://a0.muscache.com/im/pictures/48dae574-2677-4269-97b2-480768ed73e5.jpg,https://a0.muscache.com/im/pictures/hosting/Hosting-1658113/original/38cbaa5c-be73-4c9c-8c64-ba9a6ef52005.png,https://a0.muscache.com/im/pictures/hosting/Hosting-1658113/original/c36dd322-f0d6-46e5-b043-b8a815238cb8.jpeg,https://a0.muscache.com/im/pictures/hosting/Hosting-1658113/original/f7fc9694-5605-489f-9ba2-6c60ee07eb3e.jpeg,https://a0.muscache.com/im/pictures/hosting/Hosting-1658113/original/e90594b9-2160-47de-b17b-64095e043d5d.jpeg,https://a0.muscache.com/im/pictures/hosting/Hosting-1658113/original/a31e41a7-3669-4a59-95d4-b522396a6222.jpeg,https://a0.muscache.com/im/pictures/hosting/Hosting-1658113/original/27674394-f16a-4c0e-9739-5be40cc8dc9e.jpeg,https://a0.muscache.com/im/pictures/hosting/Hosting-1658113/original/998de388-a998-4a0d-a700-25a177190758.png",8788642,Maria,"","",false,64.1394,-21.9285,4,2,2,1.0,false,"Bathtub,Hair dryer,Cleaning products,Shampoo,Conditioner,Body soap,Hot water,Shower gel,Essentials,Bed linens,Room-darkening shades,Clothing storage,Piano,Sound system,Books and reading material,Heating,Smoke alarm,Wifi,Dedicated workspace,Kitchen,Refrigerator,Cooking basics,Dishes and silverware,Freezer,Dishwasher,Stove,Oven,Coffee maker,Wine glasses,Toaster,Dining table,Coffee,Private entrance,Patio or balcony,Backyard,Outdoor furniture,Outdoor dining area,Free parking on premises,Free street parking,Long term stays allowed",,false,3,Strict,2:00 PM,11:00 AM,false,false,ISK,35,0,true,100,4.66,4.7,4.6,4.8,4.4,5.0,4.6,28647.0,3675245.0,400.6,51310.2,0.192,0.202,77.4,9934.9,81.7,10480.5,3.0,6.4,70,19,295,365,0.0,0.0,0.0,0.0,0.0,0.0,0.0,0.0,0.0,0.0,3.0,0.0,0,0,90,90
1659181,"A cozy, little apartment for two",,Entire rental unit,entire_home,https://a0.muscache.com/im/pictures/miso/Hosting-1659181/original/06f2c98e-c1f9-4aa8-b10a-271aa0685fc9.jpeg,15,,8792865,Nils,"","",true,64.1422,-21.9315,2,1,1,1.0,true,"Cleaning products,Shampoo,Conditioner,Body soap,Hot water,Shower gel,Washer,Essentials,Hangers,Bed linens,Drying rack for clothing,Clothing storage,TV,Game console,Books and reading material,Board games,Heating,Smoke alarm,Fire extinguisher,First aid kit,Wifi,Refrigerator,Microwave,Dishes and silverware,Freezer,Dishwasher,Stove,Oven,Hot water kettle,Coffee maker,Wine glasses,Baking sheet,Dining table,Private entrance,Paid parking on premises,Pets allowed",,false,3,Moderate,,,,,ISK,50,0,true,42,5.0,5.0,5.0,4.9,5.0,5.0,4.9,34627.0,4440174.0,151.1,19317.0,0.608,0.892,90.9,11659.4,133.2,17091.1,3.0,6.3,222,116,143,365,9392.0,1195121.0,150.1,19101.6,0.667,0.75,99.4,12642.9,111.8,14223.3,3.0,6.0,60,10,30,90
1705813,Cosy home with a hot tub,"Relax with your family at this peaceful place to stay. 3 bedrooms for 5 persons and a baby bed. The house is located in a quite suburb close to nature. Nice walking areas around Grafarvogur bay. The house is very close to the main road heading down town. Supermarket/petrol station is located in 2 minutes walk. The house is very cosy with hot tub that is always ready to use. Big and beutiful patio is facing south.<br /><br /><b>The space</b><br />Double room with 160 cm bed. Room with 2 80 cm beds.<br />Room with 1 sofa bed.<br />Toilet with a spacious shower.<br /><br /><b>Guest access</b><br />There is a good parking lot by the house. All major traffic routes are within easy reach, whether you are going to the center of Reykjavík or out of the city.",Entire home,entire_home,https://a0.muscache.com/im/pictures/miso/Hosting-1705813/original/c6854271-e543-4f92-ac87-944397bb7a81.jpeg,39,"https://a0.muscache.com/im/pictures/miso/Hosting-1705813/original/c6854271-e543-4f92-ac87-944397bb7a81.jpeg,https://a0.muscache.com/im/pictures/miso/Hosting-1705813/original/fde7b599-7307-44d8-ab36-03b688d169a9.jpeg,https://a0.muscache.com/im/pictures/miso/Hosting-1705813/original/a7533015-25f7-4820-89ff-6d3234944c35.jpeg,https://a0.muscache.com/im/pictures/miso/Hosting-1705813/original/41516faf-7555-40b1-a6af-2e1a12f12d45.jpeg,https://a0.muscache.com/im/pictures/miso/Hosting-1705813/original/177f3c70-7d5e-43c8-9f63-525a86daf4e2.jpeg,https://a0.muscache.com/im/pictures/miso/Hosting-1705813/original/e9330766-d248-47a1-863e-8b1d39958969.jpeg,https://a0.muscache.com/im/pictures/miso/Hosting-1705813/original/2df447b4-d3c8-4de8-bc04-9e7eb2c607f2.jpeg,https://a0.muscache.com/im/pictures/miso/Hosting-1705813/original/9bd3bee7-ef3e-41d4-ac1b-c5cef3adc8b5.jpeg,https://a0.muscache.com/im/pictures/miso/Hosting-1705813/original/5faf7209-26e0-4529-965f-0384e79ba24d.jpeg,https://a0.muscache.com/im/pictures/miso/Hosting-1705813/original/655cf443-38c9-491a-831e-7d80c54bd70d.jpeg,https://a0.muscache.com/im/pictures/miso/Hosting-1705813/original/2f1b2edd-0d37-4154-95e2-c01ff03a839e.jpeg,https://a0.muscache.com/im/pictures/miso/Hosting-1705813/original/52977d12-b5f6-4bf9-9842-aa361283d74e.jpeg,https://a0.muscache.com/im/pictures/miso/Hosting-1705813/original/01fc1d24-7164-45f6-b9c4-9d34301d56f3.jpeg,https://a0.muscache.com/im/pictures/miso/Hosting-1705813/original/f6eaca87-9d82-48c6-95d6-04f496986917.jpeg,https://a0.muscache.com/im/pictures/miso/Hosting-1705813/original/d59651bf-e15c-435c-801b-91b7fe567055.jpeg,https://a0.muscache.com/im/pictures/miso/Hosting-1705813/original/65c13846-463f-40d3-af0f-96697385133d.jpeg,https://a0.muscache.com/im/pictures/miso/Hosting-1705813/original/fa62dfba-9f70-4d7a-b3fa-b311a8a2f646.jpeg,https://a0.muscache.com/im/pictures/miso/Hosting-1705813/original/aef1a77a-8965-4846-a144-a181f357249e.jpeg,https://a0.muscache.com/im/pictures/miso/Hosting-1705813/original/e96e194d-8615-4423-9022-91ea3eb2ae9e.jpeg,https://a0.muscache.com/im/pictures/miso/Hosting-1705813/original/6997c6d0-3083-42da-b266-d2b32eb6c19f.jpeg,https://a0.muscache.com/im/pictures/miso/Hosting-1705813/original/b7136887-8f13-4f41-825c-ff59fbf7a91b.jpeg,https://a0.muscache.com/im/pictures/miso/Hosting-1705813/original/de07c400-adc2-4461-9b46-b3530c835a73.jpeg,https://a0.muscache.com/im/pictures/miso/Hosting-1705813/original/23009245-78d2-4226-b859-dea9c10349f6.jpeg,https://a0.muscache.com/im/pictures/miso/Hosting-1705813/original/96272b06-af29-4109-990f-2792e92d67f3.jpeg,https://a0.muscache.com/im/pictures/miso/Hosting-1705813/original/63721f0f-c69f-41c4-b388-6afcf6bc40c8.jpeg,https://a0.muscache.com/im/pictures/miso/Hosting-1705813/original/7f277e07-fc60-431b-96a2-fb78ed38618b.jpeg,https://a0.muscache.com/im/pictures/miso/Hosting-1705813/original/f6d9d9ae-9177-4750-87fd-0f83793bd6a2.jpeg,https://a0.muscache.com/im/pictures/miso/Hosting-1705813/original/31c78e21-1a44-46a9-854b-9f7bbd36b96f.jpeg,https://a0.muscache.com/im/pictures/miso/Hosting-1705813/original/5fb3088a-ce1b-43c3-a2ae-01a93ced0fad.jpeg,https://a0.muscache.com/im/pictures/faa226f8-718f-48c2-9e53-5e16e91f798f.jpg,https://a0.muscache.com/im/pictures/miso/Hosting-1705813/original/0c998e43-851f-4502-9d90-e24e3ce28a5c.jpeg,https://a0.muscache.com/im/pictures/miso/Hosting-1705813/original/bd2ccae5-b393-4395-83b4-e1f74ed302c0.jpeg,https://a0.muscache.com/im/pictures/miso/Hosting-1705813/original/c2b0219e-8e7c-473c-a5a2-dd4d68f9209f.jpeg,https://a0.muscache.com/im/pictures/miso/Hosting-1705813/original/7821d245-9639-49b1-8eb5-0e3d7764a4ce.jpeg,https://a0.muscache.com/im/pictures/miso/Hosting-1705813/original/3a5ec6f8-1e75-479c-bf07-c594e86486df.jpeg,https://a0.muscache.com/im/pictures/miso/Hosting-1705813/original/70816798-36f4-479e-a47a-42da710116be.jpeg,https://a0.muscache.com/im/pictures/miso/Hosting-1705813/original/7b91d580-6ede-4ea5-a48a-6abcf451058f.jpeg,https://a0.muscache.com/im/pictures/miso/Hosting-1705813/original/b73c8dbf-d304-4230-9f43-357a3cf5998f.jpeg,https://a0.muscache.com/im/pictures/miso/Hosting-1705813/original/755e8fca-0519-424b-8a7e-43a346185b35.jpeg",9002749,Hartmann,"","",true,64.1355,-21.8076,5,3,5,1.0,false,"Pets allowed,Hair dryer,Shampoo,Hot water,Shower gel,Washer,Dryer,Essentials,Hangers,Bed linens,Room-darkening shades,Iron,Clothing storage,TV,Sound system,Crib,High chair,Heating,Smoke alarm,Carbon monoxide alarm,Fire extinguisher,First aid kit,Wifi,Dedicated workspace,Kitchen,Refrigerator,Microwave,Dishes and silverware,Dishwasher,Stove,Oven,Hot water kettle,Coffee maker,Toaster,Blender,Dining table,Lake access,Private entrance,Patio or balcony,Backyard,Outdoor dining area,Free parking on premises,Hot tub,Luggage dropoff allowed,Long term stays allowed",,false,3,Moderate,3:00 PM,11:00 AM,true,false,ISK,0,0,true,39,4.97,5.0,5.0,5.0,5.0,4.9,4.9,38114.0,4905485.0,296.3,37875.8,0.356,0.376,104.4,13439.7,110.2,14177.7,3.0,6.8,130,19,235,365,5851.0,744537.0,290.8,37009.8,0.222,0.222,65.0,8272.6,65.0,8272.6,3.0,5.0,20,0,70,90
1742347,"Briet Apartments Reykjavík, 2 bedroom.",,Entire rental unit,entire_home,https://a0.muscache.com/im/pictures/25325256/8f66d31e_original.jpg,10,,9172500,Gudbjorg,"","",false,64.1464,-21.9356,6,2,6,1.0,false,"TV,Cable TV,Smoke alarm,Wifi,Fire extinguisher,Crib,Kitchen,Essentials,Shampoo,Hangers,Hair dryer,Iron,Heating,Cooking basics",,false,2,Firm,,,,,ISK,83,0,,15,4.27,4.1,4.8,4.2,3.9,4.8,4.2,14558.0,1877413.0,384.5,49152.8,0.096,0.227,37.4,4825.3,88.6,11436.6,2.0,2.9,35,211,330,365,3970.0,505180.0,416.2,52958.5,0.1,0.22,42.3,5378.4,92.8,11806.2,2.0,4.5,9,49,81,90
1750113,"Briet Apartments Reykjavik, 3 bedroom.",,Entire rental unit,entire_home,https://a0.muscache.com/im/pictures/55044506/14e9e3c2_original.jpg,17,,9172500,Gudbjorg,"","",false,64.1456,-21.9337,7,3,7,1.0,false,"Hair dryer,Shampoo,Essentials,Hangers,Iron,TV,Crib,Heating,Smoke alarm,Fire extinguisher,Wifi,Kitchen,Cooking basics",,false,2,Firm,,,,,ISK,82,0,,78,4.67,4.7,4.8,4.7,4.7,5.0,4.7,25272.0,3254910.0,594.9,76056.1,0.112,0.181,66.5,8574.5,107.0,13787.2,2.0,2.7,41,138,324,365,5723.0,728251.0,608.0,77365.1,0.1,0.153,60.9,7743.9,92.8,11812.7,2.0,1.8,9,31,81,90
1797351,"Briet Apartments Reykjavík, Holiday Home",,Entire home,entire_home,https://a0.muscache.com/im/pictures/25320960/b77426be_original.jpg,21,,9172500,Gudbjorg,"","",false,64.1473,-21.9341,13,5,13,2.0,false,"TV,Cable TV,Smoke alarm,Wifi,Fire extinguisher,Crib,Kitchen,Essentials,Shampoo,Hangers,Hair dryer,Iron,Coffee maker,Dishes and silverware,Heating,Cooking basics",,false,2,Firm,,,,,ISK,179,0,,62,4.64,4.7,4.8,4.7,4.8,5.0,4.6,14663.0,1865867.0,1003.0,128215.2,0.036,0.167,38.2,4862.3,178.8,22753.3,2.0,2.6,13,287,352,365,5538.0,704711.0,1074.7,136751.1,0.056,0.185,59.5,7577.0,198.5,25256.8,2.0,5.0,5,63,85,90
1912436,"In the heart of Reykjavík, 5 min walk","Cozy apartment in the old town, the heart of Reykjavik.<br /><br /><b>The space</b><br />THE APARTMENT<br />Nice small apartment located downtown in heart of Reykjavík.  A basement in detached house , with a common entrance with the owners (they also have another entrance they use more often).   It's an old house (the basement is newly restored) so sound and footsteps from the second floor can be heard, but that can also be quite cozy.<br /><br />There's free WIFi.<br /><br /><br />THE KITCHEN <br />Small but nice kitchen.  Has an old stove, fridge/with a cooker, freezer, dishwasher and a toaster.  The dinner table is maximum for three people, but you can also use the sofa table. <br /><br />THE BATHROOM <br />Bathroom is small and it has a shower.  There is a big mirror on the wall. You have to pass the bedroom to go to the bathroom.<br /><br />THE BEDROOM<br />Has a nice double size bed, a wardrobe and a shelf to store your things.  <br /><br />THE LIVING ROOM<br />The kitchen and living room are in a open space with a cozy sofa you sink in after a hard day travelling around the country side.<br /><br /><br />This is a lovely apartment for two people in the heart of Reykjavik.  Everything worth exploring in the city is in walking distance, but if you want to drive around Reykjavík or our beautiful country you can rent a car online.<br /><br /><br />*NOTE* - The apartment is only available when the owners are not using it,  We will open for bookings in the calendar when we know it will be available.<br /><br /><b>Other things to note</b><br />There is a lovely dog living on the upper floor in the house. She sometimes barks but she means well. Her name is Skotta (translates to Tail) and she can be a bit unsecure with new people so don't take it personally.<br /><br /><b>Registration Details</b><br />HG-00001125",Entire rental unit,entire_home,https://a0.muscache.com/im/pictures/381c0152-f04e-439b-8054-12eacdabade6.jpg,32,"https://a0.muscache.com/im/pictures/381c0152-f04e-439b-8054-12eacdabade6.jpg,https://a0.muscache.com/im/pictures/hosting/Hosting-U3RheVN1cHBseUxpc3Rpbmc6MTkxMjQzNg%3D%3D/original/b0c94a67-8216-4d4f-985e-7b57b43564e8.png,https://a0.muscache.com/im/pictures/hosting/Hosting-U3RheVN1cHBseUxpc3Rpbmc6MTkxMjQzNg%3D%3D/original/5c22e07a-babb-4eb8-918c-5fe6cb8ac13a.png,https://a0.muscache.com/im/pictures/hosting/Hosting-U3RheVN1cHBseUxpc3Rpbmc6MTkxMjQzNg%3D%3D/original/471b67b2-193a-4719-bc8a-67268665d691.png,https://a0.muscache.com/im/pictures/4eb010ac-87a4-431c-9e3c-6b32a6bd5852.jpg,https://a0.muscache.com/im/pictures/hosting/Hosting-U3RheVN1cHBseUxpc3Rpbmc6MTkxMjQzNg%3D%3D/original/c5350ce6-4839-4c93-9b60-c5324cb9afef.png,https://a0.muscache.com/im/pictures/hosting/Hosting-U3RheVN1cHBseUxpc3Rpbmc6MTkxMjQzNg%3D%3D/original/29e2aaab-44ac-42df-96ee-7147237c3e8a.png,https://a0.muscache.com/im/pictures/hosting/Hosting-U3RheVN1cHBseUxpc3Rpbmc6MTkxMjQzNg%3D%3D/original/3a774694-f188-4c67-9a4a-ee25d0fefea9.png,https://a0.muscache.com/im/pictures/hosting/Hosting-U3RheVN1cHBseUxpc3Rpbmc6MTkxMjQzNg%3D%3D/original/adf3959e-5c64-443a-a448-c87e312e9fd8.png,https://a0.muscache.com/im/pictures/hosting/Hosting-U3RheVN1cHBseUxpc3Rpbmc6MTkxMjQzNg%3D%3D/original/3dea6e20-cc91-40a3-b9b2-a18038b36e02.png,https://a0.muscache.com/im/pictures/hosting/Hosting-U3RheVN1cHBseUxpc3Rpbmc6MTkxMjQzNg%3D%3D/original/107c1c0c-c336-43d6-bf3d-8509597e1834.png,https://a0.muscache.com/im/pictures/hosting/Hosting-U3RheVN1cHBseUxpc3Rpbmc6MTkxMjQzNg%3D%3D/original/f50c6e7f-e048-4baa-a92b-b97cd78078d8.png,https://a0.muscache.com/im/pictures/1f3ea9fe-4c18-425d-9eb8-34851134ab02.jpg,https://a0.muscache.com/im/pictures/hosting/Hosting-U3RheVN1cHBseUxpc3Rpbmc6MTkxMjQzNg%3D%3D/original/0f0db7ec-a1f7-4fb2-a961-b0489516bcc2.png,https://a0.muscache.com/im/pictures/hosting/Hosting-U3RheVN1cHBseUxpc3Rpbmc6MTkxMjQzNg%3D%3D/original/7a9e4310-c686-44a4-96f6-25b8b0356509.png,https://a0.muscache.com/im/pictures/hosting/Hosting-U3RheVN1cHBseUxpc3Rpbmc6MTkxMjQzNg%3D%3D/original/6eb306a4-21b2-4dc7-9759-9dbd5d569999.png,https://a0.muscache.com/im/pictures/hosting/Hosting-U3RheVN1cHBseUxpc3Rpbmc6MTkxMjQzNg%3D%3D/original/f727e5a5-b6d1-4732-ae50-080bceb61fbb.png,https://a0.muscache.com/im/pictures/hosting/Hosting-U3RheVN1cHBseUxpc3Rpbmc6MTkxMjQzNg%3D%3D/original/60c549a6-b364-48af-a47e-e0aeba441698.png,https://a0.muscache.com/im/pictures/hosting/Hosting-U3RheVN1cHBseUxpc3Rpbmc6MTkxMjQzNg%3D%3D/original/e00c6e7d-f291-46ab-ad7f-27e345717970.png,https://a0.muscache.com/im/pictures/30e5ee8f-7bc3-40b3-8e77-9ab71c9680ae.jpg,https://a0.muscache.com/im/pictures/39225453/4930481e_original.jpg,https://a0.muscache.com/im/pictures/ac5a0318-fcab-4a8f-a3a7-f60414bc714d.jpg,https://a0.muscache.com/im/pictures/6177ef19-b5b8-4387-838d-b728fbffefc3.jpg,https://a0.muscache.com/im/pictures/9a97a7d0-efdb-41aa-806c-289ddcc893b8.jpg,https://a0.muscache.com/im/pictures/02525715-35d9-4814-a702-00394e4a2b28.jpg,https://a0.muscache.com/im/pictures/a23efb53-dc0f-446b-a877-fc77c48ddbaa.jpg,https://a0.muscache.com/im/pictures/7cce0acb-359f-4148-b339-954900c7edd1.jpg,https://a0.muscache.com/im/pictures/08967fe9-a1c9-4765-955c-ea0a35a59ff3.jpg,https://a0.muscache.com/im/pictures/426b94e5-0d69-40cb-bb78-b0c32d4ea9d6.jpg,https://a0.muscache.com/im/pictures/6b439b54-4401-4f89-94c9-2842398ff642.jpg,https://a0.muscache.com/im/pictures/594cb0d9-9418-4e86-a845-87da4bda51e2.jpg,https://a0.muscache.com/im/pictures/af103329-c819-438a-b11b-55c0a81f5d85.jpg",5074581,Ásta,"","",true,64.1518,-21.9517,2,1,1,1.0,true,"Hair dryer,Cleaning products,Body soap,Bidet,Hot water,Shower gel,Essentials,Hangers,Bed linens,Extra pillows and blankets,Room-darkening shades,Clothing storage,Heating,Smoke alarm,Fire extinguisher,Wifi,Kitchen,Refrigerator,Cooking basics,Dishes and silverware,Freezer,Dishwasher,Stove,Oven,Hot water kettle,Coffee maker,Wine glasses,Toaster,Dining table,Coffee,Free parking on premises,Free street parking",,false,3,Moderate,2:00 PM,12:00 PM,true,false,ISK,52,0,true,145,4.9,4.9,5.0,4.9,4.9,5.0,4.9,16288.0,2072635.0,143.2,18302.8,0.293,0.384,42.5,5406.5,55.6,7073.0,3.0,5.6,107,86,258,365,7590.0,965822.0,165.5,21065.4,0.489,0.489,80.3,10216.7,80.3,10216.7,3.0,5.5,44,0,46,90
1918231,"Modern 4 bdr,  3 bath Parliament Square Apartment","With private underground parking ,elevator and 3 full ( 2 en suite) bathrooms this modern apartment located by parliament square downtown, Reykjavik was fully renovated July 2020 and has all the amenities to make you feel comfortable. Balcony, and all of the best of Reykjavik within a walking distance. Please note that the parking space is for cars no higher than 1.9 meters.",Entire rental unit,entire_home,https://a0.muscache.com/im/pictures/miso/Hosting-1918231/original/d19a0beb-0647-4e57-a298-393321596e98.jpeg,19,"https://a0.muscache.com/im/pictures/miso/Hosting-1918231/original/d19a0beb-0647-4e57-a298-393321596e98.jpeg,https://a0.muscache.com/im/pictures/miso/Hosting-1918231/original/aa577a2a-78ce-45b4-b528-a9982c8735dd.jpeg,https://a0.muscache.com/im/pictures/miso/Hosting-1918231/original/92c4a938-15e1-4699-964b-2e54527d0e45.jpeg,https://a0.muscache.com/im/pictures/f1738858-6000-44a1-a5db-d0246f663b58.jpg,https://a0.muscache.com/im/pictures/miso/Hosting-1918231/original/c3d928bc-fb25-4328-a65b-b9a234417690.jpeg,https://a0.muscache.com/im/pictures/4cbdb89e-2f68-4f8a-a147-e6d1edf1deeb.jpg,https://a0.muscache.com/im/pictures/miso/Hosting-1918231/original/a3bf1175-b1a2-48d6-982d-745bf9a727d9.jpeg,https://a0.muscache.com/im/pictures/miso/Hosting-1918231/original/a5d68bc3-762d-4f9f-b0f9-c095127fe0c2.jpeg,https://a0.muscache.com/im/pictures/miso/Hosting-1918231/original/4dd4f42a-0ea9-4c33-b633-62832e92ab63.jpeg,https://a0.muscache.com/im/pictures/miso/Hosting-1918231/original/19f3e962-8c60-4866-a561-223eee4ea369.jpeg,https://a0.muscache.com/im/pictures/026c593e-2a2a-4773-b616-011ad44aea33.jpg,https://a0.muscache.com/im/pictures/7548b91b-9c5c-465c-af2f-852d7ad99ca8.jpg,https://a0.muscache.com/im/pictures/5b8cd75c-fb29-42a9-af68-364d11b99eac.jpg,https://a0.muscache.com/im/pictures/c308ca05-4382-4cd8-8a88-664f5c2c245d.jpg,https://a0.muscache.com/im/pictures/0f0023fa-93ca-492f-801a-daec41ca5b78.jpg,https://a0.muscache.com/im/pictures/c6ab9ec3-b823-452a-becb-b1c0e758d283.jpg,https://a0.muscache.com/im/pictures/ad8ba2b8-c41f-4b4e-a5d6-ba334b52fa9c.jpg,https://a0.muscache.com/im/pictures/27e57abd-df5c-4344-b92e-e77fdc967c48.jpg,https://a0.muscache.com/im/pictures/7d357190-a690-47bd-a6d5-fa642202db3b.jpg",225433778,Jenný,"7351939,36597762","Signy,Sigyn",false,64.1476,-21.9382,8,4,8,3.0,false,"Hair dryer,Cleaning products,Shampoo,Conditioner,Body soap,Hot water,Washer,Dryer,Essentials,Hangers,Bed linens,Extra pillows and blankets,Iron,TV,Crib,Pack ’n play/Travel crib,High chair,Heating,Smoke alarm,First aid kit,Wifi,Kitchen,Refrigerator,Microwave,Cooking basics,Dishes and silverware,Freezer,Dishwasher,Stove,Hot water kettle,Coffee maker,Wine glasses,Toaster,Baking sheet,Dining table,Patio or balcony,Free parking on premises,Single level home",,false,2,Firm,3:00 PM,11:00 AM,true,false,ISK,415,0,true,230,4.93,5.0,4.6,4.9,4.9,5.0,4.8,147060.0,1.8796576E7,720.0,92043.7,0.468,0.564,341.5,43684.6,411.4,52623.4,2.0,3.2,171,62,194,365,39643.0,5044572.0,732.9,93265.6,0.511,0.511,380.5,48422.8,380.5,48422.8,2.0,3.5,46,0,44,90
2174111,Downtown with a private hot tub,"Very cozy and comfortable apartment in the center of Reykjavik. It accommodates 4 in two bedrooms, kitchen and living room. Small balcony facing the shopping street Laugavegur and a bigger balcony with an outdoor Jacuzzi.",Entire rental unit,entire_home,https://a0.muscache.com/im/pictures/65224217/e2aef92d_original.jpg,16,"https://a0.muscache.com/im/pictures/65224217/e2aef92d_original.jpg,https://a0.muscache.com/im/pictures/65224399/6d42003f_original.jpg,https://a0.muscache.com/im/pictures/65224480/d05298e2_original.jpg,https://a0.muscache.com/im/pictures/65224522/29da21ff_original.jpg,https://a0.muscache.com/im/pictures/65224563/ca584ea6_original.jpg,https://a0.muscache.com/im/pictures/65224632/ee2ee370_original.jpg,https://a0.muscache.com/im/pictures/65224670/e5ce7432_original.jpg,https://a0.muscache.com/im/pictures/65224727/7a1a94da_original.jpg,https://a0.muscache.com/im/pictures/65224900/f50b335a_original.jpg,https://a0.muscache.com/im/pictures/65224959/47849e7a_original.jpg,https://a0.muscache.com/im/pictures/65224989/c8af20a4_original.jpg,https://a0.muscache.com/im/pictures/65225086/fff076e5_original.jpg,https://a0.muscache.com/im/pictures/65225152/5f1f6155_original.jpg,https://a0.muscache.com/im/pictures/65225235/32f545a4_original.jpg,https://a0.muscache.com/im/pictures/65225287/7b3d4871_original.jpg,https://a0.muscache.com/im/pictures/65225308/b8886e7f_original.jpg",11090505,Kolbrún,"","",true,64.1463,-21.9273,4,2,3,1.0,false,"Hair dryer,Shampoo,Conditioner,Body soap,Hot water,Essentials,Hangers,Bed linens,Room-darkening shades,Iron,TV,Crib,Heating,Smoke alarm,Fire extinguisher,Wifi,Kitchen,Refrigerator,Freezer,Dishwasher,Stove,Oven,Hot water kettle,Coffee maker,Wine glasses,Hot tub,Elevator",,false,2,Moderate,2:00 PM,11:00 AM,true,false,ISK,139,0,true,475,4.91,4.9,4.9,5.0,5.0,5.0,4.8,67720.0,8646902.0,337.8,43141.6,0.477,0.477,163.8,20927.9,163.8,20927.9,2.0,2.9,174,0,191,365,8113.0,1032380.0,306.1,38954.0,0.256,0.256,79.3,10095.2,79.3,10095.2,2.0,2.9,23,0,67,90
2298177,Spacious penthouse in the heart of Reykjavik,,Entire rental unit,entire_home,https://a0.muscache.com/im/pictures/77050857/9e5dc0ee_original.jpg,47,,6152069,Margeir Steinar,"","",false,64.1445,-21.9312,6,3,4,1.0,true,"Bathtub,Hair dryer,Shampoo,Hot water,Washer,Dryer,Essentials,Hangers,Bed linens,Room-darkening shades,Iron,TV,Game console,Crib,Pack ’n play/Travel crib,Children’s books and toys,High chair,Children’s dinnerware,Baby safety gates,Heating,Smoke alarm,Carbon monoxide alarm,Fire extinguisher,Wifi,Kitchen,Refrigerator,Cooking basics,Dishes and silverware,Stove,Coffee maker,Patio or balcony,Paid parking off premises,Paid parking on premises,Luggage dropoff allowed",,false,5,Strict,,,,,ISK,87,0,,118,4.9,5.0,4.9,4.8,5.0,4.9,4.6,32781.0,4171377.0,520.3,66518.9,0.173,0.362,88.4,11246.4,185.4,23591.7,5.0,7.9,63,191,302,365,2835.0,360753.0,549.2,69879.9,0.056,0.056,30.5,3885.4,30.9,3929.0,5.0,5.0,5,1,85,90
2411905,Beautiful Apartment City Center 101,"FANTASTIC LOCATION | Reykjavík 101 City Centre<br /><br />Luxurious, spacious apartment in the embassy district, one of Reykjavík’s most desirable areas. Across from a beautiful park, with private patio and separate entrance. Downtown yet quiet, with tour pickups just 3 minutes away. Comfortable beds and elegant living spaces make this one of Reykjavík’s top-rated stays.<br /><br />Loved by thousands of guests for 10+ years — over 700 five-star reviews! 🌟<br /><br /><b>The space</b><br />LOCATION, LOCATION, LOCATION<br />Stay in a beautiful, spacious apartment (94 m² / 1,011 sq ft) in a private villa in Reykjavík’s embassy district (101 Reykjavík) — the city’s most charming and central area. Just a 2-minute walk to the City Hall and Bus Stop #1 for day tours such as the Golden Circle, South Coast, Whale Watching, Northern Lights, and more.<br />The apartment has its own private entrance and doors opening onto a large patio and garden, offering both city access and peaceful outdoor space.<br /><br />Please note: there is an extra fee for additional guests after the first, and only registered, paying guests are allowed to stay in the apartment. 👥<br /> <br />🏡 The Apartment<br />•	Two bedrooms: one with a king bed, one with two singles (can be joined)<br />•	Bright living room (40 m²) with a Natuzzi leather sofa, a large smart TV + Netflix, and dining area for 6<br />•	Fully equipped kitchen (stove, oven, refrigerator, microwave oven, coffee maker, utensils, etc.)<br />•	Modern bathroom (renovated 2020) with underfloor heating and marble tiles.<br />•	Washing machine and drying rack<br />•	Free Wi-Fi, bedding, and towels included<br />•	Security alarm and fire detection system for peace of mind<br />Everything in the apartment — windows, floors, lights, beds, and furnishings — has been recently renovated.<br /> <br />🌆 Neighbourhood<br />The apartment is opposite a park (Landakotstún) with views toward Mount Esja and occasional northern lights. Restaurants, cafés, museums, supermarkets, and the Old Harbour are all within easy walking distance. Despite the central location, the street is quiet at night — the only early sound you might hear is birdsong.<br />•	Harpa Concert Hall, Reykjavík Pond, and Laugavegur shopping street – 5 min walk<br />•	Thermal swimming pool with hot pots – 7 min walk<br />•	National Museum, Library, and University of Icelafnd – 5 min walk<br />•	Gourmet food shop (Melabúðin) – nearby<br />Parking is in Zone P2 (blue zone): paid 9:00–21:00 on weekdays/Saturdays and 10:00–21:00 on Sundays (230 ISK/hour, free overnight). Add Parka app for convenience.<br /><br />You do not need a car  in downtown 101 Reykjavík, as the area is very walkable and has public transportation. If you plan to take day trips outside the city, you can  join guided tours, which are often a more relaxing option than driving yourself,  Bus stop #1 by the City Hall (5 min walk).<br /> <br />✈️ Airport Transfer<br />The Flybus from Keflavík Airport runs ≈ 40 min after each flight and stops at Bus Stop #1 (City Hall), 2 min from the apartment. Travel time ≈ 45–50 min.<br /> <br />🌱 Other Details<br />•	Tap water in Iceland is among the purest in the world — perfectly safe to drink.<br />•	We recycle: green bin (plastics), blue (paper), dark grey (food waste).<br />•	During high season (June–August), one-night stays are accepted only between longer bookings.<br />•	See our digital Guidebook for restaurant tips and local info.<br /> <br />📝 Guest Note<br />Please select the correct number of guests when booking; prices are based on single occupancy.<br /><br /><b>Guest access</b><br />Guests have access to the patio area / garden. Wi-Fi connection. <br /><br />There is also a special home security system; which:<br />- alerts if unexpected or unwanted parties are detected in or around the apartment when you are away and at night.<br />- Alerts if smoke is detected in the house<br />- Alerts if there is a water leak<br />- Power cut alerts<br /><br /><b>Other things to note</b><br />Please note that air conditioning is not needed in Iceland. We have central heating all year round. If you feel it is getting too warm or stuffy, turn down the radiators to 1 <<never 0) and open the windows or leave a small open (security lock when open).",Entire rental unit,entire_home,https://a0.muscache.com/im/pictures/c1095c39-8de8-462a-a588-6d3fca8677f9.jpg,48,"https://a0.muscache.com/im/pictures/c1095c39-8de8-462a-a588-6d3fca8677f9.jpg,https://a0.muscache.com/im/pictures/7e166dc6-ad1f-454c-94cd-ffb92d80c085.jpg,https://a0.muscache.com/im/pictures/3e0a40b2-3ae5-48fe-8154-54ace4faa044.jpg,https://a0.muscache.com/im/pictures/27a521a1-a474-48a6-90dc-d6ff34b3add1.jpg,https://a0.muscache.com/im/pictures/4042ba12-f6e1-4732-820f-3f1e0195fd23.jpg,https://a0.muscache.com/im/pictures/7d1ce96b-c170-4ac2-bc29-d19cadd70d6a.jpg,https://a0.muscache.com/im/pictures/44320ddb-a25c-4cee-8c8a-7bb2941e6073.jpg,https://a0.muscache.com/im/pictures/7a025978-d768-499d-bf60-1794bd8a128e.jpg,https://a0.muscache.com/im/pictures/0e8f61b1-8429-4b86-a201-18635953556b.jpg,https://a0.muscache.com/im/pictures/8a7712a1-f207-4417-9dab-b60e984d6208.jpg,https://a0.muscache.com/im/pictures/f5471b14-2250-4791-acdd-1e8f8837e788.jpg,https://a0.muscache.com/im/pictures/0ef32d66-e5de-41f5-8f47-8d906a0f2c6a.jpg,https://a0.muscache.com/im/pictures/32168359/cf3c738f_original.jpg,https://a0.muscache.com/im/pictures/32170191/08ba817d_original.jpg,https://a0.muscache.com/im/pictures/32170720/84cde76b_original.jpg,https://a0.muscache.com/im/pictures/32171056/f03c32cf_original.jpg,https://a0.muscache.com/im/pictures/32171394/6d447e18_original.jpg,https://a0.muscache.com/im/pictures/32171511/840ad66c_original.jpg,https://a0.muscache.com/im/pictures/32171700/d8903fef_original.jpg,https://a0.muscache.com/im/pictures/miso/Hosting-2411905/original/52dfa37f-5338-4cff-8df3-edcb070b0d57.jpeg,https://a0.muscache.com/im/pictures/miso/Hosting-2411905/original/90563ba1-a2fb-4177-9ea8-ef9107e6fddd.jpeg,https://a0.muscache.com/im/pictures/miso/Hosting-2411905/original/bbfd6dc9-bce6-4ea7-8b14-8abd45ac0b54.jpeg,https://a0.muscache.com/im/pictures/1c3b31fc-b3b0-458b-afb3-443b63303df3.jpg,https://a0.muscache.com/im/pictures/418baa42-e78f-445a-bd55-dc1bd4e2e32b.jpg,https://a0.muscache.com/im/pictures/33191159/34e1fce3_original.jpg,https://a0.muscache.com/im/pictures/33214364/4b3514e5_original.jpg,https://a0.muscache.com/im/pictures/62942333/af740c8d_original.jpg,https://a0.muscache.com/im/pictures/32175463/ebce4fd7_original.jpg,https://a0.muscache.com/im/pictures/96782334/526f8fe9_original.jpg,https://a0.muscache.com/im/pictures/2662d811-d2e6-4070-9c32-b8bd784bde9d.jpg,https://a0.muscache.com/im/pictures/06b3653e-61d9-4ea4-946e-cd30b8d7dbf3.jpg,https://a0.muscache.com/im/pictures/d5943401-42d0-4fd7-a5e9-1e3ceea5b4ed.jpg,https://a0.muscache.com/im/pictures/f6ecd7d7-2c10-4c75-84fc-b440675949a7.jpg,https://a0.muscache.com/im/pictures/6aef30b9-b6fb-4d78-bac0-68dc68f567d6.jpg,https://a0.muscache.com/im/pictures/7bdf7e08-4c40-4ebc-aeb0-938911ef568d.jpg,https://a0.muscache.com/im/pictures/miso/Hosting-2411905/original/94a16391-2ae6-48cc-b037-e075f908bfdb.png,https://a0.muscache.com/im/pictures/miso/Hosting-2411905/original/fab6b1b4-774d-4660-871d-14c9d4216f90.png,https://a0.muscache.com/im/pictures/miso/Hosting-2411905/original/db5faaee-80e4-4d05-bd2d-4260b3fe81ba.jpeg,https://a0.muscache.com/im/pictures/miso/Hosting-2411905/original/25f219cf-0558-40b3-aab9-b626c3938d83.png,https://a0.muscache.com/im/pictures/miso/Hosting-2411905/original/29113a40-5b6b-468d-8d95-d1e3df478091.jpeg,https://a0.muscache.com/im/pictures/miso/Hosting-2411905/original/5443507c-0a94-4cf2-b5e6-308220a151ae.jpeg,https://a0.muscache.com/im/pictures/miso/Hosting-2411905/original/81cf5aae-3f92-47c2-b6b7-be5ad7e729cf.jpeg,https://a0.muscache.com/im/pictures/miso/Hosting-2411905/original/10b0360e-f647-4fc3-855c-9b0b04e1527a.jpeg,https://a0.muscache.com/im/pictures/miso/Hosting-2411905/original/f9ba20e0-6280-411c-8c3d-40f5562b76c8.png,https://a0.muscache.com/im/pictures/miso/Hosting-2411905/original/cba2cc5f-287e-441c-97ce-3a192550a3f5.png,https://a0.muscache.com/im/pictures/miso/Hosting-2411905/original/95b377ea-4b2d-44c6-b3e7-d3b6dc40a67c.png,https://a0.muscache.com/im/pictures/miso/Hosting-2411905/original/f2de261c-4855-426e-b6d5-5b2267a15be9.png,https://a0.muscache.com/im/pictures/hosting/Hosting-2411905/original/f7e4db47-722c-4be8-af88-ec68cae8664b.png",12326649,Maja & Gunnar,"","",true,64.1479,-21.9485,4,2,3,1.0,false,"Wifi,Air conditioning,Hair dryer,Cleaning products,Shampoo,Body soap,Hot water,Washer,Essentials,Hangers,Bed linens,Iron,Drying rack for clothing,Clothing storage,TV,Books and reading material,Crib,Pack ’n play/Travel crib,Heating,Smoke alarm,Carbon monoxide alarm,Fire extinguisher,First aid kit,Wifi,Kitchen,Refrigerator,Microwave,Cooking basics,Dishes and silverware,Freezer,Stove,Oven,Hot water kettle,Coffee maker,Wine glasses,Toaster,Baking sheet,Dining table,Coffee,Private entrance,Patio or balcony,Backyard,Outdoor furniture,Outdoor dining area,Paid parking off premises,Single level home",,false,1,Moderate,1:00 PM,11:00 AM,true,false,ISK,81,0,true,771,4.85,4.9,4.9,4.9,4.9,5.0,4.8,66454.0,8479092.0,190.3,24303.2,0.871,0.871,165.6,21140.8,165.6,21140.8,1.0,2.9,318,0,47,365,14855.0,1890284.0,211.1,26866.6,0.722,0.722,150.7,19170.8,150.7,19170.8,1.0,3.6,65,0,25,90
2472386,Stylish and spacious 60's apartment,"Our cozy 60's spacious apartment has one big bedroom with double bed, the second bedroom with single bunk bed (90x200 cm) and the third bedroom with a bunk bed for 4-8 year old, dining room, and living room. It is centrally located, close to Laugardalslaug (geothermal pool and hot tubs) and around 35 min walk to the down town. Perfect for a couple or a family.<br /><br /><b>The space</b><br />We will provide you freshly laundered sheets and towels, duvet, pillows, and hairdryer. <br /><br />THE APARTMENT (120 sqm)  has one bedroom with a comfortable double bed in one, single bed in the second room and a bunk bed for 4-8 years old in the third one. There is also a dining room, living room, kitchen and a bathroom.<br /><br />Everything you need for a comfortable stay including high-speed internet, laundry, parking and five mins walk to the bus stop where you can be in the center in 15 minutes.<br /><br />Great base for couple and friends to explore Reykjavik and relax in the comfortable and spacious apartment.<br /><br />Don't hesitate to get in touch and ask any questions.<br /><br />This is a non-smoking household.<br /><br /><b>Guest access</b><br />- Cooking facilities with a fridge, freezer, oven, toaster & kettle. <br />-Dishwasher<br />- Washing machine. <br />- Hairdryer. <br />- WiFi <br />- Espresso machine<br />- Basics such as tea, coffee, cereals and other little extra’s suited to the needs of the guests staying.",Entire condo,entire_home,https://a0.muscache.com/im/pictures/hosting/Hosting-U3RheVN1cHBseUxpc3Rpbmc6MjQ3MjM4Ng%3D%3D/original/e9921de3-03d8-4c0e-bc96-a800f0141d8f.jpeg,30,"https://a0.muscache.com/im/pictures/hosting/Hosting-U3RheVN1cHBseUxpc3Rpbmc6MjQ3MjM4Ng%3D%3D/original/e9921de3-03d8-4c0e-bc96-a800f0141d8f.jpeg,https://a0.muscache.com/im/pictures/34200221/23cae63a_original.jpg,https://a0.muscache.com/im/pictures/hosting/Hosting-U3RheVN1cHBseUxpc3Rpbmc6MjQ3MjM4Ng%3D%3D/original/e74638a5-1cc2-4b5a-9e1a-7fae1c3e54da.jpeg,https://a0.muscache.com/im/pictures/hosting/Hosting-2472386/original/c297b9bd-d29e-4fb2-bf25-dde19892917d.jpeg,https://a0.muscache.com/im/pictures/hosting/Hosting-U3RheVN1cHBseUxpc3Rpbmc6MjQ3MjM4Ng%3D%3D/original/b7fb793f-4ec0-4d1d-9f72-f1986b5925b0.jpeg,https://a0.muscache.com/im/pictures/hosting/Hosting-2472386/original/ab312110-cf8d-4608-b53c-6d111e2c8bf0.jpeg,https://a0.muscache.com/im/pictures/34200246/b8177d3a_original.jpg,https://a0.muscache.com/im/pictures/39252488/c16c0a6e_original.jpg,https://a0.muscache.com/im/pictures/39252529/6a91fcf5_original.jpg,https://a0.muscache.com/im/pictures/39252654/a44cd0f1_original.jpg,https://a0.muscache.com/im/pictures/39252827/e5bd82b7_original.jpg,https://a0.muscache.com/im/pictures/hosting/Hosting-2472386/original/26771976-2b2d-43f8-8207-8df6f21198c9.jpeg,https://a0.muscache.com/im/pictures/hosting/Hosting-2472386/original/c83c5794-7797-42f6-a84c-84844db99bb0.jpeg,https://a0.muscache.com/im/pictures/hosting/Hosting-2472386/original/7aa641a8-fcd6-4cf5-9fa1-da71fac40c18.jpeg,https://a0.muscache.com/im/pictures/hosting/Hosting-2472386/original/cec1c60a-621e-4e20-bd54-99852d166137.jpeg,https://a0.muscache.com/im/pictures/hosting/Hosting-2472386/original/88bf0432-5a93-4be9-8030-02765d3671e8.jpeg,https://a0.muscache.com/im/pictures/hosting/Hosting-2472386/original/10d2cfee-ebbd-41e9-a5a7-5cde0fc20ed7.jpeg,https://a0.muscache.com/im/pictures/hosting/Hosting-2472386/original/5284954b-151d-4beb-bebc-0f51a75fcea8.jpeg,https://a0.muscache.com/im/pictures/hosting/Hosting-U3RheVN1cHBseUxpc3Rpbmc6MjQ3MjM4Ng%3D%3D/original/797c26bd-3024-4c3b-8f36-474929253bf5.jpeg,https://a0.muscache.com/im/pictures/hosting/Hosting-U3RheVN1cHBseUxpc3Rpbmc6MjQ3MjM4Ng%3D%3D/original/19da98d4-9c85-46ee-b5fa-bc2370d4356a.jpeg,https://a0.muscache.com/im/pictures/hosting/Hosting-U3RheVN1cHBseUxpc3Rpbmc6MjQ3MjM4Ng%3D%3D/original/c4f000cd-32d8-4735-872a-3c9686541328.jpeg,https://a0.muscache.com/im/pictures/hosting/Hosting-U3RheVN1cHBseUxpc3Rpbmc6MjQ3MjM4Ng%3D%3D/original/0ebaef35-d30f-48b6-be8f-dcb50a84c1ec.jpeg,https://a0.muscache.com/im/pictures/hosting/Hosting-U3RheVN1cHBseUxpc3Rpbmc6MjQ3MjM4Ng%3D%3D/original/936b4af4-bf47-411e-8924-64518f9f2f05.jpeg,https://a0.muscache.com/im/pictures/hosting/Hosting-U3RheVN1cHBseUxpc3Rpbmc6MjQ3MjM4Ng%3D%3D/original/b65377d7-df62-4282-b852-931c74f858bb.jpeg,https://a0.muscache.com/im/pictures/hosting/Hosting-U3RheVN1cHBseUxpc3Rpbmc6MjQ3MjM4Ng%3D%3D/original/8f35fb43-4758-4d95-ba7e-585b291032be.jpeg,https://a0.muscache.com/im/pictures/hosting/Hosting-U3RheVN1cHBseUxpc3Rpbmc6MjQ3MjM4Ng%3D%3D/original/c9635f89-118e-4e66-a71d-1b1542b7b6dc.jpeg,https://a0.muscache.com/im/pictures/hosting/Hosting-U3RheVN1cHBseUxpc3Rpbmc6MjQ3MjM4Ng%3D%3D/original/73d4ab69-4b4b-40ba-99db-8adfd5d2e2d2.jpeg,https://a0.muscache.com/im/pictures/hosting/Hosting-U3RheVN1cHBseUxpc3Rpbmc6MjQ3MjM4Ng%3D%3D/original/628d3b64-7762-46d1-95a3-52a29eb4acae.jpeg,https://a0.muscache.com/im/pictures/hosting/Hosting-U3RheVN1cHBseUxpc3Rpbmc6MjQ3MjM4Ng%3D%3D/original/88ce41d8-e9a5-49ec-a630-4458b84bbd8e.jpeg,https://a0.muscache.com/im/pictures/hosting/Hosting-U3RheVN1cHBseUxpc3Rpbmc6MjQ3MjM4Ng%3D%3D/original/8e9bb481-b2f2-4bd7-b08b-434591529e85.jpeg",589450923,Brynja Dís,11568466,Valur,false,64.1338,-21.8624,5,3,5,1.0,false,"Hair dryer,Shampoo,Hot water,Washer,Dryer,Essentials,Iron,TV,Smoke alarm,Fire extinguisher,First aid kit,Wifi,Dedicated workspace,Kitchen,Free parking on premises",,false,6,Firm,3:00 PM,1:00 PM,false,false,ISK,322,0,false,11,4.91,4.6,4.8,4.8,5.0,4.6,4.7,6269.0,797726.0,213.0,27237.2,0.074,0.083,15.4,1961.0,17.3,2202.4,6.0,13.5,27,40,338,365,0.0,0.0,221.8,28228.1,0.0,0.0,0.0,0.0,0.0,0.0,6.0,0.0,0,40,90,90
2539356,Apartment with an ocean view,"Beautiful apartm. in a architect. villa. One bedroom, living room, kitchen and a bath. Big garden with a wooden terrace. 15-20 min. walk to the city center. Parking in front of the apartment. Located by ocean front with a great path along the coast.<br /><br /><b>The space</b><br />The apartmend is located in a quiet neighborhood at an ocean front. 5-7 min. walk to the next swimming pool, 5 min. walk to then next supermarket, bakery on the next corner. 15-20 min. walk to the city center.",Entire guest suite,entire_home,https://a0.muscache.com/im/pictures/airflow/Hosting-2539356/original/f9c7ae99-3607-4ba5-9425-417e8630ed80.jpg,5,"https://a0.muscache.com/im/pictures/airflow/Hosting-2539356/original/f9c7ae99-3607-4ba5-9425-417e8630ed80.jpg,https://a0.muscache.com/im/pictures/airflow/Hosting-2539356/original/68acce2a-d452-47a8-9253-ad37a6ed3f2b.jpg,https://a0.muscache.com/im/pictures/airflow/Hosting-2539356/original/e6f170f6-21cc-4543-83b8-97d729b1ef05.jpg,https://a0.muscache.com/im/pictures/airflow/Hosting-2539356/original/d667365b-37e9-445f-9b43-74bb75d95708.jpg,https://a0.muscache.com/im/pictures/airflow/Hosting-2539356/original/b8cc15ee-a701-4881-b2b7-89b69e9b40a6.jpg",1136314,Margret,"","",false,64.1369,-21.9616,3,1,2,1.0,false,"Hair dryer,Shampoo,Hot water,Washer,Dryer,Hangers,Iron,Heating,Smoke alarm,Fire extinguisher,First aid kit,Wifi,Kitchen,Refrigerator,Cooking basics,Dishes and silverware,Oven,Coffee maker,Free parking on premises,Free street parking,Luggage dropoff allowed,Long term stays allowed",,false,8,Moderate,,,true,false,ISK,4787,0,false,106,4.92,4.9,4.9,4.9,4.9,4.9,4.9,15611.0,1990305.0,142.6,18223.0,0.332,0.526,42.8,5452.9,67.9,8653.5,7.9,7.6,121,135,244,365,0.0,0.0,162.2,20635.6,0.0,0.0,0.0,0.0,0.0,0.0,7.0,0.0,0,0,90,90
2580540,City Center Superb Studio,"FANTASTIC LOCATION ! (City centre area code 101) Registration No. HG-00014836<br /><br />Loved by guests for 10+ years — over 650 five-star reviews! 🌟<br /><br />Elegant studio apartment in the peaceful embassy district — the heart of Reykjavík. Across from a beautiful park, with private entrance and large terrace. Includes a bathroom, well-equipped kitchen area, and comfortable beds. Short walk to cafés, restaurants, shops, and art galleries. Tour pickups 3 minutes away.<br /><br /><b>The space</b><br />✨ LOCATION, LOCATION, LOCATION<br /><br />Stay in the heart of Reykjavík and enjoy the best of both worlds — the charm of the city and easy access to Iceland’s famous day tours. Bus Stop #1 (City Hall) is just a 5-minute walk away for Golden Circle, South Coast, Whale Watching, and Northern Lights tours, as well as the Flybus airport transfer.<br /><br />This elegant, cosy studio is part of a private villa in the peaceful embassy district (101 Reykjavík), only a 5-minute walk to great restaurants, cafés, and nightlife. Despite the central location, the street is quiet, with a large backyard and a beautiful park across the road. The only morning sound you’ll hear is birdsong.<br /><br />Please note: there is an extra fee for an additional guest after the first, and only  paying guests are allowed to stay in the apartment. 👥<br /><br />🏡 The Studio apartment<br /><br />Modern kitchen (utensils, microwave, bar stools)<br /><br />Bathroom with floor heating, large mirror, and washing machine<br /><br />Two comfortable single beds (can be joined) and a sofabed (for 2).<br /><br />Double glass doors opening onto a private terrace<br /><br />Wi-Fi, bedding, and towels are included. Self check-in makes arrival easy and flexible.<br /><br />Please select the correct number of guests (max 2) when booking; prices are based on single occupancy.<br /><br />🌆 Neighbourhood<br /><br />Reykjavík’s main attractions are all within a 5-minute walk: Harpa Concert Hall, the harbour, museums, galleries, the Reykjavík Pond, and Laugavegur shopping street. The National Museum, University of Iceland, and a lovely thermal swimming pool with hot pots and sauna are also nearby.<br /><br />Parking is in Zone P2 (blue zone): paid 9:00–21:00 on weekdays/Saturdays and 10:00–21:00 on Sundays (230 ISK/hour, free overnight). Add Parka app for convenience.<br /><br />You do not need a car  in downtown 101 Reykjavík, as the area is very walkable and has public transportation. If you plan to take day trips outside the city, you can  join guided tours, which are often a more relaxing option than driving yourself,  Bus stop #1 by the City Hall (5 min walk).<br /> <br /><br />✈️ Airport Transfer<br /><br />The Flybus departs about 40 minutes after each flight from Keflavík Airport to Reykjavík. You can take it directly to Bus Stop #1 (City Hall), just 5 minutes from the apartment, or to the BSI Terminal (15 min away - taxi 5 min).<br /><br />📘 Additional Information<br /><br />Once booked, you’ll have access to our digital Guidebook with restaurant tips and local recommendations.<br /><br /><b>Guest access</b><br />Wi-Fi.<br />Terrace right in front of studio.",Entire rental unit,entire_home,https://a0.muscache.com/im/pictures/485e247a-7bf2-472a-9c00-e330946b4941.jpg,32,"https://a0.muscache.com/im/pictures/485e247a-7bf2-472a-9c00-e330946b4941.jpg,https://a0.muscache.com/im/pictures/afb75fb9-741f-4702-b024-a935418faa89.jpg,https://a0.muscache.com/im/pictures/66665feb-b727-4b78-8bd0-39e7dd84c505.jpg,https://a0.muscache.com/im/pictures/184d6c52-8a1f-4d72-9d6e-71fe18fedfa9.jpg,https://a0.muscache.com/im/pictures/431dd479-5f72-4e12-a184-77e3427dff9e.jpg,https://a0.muscache.com/im/pictures/c22cfa94-da6f-49d3-af2d-e107cd78a173.jpg,https://a0.muscache.com/im/pictures/10e4f86a-fb54-4ce9-9188-df895c23d672.jpg,https://a0.muscache.com/im/pictures/eb56e9c9-bd77-4f0f-b349-f51ac66c722e.jpg,https://a0.muscache.com/im/pictures/c03b7505-3217-4873-9be5-756ff992cab5.jpg,https://a0.muscache.com/im/pictures/e7cb08dd-ecc9-4986-817c-af55b6edc40f.jpg,https://a0.muscache.com/im/pictures/34663052/60692d90_original.jpg,https://a0.muscache.com/im/pictures/34663226/d4eee181_original.jpg,https://a0.muscache.com/im/pictures/34663189/565f2999_original.jpg,https://a0.muscache.com/im/pictures/34663165/7a810e3d_original.jpg,https://a0.muscache.com/im/pictures/34663277/1ffada54_original.jpg,https://a0.muscache.com/im/pictures/34663315/264663ab_original.jpg,https://a0.muscache.com/im/pictures/34663349/c79e09ba_original.jpg,https://a0.muscache.com/im/pictures/36516950/ed7b64f5_original.jpg,https://a0.muscache.com/im/pictures/62944199/fd1d9c24_original.jpg,https://a0.muscache.com/im/pictures/62951449/b1bf93bc_original.jpg,https://a0.muscache.com/im/pictures/96782650/b5542341_original.jpg,https://a0.muscache.com/im/pictures/0617838f-120a-43c1-b1f1-6e8d8013fbb8.jpg,https://a0.muscache.com/im/pictures/2b42faf2-87ef-48b5-a535-fd87f4fe422c.jpg,https://a0.muscache.com/im/pictures/798d3a3b-ae47-4cb6-a1ba-945aad2cb562.jpg,https://a0.muscache.com/im/pictures/miso/Hosting-2580540/original/120e92db-4fb4-4bb0-a496-aa0cc52c120d.png,https://a0.muscache.com/im/pictures/miso/Hosting-2580540/original/b1540954-fd3e-4d1c-a857-a3fdc4b48152.jpeg,https://a0.muscache.com/im/pictures/miso/Hosting-2580540/original/c6290afb-654e-4168-8676-d9ef29081119.png,https://a0.muscache.com/im/pictures/miso/Hosting-2580540/original/5b4216c6-19ae-4ea0-a7c4-4c64ef68b157.png,https://a0.muscache.com/im/pictures/miso/Hosting-2580540/original/df5923b0-c833-463f-88a2-8cdf6ac45c94.jpeg,https://a0.muscache.com/im/pictures/miso/Hosting-2580540/original/8b3132cd-b241-45a3-a8b6-64a22ee5b1e6.png,https://a0.muscache.com/im/pictures/miso/Hosting-2580540/original/b599fe76-60b1-403f-8e12-29e5d688362d.png,https://a0.muscache.com/im/pictures/hosting/Hosting-2580540/original/024f979e-5a75-4b82-b4f7-adcfce3d5fda.png",12326649,Maja & Gunnar,"","",true,64.1472,-21.9477,3,,2,1.0,false,"Hair dryer,Cleaning products,Shampoo,Body soap,Hot water,Washer,Essentials,Hangers,Bed linens,Iron,Drying rack for clothing,Clothing storage,Pack ’n play/Travel crib,Heating,Smoke alarm,Fire extinguisher,First aid kit,Wifi,Kitchen,Refrigerator,Microwave,Cooking basics,Dishes and silverware,Stove,Oven,Hot water kettle,Coffee maker,Wine glasses,Toaster,Coffee,Private entrance,Patio or balcony,Backyard,Outdoor furniture,Outdoor dining area,Paid parking on premises",,false,1,Moderate,1:00 PM,11:00 AM,true,false,ISK,58,35,true,686,4.83,4.9,4.9,4.8,4.9,5.0,4.7,49198.0,6284888.0,159.4,20378.4,0.775,0.782,123.5,15783.3,124.5,15914.1,1.0,2.9,283,3,82,365,9806.0,1247802.0,170.7,21725.7,0.578,0.598,99.9,12716.5,103.4,13155.0,1.0,3.5,52,3,38,90
2583567,Apartment in Reykjavík centrum,,Entire rental unit,entire_home,https://a0.muscache.com/im/pictures/34021267/13ebaa9e_original.jpg,24,,12990187,Helga Berglind,"","",false,64.1419,-21.9343,4,2,3,1.0,false,"Hair dryer,Hot water,Washer,Essentials,Hangers,Iron,TV,Heating,Smoke alarm,Wifi,Kitchen,Hot tub,Paid parking off premises",,false,3,Firm,,,,,ISK,57,0,true,34,4.85,4.8,4.5,4.9,4.7,5.0,4.7,12932.0,1645591.0,435.9,55730.4,0.079,0.1,34.2,4349.5,43.2,5493.3,3.0,2.1,29,76,336,365,3740.0,475914.0,458.9,58399.1,0.089,0.092,40.3,5126.8,41.7,5303.5,3.0,2.7,8,3,82,90
2682367,Smidjan - Guesthouse,"Beautiful guesthouse in the centre of Reykjavik<br />This contemporary house/villa is in a quiet residential area in the centre of Reykjavík built in 2002 and designed by its architect owner. The part being rented out is a detached, i.e. separate guest house. The bustling center (Miðbær) is a 3 min bus ride away from the house. The location offers fantastic walking and cycling routes along the sea front. Free parking outside of the house as well as private patio.",Entire guesthouse,entire_home,https://a0.muscache.com/im/pictures/miso/Hosting-2682367/original/3fcd3da8-df25-4b74-a7c3-957c5ac1b8f6.jpeg,45,"https://a0.muscache.com/im/pictures/miso/Hosting-2682367/original/3fcd3da8-df25-4b74-a7c3-957c5ac1b8f6.jpeg,https://a0.muscache.com/im/pictures/miso/Hosting-2682367/original/e7ae45f0-997f-4f88-9e99-4e7b04465c0d.jpeg,https://a0.muscache.com/im/pictures/miso/Hosting-2682367/original/cb9715d6-6307-4922-84a6-377e7925bd4a.jpeg,https://a0.muscache.com/im/pictures/miso/Hosting-2682367/original/f4132309-d1b1-40fc-a43a-3b6786957149.jpeg,https://a0.muscache.com/im/pictures/miso/Hosting-2682367/original/c1a1d74c-54d3-44a9-9454-b828e862b36a.jpeg,https://a0.muscache.com/im/pictures/miso/Hosting-2682367/original/ae53b50a-3b65-4d30-9487-58f88bdb28fe.jpeg,https://a0.muscache.com/im/pictures/miso/Hosting-2682367/original/ff6509ee-996b-4e84-b841-2ff392137dab.jpeg,https://a0.muscache.com/im/pictures/miso/Hosting-2682367/original/06d35357-5c0b-427a-ad4b-b2a41e2ba0b1.jpeg,https://a0.muscache.com/im/pictures/miso/Hosting-2682367/original/d92aa726-058a-4550-aed4-5db057fdcbd7.jpeg,https://a0.muscache.com/im/pictures/miso/Hosting-2682367/original/8c7f0ab7-f8a3-4512-863d-e22880120a22.jpeg,https://a0.muscache.com/im/pictures/miso/Hosting-2682367/original/c9d1fe1f-7387-4300-ba62-c29902cf6ada.jpeg,https://a0.muscache.com/im/pictures/miso/Hosting-2682367/original/c4955329-7095-493f-9069-115321625dfc.jpeg,https://a0.muscache.com/im/pictures/miso/Hosting-2682367/original/b4dcdbcf-0807-4600-8b67-3b17702783ad.jpeg,https://a0.muscache.com/im/pictures/miso/Hosting-2682367/original/4f1db391-e8a9-4064-a690-9f185e9758a4.jpeg,https://a0.muscache.com/im/pictures/miso/Hosting-2682367/original/c68bc2df-2df4-413d-aeb3-9c613683c8bd.jpeg,https://a0.muscache.com/im/pictures/miso/Hosting-2682367/original/17084c0d-2b73-46e3-adc8-8a820c634cef.jpeg,https://a0.muscache.com/im/pictures/miso/Hosting-2682367/original/45b431e0-321e-4bce-a655-047910f14e7c.jpeg,https://a0.muscache.com/im/pictures/miso/Hosting-2682367/original/f3b4c2a5-c838-4c0b-b669-0f26e269ee70.jpeg,https://a0.muscache.com/im/pictures/miso/Hosting-2682367/original/e960b2e7-2645-4d3d-a71a-ca87f61e1a11.jpeg,https://a0.muscache.com/im/pictures/miso/Hosting-2682367/original/71c232eb-b343-4804-a958-443082a4fde9.jpeg,https://a0.muscache.com/im/pictures/miso/Hosting-2682367/original/654c2bea-7836-46c1-abca-72301ad6c9e6.jpeg,https://a0.muscache.com/im/pictures/miso/Hosting-2682367/original/f4fe3ff2-ebe5-4766-b281-42b2b67f2f52.jpeg,https://a0.muscache.com/im/pictures/miso/Hosting-2682367/original/6f5ec6df-264c-49ba-a059-603f404b02e1.jpeg,https://a0.muscache.com/im/pictures/miso/Hosting-2682367/original/8a1c5f95-5aab-4895-9ac5-6c6922f05ae2.jpeg,https://a0.muscache.com/im/pictures/miso/Hosting-2682367/original/1abb6d51-3107-4b1d-b747-a546a04185f6.jpeg,https://a0.muscache.com/im/pictures/miso/Hosting-2682367/original/743323a3-9dab-4bf4-ab3e-ca85fd984f05.jpeg,https://a0.muscache.com/im/pictures/miso/Hosting-2682367/original/bb125e26-1283-4d42-9144-d2d8d83d5207.jpeg,https://a0.muscache.com/im/pictures/miso/Hosting-2682367/original/a0df049b-3f5b-4835-ad33-a51732799a78.jpeg,https://a0.muscache.com/im/pictures/miso/Hosting-2682367/original/319996d5-1dd1-42b4-beb2-8873adae0371.jpeg,https://a0.muscache.com/im/pictures/miso/Hosting-2682367/original/bc1869a9-02bf-404e-affe-ce4aa97bbd4f.jpeg,https://a0.muscache.com/im/pictures/miso/Hosting-2682367/original/04be62fa-3b43-43b4-9908-5f9567191974.jpeg,https://a0.muscache.com/im/pictures/miso/Hosting-2682367/original/730c2d33-c5c1-4e69-a1fe-5b124e9ebce0.jpeg,https://a0.muscache.com/im/pictures/miso/Hosting-2682367/original/a0266654-dc4b-44ee-91c2-dcfee029baf6.jpeg,https://a0.muscache.com/im/pictures/miso/Hosting-2682367/original/0adf826f-ef50-4c34-94f9-2627d6bc4148.jpeg,https://a0.muscache.com/im/pictures/miso/Hosting-2682367/original/cb699132-d5a4-4697-a43e-a2740dd0738f.jpeg,https://a0.muscache.com/im/pictures/miso/Hosting-2682367/original/52d7af6b-c340-4fc2-a64c-37d515b8a0f5.jpeg,https://a0.muscache.com/im/pictures/miso/Hosting-2682367/original/4dc5a4a6-aafd-45df-88ae-42b477cfb2b7.jpeg,https://a0.muscache.com/im/pictures/miso/Hosting-2682367/original/dbe76588-30e2-423a-b2b3-b85e9c4d7603.jpeg,https://a0.muscache.com/im/pictures/miso/Hosting-2682367/original/5053db2a-bb30-44e9-8d15-aecbe7af0adb.jpeg,https://a0.muscache.com/im/pictures/miso/Hosting-2682367/original/8b062b96-cf69-41cc-a5dc-1dcc6bb19bca.jpeg,https://a0.muscache.com/im/pictures/miso/Hosting-2682367/original/8c148684-a4d6-410a-8e17-821e2eff5bee.jpeg,https://a0.muscache.com/im/pictures/miso/Hosting-2682367/original/b403dfff-7653-4856-86c3-10e391a4e311.jpeg,https://a0.muscache.com/im/pictures/miso/Hosting-2682367/original/011018b4-f247-4388-ac71-e0ed16c84a9f.jpeg,https://a0.muscache.com/im/pictures/miso/Hosting-2682367/original/eb735706-f326-4b88-bd41-86a6c172486a.jpeg,https://a0.muscache.com/im/pictures/miso/Hosting-2682367/original/15525faa-7110-4e78-9ac9-07d487d34828.jpeg",5495736,Gudrun Edda,"","",false,64.1297,-21.9565,4,2,2,1.0,false,"Washer,TV,High chair,Smoke alarm,Fire extinguisher,First aid kit,Wifi,Dedicated workspace,Kitchen,Refrigerator,Beach access,Backyard,Outdoor dining area,BBQ grill,Free parking on premises",,false,2,Moderate,4:00 PM,12:00 AM,false,true,ISK,1,0,false,2,,,,,,,,4625.0,588527.0,414.3,52955.9,0.033,0.102,12.7,1611.7,39.2,4985.4,2.0,4.0,12,247,353,365,457.0,58153.0,456.2,58051.4,0.011,0.2,5.1,646.1,91.4,11630.6,2.0,1.0,1,85,89,90
2755263,"#1 Stylish Room, Central Reykjavik.","Experience Comfort and Convenience in the Heart of Reykjavik<br /><br />Welcome to your home away from home! I’m excited to offer you a memorable stay in Reykjavik, where comfort meets cleanliness. My space is designed to provide the tranquility and privacy you would expect from a hotel, with all the cozy touches of a personal retreat<br /><br />Whether you’re here to explore the vibrant city, relax after a day of adventures, or simply enjoy a peaceful getaway, you’ll find everything you need for a perfect stay<br /><br /><b>The space</b><br />Welcome to your ideal retreat in the heart of Reykjavik! This beautifully decorated and roomy bedroom is perfectly located just steps away from the iconic Hallgrímskirkja Church and a quick 5 minute walk to both Hlemmur Bus Station and BSI Reykjavik Bus Station, making it easy to explore the city and beyond.<br /><br />The private room features a comfortable new king-sized bed (160x200), complimentary Wi-Fi, and ample storage space for all your belongings. You’ll have access to shared facilities, including a modern tiled bathroom and a nearly fully equipped kitchen, where you can prepare your favorite meals.<br /><br />Come and enjoy a blend of comfort, style, and convenience in this fantastic location!<br /><br /><b>Other things to note</b><br />See details in house manual.",Private room in hostel,private_room,https://a0.muscache.com/im/pictures/59526748-09ff-4086-94bf-80a7319f4de9.jpg,33,"https://a0.muscache.com/im/pictures/59526748-09ff-4086-94bf-80a7319f4de9.jpg,https://a0.muscache.com/im/pictures/1960de39-16cc-4c97-bbf6-f0c1437341c5.jpg,https://a0.muscache.com/im/pictures/3610f114-b8e8-42e4-9fba-2283c6118db1.jpg,https://a0.muscache.com/im/pictures/c4d93fda-05ae-4b3a-ad0a-12638fe36d6f.jpg,https://a0.muscache.com/im/pictures/5cc11053-4c22-4fdc-9925-b516675acaf0.jpg,https://a0.muscache.com/im/pictures/38648467/4a339908_original.jpg,https://a0.muscache.com/im/pictures/828d1789-dd78-4909-bb6d-51af4c442e2d.jpg,https://a0.muscache.com/im/pictures/0b7ff484-d774-49a6-9602-d0b86fbd5ea9.jpg,https://a0.muscache.com/im/pictures/d8318f06-916b-4d6f-ba52-52963daba35e.jpg,https://a0.muscache.com/im/pictures/6084b2a5-b7ff-46f7-a14a-d173b9b5017b.jpg,https://a0.muscache.com/im/pictures/efae8db4-a2b3-45d8-bae6-8bd97e07df01.jpg,https://a0.muscache.com/im/pictures/38646459/6f427f83_original.jpg,https://a0.muscache.com/im/pictures/38479576/02a9a8d4_original.jpg,https://a0.muscache.com/im/pictures/38646428/7e55985f_original.jpg,https://a0.muscache.com/im/pictures/38646440/cdb264ca_original.jpg,https://a0.muscache.com/im/pictures/38479511/0b51d709_original.jpg,https://a0.muscache.com/im/pictures/38646471/1e7eb026_original.jpg,https://a0.muscache.com/im/pictures/38646481/7aa562fc_original.jpg,https://a0.muscache.com/im/pictures/38646496/e6461a69_original.jpg,https://a0.muscache.com/im/pictures/38646527/5d4c8959_original.jpg,https://a0.muscache.com/im/pictures/38648474/27a52379_original.jpg,https://a0.muscache.com/im/pictures/38646539/25ed69b2_original.jpg,https://a0.muscache.com/im/pictures/38648476/f9cf864c_original.jpg,https://a0.muscache.com/im/pictures/38646551/76d71522_original.jpg,https://a0.muscache.com/im/pictures/38646567/b758e5d9_original.jpg,https://a0.muscache.com/im/pictures/38646586/9db0d910_original.jpg,https://a0.muscache.com/im/pictures/38648471/c336ddac_original.jpg,https://a0.muscache.com/im/pictures/38648479/ab6dd1a0_original.jpg,https://a0.muscache.com/im/pictures/38648483/52c0de2f_original.jpg,https://a0.muscache.com/im/pictures/38648485/92247657_original.jpg,https://a0.muscache.com/im/pictures/38648487/bcbac818_original.jpg,https://a0.muscache.com/im/pictures/38648489/cee69160_original.jpg,https://a0.muscache.com/im/pictures/38648491/0f3e231e_original.jpg",3836429,Jóhann,159165457,Rakel,true,64.1446,-21.9179,2,1,1,2.0,false,"Wifi,Hair dryer,Cleaning products,Shampoo,Conditioner,Body soap,Hot water,Essentials,Hangers,Bed linens,Room-darkening shades,Drying rack for clothing,Clothing storage,Heating,Smoke alarm,Carbon monoxide alarm,Fire extinguisher,First aid kit,Wifi,Dedicated workspace,Kitchen,Refrigerator,Microwave,Cooking basics,Dishes and silverware,Mini fridge,Freezer,Dishwasher,Stove,Hot water kettle,Coffee maker,Wine glasses,Toaster,Dining table,Coffee,Laundromat nearby,Free street parking,Paid parking off premises,Long term stays allowed",,false,1,Moderate,4:00 PM,11:00 AM,false,true,ISK,35,0,true,469,4.59,4.7,4.7,4.7,4.8,4.9,4.6,34638.0,4421103.0,99.0,12652.9,0.877,0.877,87.5,11173.0,87.5,11173.0,1.1,2.9,320,0,45,365,7390.0,940369.0,88.9,11310.9,0.844,0.844,75.1,9557.7,75.1,9557.7,1.0,3.3,76,0,14,90
2755488,#3 Newly renovated private room,"Welcome to my place. <br />I wish to offer you an unforgettable and comfortable place to stay in Reykjavik. <br />Private and clean as a hotel.<br /><br /><b>The space</b><br />This stylish and spacious bedroom is situated next to the famous Hallgrímskirkja Church in Reykjavik city centre. Hlemmur Bus Station and BSI Reykjavik Bus Station are both just a 5-minute walk away.<br /><br />The tastefully decorated private room offers 2 new s bed 90x200cm, free Wi-Fi and plenty of storage space.  Communal facilities include a 2 tiled bathroom, and a almost fully equipped kitchen.<br /><br /><b>Other things to note</b><br />See details in house manual.",Private room in hostel,private_room,https://a0.muscache.com/im/pictures/c4f4046b-054a-4599-b211-9242d20ace72.jpg,26,"https://a0.muscache.com/im/pictures/c4f4046b-054a-4599-b211-9242d20ace72.jpg,https://a0.muscache.com/im/pictures/48c795a6-7604-40e7-b714-29365a88e528.jpg,https://a0.muscache.com/im/pictures/86a912ff-645f-4b5e-be2a-f5a9b8aa7f77.jpg,https://a0.muscache.com/im/pictures/82679716-c508-47bb-82c9-4983ba80cfc8.jpg,https://a0.muscache.com/im/pictures/4d0788eb-157f-490b-ab22-45c0b949a8da.jpg,https://a0.muscache.com/im/pictures/f1c25afc-f591-4b1b-8dcb-ee6c67c0511c.jpg,https://a0.muscache.com/im/pictures/d2d18181-ae8f-4628-9411-b42a1b12d498.jpg,https://a0.muscache.com/im/pictures/23c3db8e-8255-401a-bff2-608a5b6a5db5.jpg,https://a0.muscache.com/im/pictures/38955282/46bf058e_original.jpg,https://a0.muscache.com/im/pictures/38955432/81066ddc_original.jpg,https://a0.muscache.com/im/pictures/38648075/81e732bd_original.jpg,https://a0.muscache.com/im/pictures/38648081/8545251c_original.jpg,https://a0.muscache.com/im/pictures/38648092/486193df_original.jpg,https://a0.muscache.com/im/pictures/38648072/efd01ae2_original.jpg,https://a0.muscache.com/im/pictures/38648103/1a8f579e_original.jpg,https://a0.muscache.com/im/pictures/38648100/633faac3_original.jpg,https://a0.muscache.com/im/pictures/38955310/5b5e0b86_original.jpg,https://a0.muscache.com/im/pictures/38955401/3de59de3_original.jpg,https://a0.muscache.com/im/pictures/38955352/93aaab88_original.jpg,https://a0.muscache.com/im/pictures/38955378/097dd773_original.jpg,https://a0.muscache.com/im/pictures/38955464/7346dd11_original.jpg,https://a0.muscache.com/im/pictures/38955491/482666d5_original.jpg,https://a0.muscache.com/im/pictures/38648089/c35ea8ce_original.jpg,https://a0.muscache.com/im/pictures/38648090/61581cde_original.jpg,https://a0.muscache.com/im/pictures/38648096/24f3f45f_original.jpg,https://a0.muscache.com/im/pictures/38648107/0cae7cca_original.jpg",3836429,Jóhann,159165457,Rakel,true,64.1446,-21.9179,2,1,2,2.0,false,"Hair dryer,Cleaning products,Shampoo,Conditioner,Hot water,Shower gel,Essentials,Hangers,Bed linens,Room-darkening shades,Clothing storage,Ethernet connection,Heating,Smoke alarm,Carbon monoxide alarm,Fire extinguisher,First aid kit,Wifi,Dedicated workspace,Kitchen,Refrigerator,Microwave,Cooking basics,Dishes and silverware,Mini fridge,Freezer,Dishwasher,Stove,Hot water kettle,Coffee maker,Wine glasses,Toaster,Dining table,Coffee,Laundromat nearby,Paid parking off premises",,false,1,Moderate,4:00 PM,11:00 AM,true,true,ISK,35,0,true,501,4.71,4.8,4.8,4.8,4.8,4.9,4.7,34810.0,4443937.0,95.5,12210.2,0.901,0.901,86.5,11040.3,86.5,11040.3,1.1,2.2,329,0,36,365,7828.0,996110.0,83.9,10679.0,0.922,0.922,77.6,9880.2,77.6,9880.2,1.0,2.1,83,0,7,90
2755880,#4 Your NO.1 private and cozy room,"Welcome to my place. <br />I wish to offer you an unforgettable and comfortable place to stay in Reykjavik. <br />Private and clean as a hotel.<br /><br /><b>The space</b><br />This stylish and spacious bedroom is situated next to the famous Hallgrímskirkja Church in Reykjavik city centre. Hlemmur Bus Station and BSI Reykjavik Bus Station are both just a 5-minute walk away.<br /><br />The tastefully decorated private room offers 2 new beds 90x200, free Wi-Fi and plenty of storage space.  Communal facilities include a 2 tiled bathroom, and a almost fully equipped kitchen.<br /><br /><b>Other things to note</b><br />See details in house manual.",Private room in hostel,private_room,https://a0.muscache.com/im/pictures/39162706/4b7d5e44_original.jpg,33,"https://a0.muscache.com/im/pictures/39162706/4b7d5e44_original.jpg,https://a0.muscache.com/im/pictures/39162805/afff93e3_original.jpg,https://a0.muscache.com/im/pictures/39162739/225b7ff7_original.jpg,https://a0.muscache.com/im/pictures/39162911/adff6000_original.jpg,https://a0.muscache.com/im/pictures/39162993/b85349e2_original.jpg,https://a0.muscache.com/im/pictures/39162948/9da13d0a_original.jpg,https://a0.muscache.com/im/pictures/39163498/3ba02313_original.jpg,https://a0.muscache.com/im/pictures/39162833/6969d27a_original.jpg,https://a0.muscache.com/im/pictures/39163029/50e93095_original.jpg,https://a0.muscache.com/im/pictures/38647217/9991f540_original.jpg,https://a0.muscache.com/im/pictures/38647305/e2ae3ed7_original.jpg,https://a0.muscache.com/im/pictures/38647186/c8c20892_original.jpg,https://a0.muscache.com/im/pictures/38647244/f33d546c_original.jpg,https://a0.muscache.com/im/pictures/38647320/a5bcba1d_original.jpg,https://a0.muscache.com/im/pictures/38647330/66cb82bc_original.jpg,https://a0.muscache.com/im/pictures/38647200/4cd23208_original.jpg,https://a0.muscache.com/im/pictures/38647292/830d53b9_original.jpg,https://a0.muscache.com/im/pictures/38647175/7d608bf3_original.jpg,https://a0.muscache.com/im/pictures/38647164/6ff2b743_original.jpg,https://a0.muscache.com/im/pictures/38647269/128b1598_original.jpg,https://a0.muscache.com/im/pictures/38647344/9279ab09_original.jpg,https://a0.muscache.com/im/pictures/38648006/49a4bf9c_original.jpg,https://a0.muscache.com/im/pictures/38648003/b583c788_original.jpg,https://a0.muscache.com/im/pictures/38647996/5736f71a_original.jpg,https://a0.muscache.com/im/pictures/38648013/2e2876b7_original.jpg,https://a0.muscache.com/im/pictures/38648026/45c6a388_original.jpg,https://a0.muscache.com/im/pictures/38648017/cd6dba0b_original.jpg,https://a0.muscache.com/im/pictures/38648008/ad9683d3_original.jpg,https://a0.muscache.com/im/pictures/38648022/63f77598_original.jpg,https://a0.muscache.com/im/pictures/38648033/a6834e78_original.jpg,https://a0.muscache.com/im/pictures/38648029/e3c6e29e_original.jpg,https://a0.muscache.com/im/pictures/f5d3e57f-4749-4be7-ae8e-8e075a3a2389.jpg,https://a0.muscache.com/im/pictures/65c178b0-b3b2-4d2a-b77a-4abb33f60f1e.jpg",3836429,Jóhann,159165457,Rakel,true,64.1446,-21.9179,2,1,2,2.0,false,"Hair dryer,Cleaning products,Shampoo,Conditioner,Body soap,Hot water,Shower gel,Essentials,Hangers,Bed linens,Room-darkening shades,Drying rack for clothing,Clothing storage,Ethernet connection,Heating,Smoke alarm,Carbon monoxide alarm,Fire extinguisher,First aid kit,Wifi,Dedicated workspace,Kitchen,Refrigerator,Microwave,Cooking basics,Dishes and silverware,Mini fridge,Freezer,Dishwasher,Stove,Hot water kettle,Coffee maker,Wine glasses,Toaster,Dining table,Coffee,Laundromat nearby,Paid parking off premises,Long term stays allowed",,false,1,Moderate,4:00 PM,11:00 AM,true,true,ISK,35,0,true,557,4.78,4.9,4.8,4.8,4.9,4.9,4.8,33907.0,4328713.0,93.7,11983.5,0.899,0.899,84.5,10785.6,84.5,10785.6,1.1,2.4,328,0,37,365,7477.0,951449.0,84.2,10711.6,0.878,0.878,73.7,9383.9,73.7,9383.9,1.0,2.4,79,0,11,90
2755929,#5  No.1 location in Reykjavik,"Welcome to my place. <br />I wish to offer you an unforgettable and comfortable place to stay in Reykjavik. <br />Private and clean as a hotel.<br /><br /><b>The space</b><br />This stylish and spacious bedroom is situated next to the famous Hallgrímskirkja Church in Reykjavik city centre. Hlemmur Bus Station and BSI Reykjavik Bus Station are both just a 5-minute walk away.<br /><br />The tastefully decorated private room offers 1 new s bed 160x200, free Wi-Fi and plenty of storage space.  Communal facilities include a 2 tiled bathroom, and a almost fully equipped kitchen.<br /><br /><b>Other things to note</b><br />See details in house manual.<br /><br /><b>Registration Details</b><br />LG-REK-014341",Private room in hostel,private_room,https://a0.muscache.com/im/pictures/0474e5d3-137d-4f17-9603-f0dc5f8be3d8.jpg,34,"https://a0.muscache.com/im/pictures/0474e5d3-137d-4f17-9603-f0dc5f8be3d8.jpg,https://a0.muscache.com/im/pictures/c0a0da56-31a5-49f5-9cc4-926f5e175d30.jpg,https://a0.muscache.com/im/pictures/3e1e5284-97d1-4f74-92cf-6215e2303152.jpg,https://a0.muscache.com/im/pictures/d19762d6-c63a-4f14-9bba-2f4758c44ba4.jpg,https://a0.muscache.com/im/pictures/f2434f15-89d8-4eb7-9914-79487a682fd0.jpg,https://a0.muscache.com/im/pictures/55bf8f47-1aa8-47ea-bf68-27d4d8686948.jpg,https://a0.muscache.com/im/pictures/e6bd26f4-3b4b-4325-a94e-4de46c635d01.jpg,https://a0.muscache.com/im/pictures/fa95a15c-451b-468d-b647-a158761b5da7.jpg,https://a0.muscache.com/im/pictures/38647445/10dda7b4_original.jpg,https://a0.muscache.com/im/pictures/38647457/4646afd8_original.jpg,https://a0.muscache.com/im/pictures/38647437/65e564f5_original.jpg,https://a0.muscache.com/im/pictures/38647887/ca12d499_original.jpg,https://a0.muscache.com/im/pictures/38647392/aba08f6e_original.jpg,https://a0.muscache.com/im/pictures/38647905/0dac5a9e_original.jpg,https://a0.muscache.com/im/pictures/38647402/e2c37a27_original.jpg,https://a0.muscache.com/im/pictures/38647473/26a31f5f_original.jpg,https://a0.muscache.com/im/pictures/38647486/3f24495f_original.jpg,https://a0.muscache.com/im/pictures/38647465/0343280a_original.jpg,https://a0.muscache.com/im/pictures/38647898/e2c54c62_original.jpg,https://a0.muscache.com/im/pictures/38647420/ac045626_original.jpg,https://a0.muscache.com/im/pictures/38647496/fc83c47d_original.jpg,https://a0.muscache.com/im/pictures/38647381/1f9e585d_original.jpg,https://a0.muscache.com/im/pictures/38647481/8b4eab14_original.jpg,https://a0.muscache.com/im/pictures/38647878/6d33815f_original.jpg,https://a0.muscache.com/im/pictures/38647914/0817daa2_original.jpg,https://a0.muscache.com/im/pictures/38647910/fbb400ec_original.jpg,https://a0.muscache.com/im/pictures/38647917/93cdada6_original.jpg,https://a0.muscache.com/im/pictures/38647920/08fffa97_original.jpg,https://a0.muscache.com/im/pictures/38647922/c5c2d589_original.jpg,https://a0.muscache.com/im/pictures/38647925/00fc52d8_original.jpg,https://a0.muscache.com/im/pictures/38647929/27a90be4_original.jpg,https://a0.muscache.com/im/pictures/38647936/7a47e05a_original.jpg,https://a0.muscache.com/im/pictures/38647940/f1a4e710_original.jpg,https://a0.muscache.com/im/pictures/38647945/24223b46_original.jpg",3836429,Jóhann,159165457,Rakel,true,64.1444,-21.9169,2,1,1,2.0,true,"Hair dryer,Cleaning products,Shampoo,Conditioner,Body soap,Hot water,Essentials,Hangers,Bed linens,Room-darkening shades,Clothing storage,Ethernet connection,Heating,Smoke alarm,Carbon monoxide alarm,Fire extinguisher,First aid kit,Wifi,Dedicated workspace,Kitchen,Refrigerator,Microwave,Cooking basics,Dishes and silverware,Mini fridge,Freezer,Dishwasher,Stove,Hot water kettle,Coffee maker,Wine glasses,Toaster,Dining table,Coffee,Laundromat nearby,Paid parking off premises,Long term stays allowed",,false,1,Moderate,4:00 PM,11:00 AM,true,false,ISK,35,0,true,542,4.71,4.8,4.8,4.8,4.8,4.9,4.7,34776.0,4441594.0,92.8,11863.9,0.921,0.921,86.1,10997.3,86.1,10997.3,1.1,2.2,336,0,29,365,7610.0,968369.0,81.6,10379.3,0.922,0.922,76.0,9670.9,76.0,9670.9,1.0,2.5,83,0,7,90
2755949,#6 Private room ! NO.1 location,"Welcome to my place. <br />I wish to offer you an unforgettable and comfortable place to stay in Reykjavik. <br />Private and clean as a hotel.<br /><br /><b>The space</b><br />This stylish and spacious bedroom is situated next to the famous Hallgrímskirkja Church in Reykjavik city centre. Hlemmur Bus Station and BSI Reykjavik Bus Station are both just a 5-minute walk away.<br /><br />The tastefully decorated private room offers 1 new s bed 160x200, free Wi-Fi and plenty of storage space.  Communal facilities include a 2 tiled bathroom, and a almost fully equipped kitchen.<br /><br /><b>Other things to note</b><br />See details in house manual.",Private room in hostel,private_room,https://a0.muscache.com/im/pictures/c7fb1823-7eda-46bc-b8b5-bf5d8e099e9e.jpg,27,"https://a0.muscache.com/im/pictures/c7fb1823-7eda-46bc-b8b5-bf5d8e099e9e.jpg,https://a0.muscache.com/im/pictures/faf44a87-141a-4051-a2c8-6401ac2be2c0.jpg,https://a0.muscache.com/im/pictures/616e76a7-2859-4c9e-b34d-0a7c592a0d6f.jpg,https://a0.muscache.com/im/pictures/54ff2337-e9a9-495b-a5db-1a52ffcd48a5.jpg,https://a0.muscache.com/im/pictures/b24e0cca-1016-4ae0-b6cc-37abba7a39e8.jpg,https://a0.muscache.com/im/pictures/05b0db02-bfcc-4c69-b6a9-1be321ddb103.jpg,https://a0.muscache.com/im/pictures/459e7863-228b-48b7-8c4b-12147ce15a3e.jpg,https://a0.muscache.com/im/pictures/d6c4cb76-bfbf-416b-ad29-9bcd7cd2dfd7.jpg,https://a0.muscache.com/im/pictures/38647777/48a7d7fe_original.jpg,https://a0.muscache.com/im/pictures/38647537/071367d5_original.jpg,https://a0.muscache.com/im/pictures/38647557/4124a5a8_original.jpg,https://a0.muscache.com/im/pictures/38647571/74f11fb5_original.jpg,https://a0.muscache.com/im/pictures/38647585/56c33e22_original.jpg,https://a0.muscache.com/im/pictures/38647594/6e9a52e8_original.jpg,https://a0.muscache.com/im/pictures/38647598/04b0e995_original.jpg,https://a0.muscache.com/im/pictures/38647606/d4abce54_original.jpg,https://a0.muscache.com/im/pictures/38647618/4ad375a8_original.jpg,https://a0.muscache.com/im/pictures/38647630/0ddd29d6_original.jpg,https://a0.muscache.com/im/pictures/38647661/525f4e1d_original.jpg,https://a0.muscache.com/im/pictures/38647706/8d67d070_original.jpg,https://a0.muscache.com/im/pictures/38647709/95ac53a9_original.jpg,https://a0.muscache.com/im/pictures/38647721/ee8a2eb1_original.jpg,https://a0.muscache.com/im/pictures/38647723/48492b54_original.jpg,https://a0.muscache.com/im/pictures/38647728/a3a2ec54_original.jpg,https://a0.muscache.com/im/pictures/38647761/92b3fafe_original.jpg,https://a0.muscache.com/im/pictures/38647766/ea11a8ca_original.jpg,https://a0.muscache.com/im/pictures/38647814/6b500edc_original.jpg",3836429,Jóhann,159165457,Rakel,true,64.1435,-21.9183,2,1,1,2.0,false,"Hair dryer,Cleaning products,Shampoo,Conditioner,Body soap,Hot water,Shower gel,Essentials,Hangers,Bed linens,Room-darkening shades,Clothing storage,Heating,Smoke alarm,Carbon monoxide alarm,Fire extinguisher,First aid kit,Wifi,Dedicated workspace,Kitchen,Refrigerator,Microwave,Cooking basics,Dishes and silverware,Mini fridge,Dishwasher,Stove,Coffee maker,Wine glasses,Toaster,Coffee,Laundromat nearby,Paid parking off premises,Luggage dropoff allowed,Long term stays allowed",,false,1,Moderate,4:00 PM,11:00 AM,true,false,ISK,35,0,true,541,4.71,4.8,4.8,4.8,4.9,4.9,4.7,35275.0,4504815.0,95.4,12198.7,0.915,0.915,87.4,11170.5,87.4,11170.5,1.2,2.1,334,0,31,365,7907.0,1006161.0,81.8,10414.6,0.956,0.956,78.5,9991.8,78.5,9991.8,1.0,2.1,86,0,4,90
2763705,Old Charm Apt - V8 Black house,This interior designed self-catering apartment combines old charm with modern elements. It includes a free WiFi access and a fully equipped kitchen. Laugavegur shopping street is just 1 minutes' walk away. Parking is free on site.<br /><br /><b>The space</b><br />We offer a comfortable and cosy two level apartment in this 120 year old house that have been renovated to fulfill the standards of new guesthouses but still hold on to the old feeling of the house.<br />The room setup is following:<br />- Two rooms with double bed<br />- One room with two single beds<br /><br /><b>Guest access</b><br />Guests have access to fully equipped kitchen and bathroom with a shower. There is also a living room with TV.<br /><br /><b>Other things to note</b><br />Check - in is after 2 pm and check - out is before 11 am.,Entire rental unit,entire_home,https://a0.muscache.com/im/pictures/46272180/8731a26e_original.jpg,9,"https://a0.muscache.com/im/pictures/46272180/8731a26e_original.jpg,https://a0.muscache.com/im/pictures/46272271/f74df24b_original.jpg,https://a0.muscache.com/im/pictures/46272357/7155ca52_original.jpg,https://a0.muscache.com/im/pictures/46272416/bbda8610_original.jpg,https://a0.muscache.com/im/pictures/46272495/d188a959_original.jpg,https://a0.muscache.com/im/pictures/46272594/c453aa25_original.jpg,https://a0.muscache.com/im/pictures/46272674/768b5970_original.jpg,https://a0.muscache.com/im/pictures/46272850/457d4624_original.jpg,https://a0.muscache.com/im/pictures/46714213/a5a98dbe_original.jpg",6901863,Gamla Reykjavík,"","",true,64.1452,-21.9253,6,3,4,1.0,false,"Hair dryer,Essentials,TV,Crib,Heating,Smoke alarm,Fire extinguisher,First aid kit,Wifi,Kitchen,Cooking basics,Free parking on premises",,false,1,Moderate,2:00 PM,11:00 AM,true,false,ISK,0,0,true,120,4.93,4.9,4.9,5.0,5.0,4.9,4.8,141717.0,1.8120135E7,640.0,81795.5,0.605,0.767,388.3,49644.2,492.1,62917.1,1.1,1.7,221,77,144,365,17583.0,2237434.0,537.9,68449.0,0.378,0.773,195.4,24860.4,399.6,50850.8,1.0,2.4,34,46,56,90
2872385,Kalli´s apts city center - studio 4,"This is a lovely studio apartment for 2 people in the center of Reykjavík. Kalli's apartments are located in a quiet street only a few minutes walk from the main shopping street, the bus terminal, museums, restaurants and bars.<br /><br /><b>The space</b><br />The studio (second floor) is a beautifully renovated and furnished one room apartment with a fully equipped kitchen, TV, double bed, dining area and bathroom with a shower.<br /><br /><b>Guest access</b><br />Bedclothes and towels are provided. All guests have access to a washing machine and dryer upon request. The apartment is non-smoking. <br />There is free wifi and parking in the street.<br /><br /><b>Other things to note</b><br />I am happy to say that all building work has been completed and we have returned to being a friendly community/ neighborhood",Entire rental unit,entire_home,https://a0.muscache.com/im/pictures/37173015/68af72dc_original.jpg,3,"https://a0.muscache.com/im/pictures/37173015/68af72dc_original.jpg,https://a0.muscache.com/im/pictures/37173035/66d851a5_original.jpg,https://a0.muscache.com/im/pictures/37173059/5b79da22_original.jpg",734944,Sigríður,"","",true,64.1424,-21.9106,2,,1,1.0,false,"Hair dryer,Shampoo,Conditioner,Body soap,Hot water,Shower gel,Washer,Dryer,Essentials,Bed linens,Room-darkening shades,Iron,Clothing storage,TV,Books and reading material,Crib,Pack ’n play/Travel crib,Heating,Smoke alarm,Fire extinguisher,Wifi,Dedicated workspace,Kitchen,Refrigerator,Cooking basics,Dishes and silverware,Stove,Oven,Hot water kettle,Wine glasses,Toaster,Dining table,Free parking on premises,Long term stays allowed",,false,4,Flexible,,,true,false,ISK,0,0,true,133,4.86,4.8,4.9,4.9,4.9,4.9,4.7,15664.0,1993231.0,182.4,23312.8,0.236,0.236,42.9,5460.9,42.9,5460.9,4.0,5.4,86,0,279,365,797.0,101418.0,187.8,23894.6,0.044,0.044,8.9,1126.9,8.9,1126.9,4.0,4.0,4,0,86,90
2877141,Downtown lux apartment with a view,,Entire rental unit,entire_home,https://a0.muscache.com/im/pictures/39818281/074073ff_original.jpg,37,,14271115,Rannveig,"","",false,64.1441,-21.9241,5,1,3,1.5,false,"Wifi,Gym,Bathtub,Hair dryer,Shampoo,Hot water,Washer,Dryer,Essentials,Hangers,Bed linens,Room-darkening shades,Iron,TV,Books and reading material,Crib,Children’s books and toys,Heating,Smoke alarm,Fire extinguisher,Wifi,Kitchen,Refrigerator,Microwave,Cooking basics,Dishes and silverware,Dishwasher,Stove,Oven,Coffee maker,Patio or balcony,Long term stays allowed",,false,3,Moderate,,,,,ISK,163,0,true,379,4.76,4.8,4.7,4.6,4.7,5.0,4.7,62890.0,8033908.0,235.5,30092.1,0.614,0.614,149.1,19055.7,149.1,19055.7,3.0,4.2,224,0,141,365,7953.0,1012016.0,203.8,25930.6,0.367,0.367,73.9,9400.9,73.9,9400.9,3.0,4.1,33,0,57,90
2942888,"Charming apartment near the centre, free parking","HG-00011191<br />A one bedroom and a big livingroom, lovely roomy apartment located in a quiet area by Laugavegur, Reykjavik´s main shopping street, near the centre of Reykjavik.<br />Overlooking a beautiful garden and a 2 minute walk to the central bus station Hlemmur.<br />There is free parking in indoors parking garage in the basement.<br /><br /><b>The space</b><br />The apartment is on the second floor, there is a beautiful bedroom with a queen size bed and a roomy living room with a sofa bed where two people can sleep and one single bed.  Total sleeping places is for up to 4 persons. The kitchen is well equipped so you can make everything from a simple breakfast to a romantic dinner. There is a dishwasher as well so it shouldn't be any problem cleaning the plates afterwards.<br />Also there is a washing machine in the apartment.<br />The size of the apartment is 70 square meters or 750 square feet.<br /><br />The bathroom has a shower.<br />The balcony is facing south viewing a quiet and a beautiful garden.<br />Free high-speed WiFi (internet connection) and a big flat screen TV.<br /><br />A crib for young children.  Let us know if you want to have it in the apartment when you arrive.<br /><br /><b>Guest access</b><br />There is a washing room in the building and access to a private very well taken care of sheltered garden for building residents and guest only.<br /><br /><b>Registration Details</b><br />110760-7799",Entire rental unit,entire_home,https://a0.muscache.com/im/pictures/miso/Hosting-2942888/original/3cc5d916-bb4b-4ebe-a19a-18e4914a06f1.jpeg,23,"https://a0.muscache.com/im/pictures/miso/Hosting-2942888/original/3cc5d916-bb4b-4ebe-a19a-18e4914a06f1.jpeg,https://a0.muscache.com/im/pictures/miso/Hosting-2942888/original/5ae74d2b-8ee2-4734-b04d-428b8bbedff0.jpeg,https://a0.muscache.com/im/pictures/miso/Hosting-2942888/original/e301168f-6a4a-45c7-a739-5760c093262a.jpeg,https://a0.muscache.com/im/pictures/miso/Hosting-2942888/original/030fd2b8-7ebe-4128-ae6a-b174cfe4910b.jpeg,https://a0.muscache.com/im/pictures/miso/Hosting-2942888/original/0e7e3d9d-230e-4cc0-afb9-f6e95923db12.jpeg,https://a0.muscache.com/im/pictures/miso/Hosting-2942888/original/98c9cbd4-fceb-4dab-874e-29e5d5cff9d4.jpeg,https://a0.muscache.com/im/pictures/miso/Hosting-2942888/original/4adb19f0-c412-41b5-a2b5-4eebb53e1c0e.jpeg,https://a0.muscache.com/im/pictures/38059569/5234ab55_original.jpg,https://a0.muscache.com/im/pictures/38059635/a6b1b182_original.jpg,https://a0.muscache.com/im/pictures/38059659/bcc04d97_original.jpg,https://a0.muscache.com/im/pictures/38059685/6d1e2455_original.jpg,https://a0.muscache.com/im/pictures/38059716/6e3d6de5_original.jpg,https://a0.muscache.com/im/pictures/38059749/28bc8e6a_original.jpg,https://a0.muscache.com/im/pictures/38059781/2ec4c127_original.jpg,https://a0.muscache.com/im/pictures/38059801/fdb9e731_original.jpg,https://a0.muscache.com/im/pictures/71249712/de08867c_original.jpg,https://a0.muscache.com/im/pictures/71249686/c949878c_original.jpg,https://a0.muscache.com/im/pictures/71249659/f0f39155_original.jpg,https://a0.muscache.com/im/pictures/38059887/460068cd_original.jpg,https://a0.muscache.com/im/pictures/38059913/3a509bdb_original.jpg,https://a0.muscache.com/im/pictures/38059930/c442a973_original.jpg,https://a0.muscache.com/im/pictures/38059950/70462a10_original.jpg,https://a0.muscache.com/im/pictures/38059984/19318da7_original.jpg",15024658,Guðmundur,"","",false,64.1427,-21.9087,4,1,3,1.0,true,"Hair dryer,Shampoo,Hot water,Washer,Dryer,Essentials,Hangers,Bed linens,Iron,TV,Crib,High chair,Air conditioning,Heating,Smoke alarm,Fire extinguisher,First aid kit,Wifi,Dedicated workspace,Kitchen,Refrigerator,Dishes and silverware,Coffee maker,Patio or balcony,Backyard,Free parking on premises",,false,111,Moderate,2:00 PM,10:00 AM,true,true,ISK,68,0,true,107,4.88,4.9,4.9,4.9,5.0,5.0,4.9,13218.0,1681986.0,232.7,29833.6,0.14,0.14,34.9,4442.2,34.9,4442.2,111.3,6.4,51,0,314,365,0.0,0.0,0.0,0.0,0.0,0.0,0.0,0.0,0.0,0.0,216.2,0.0,0,0,90,90
2949686,By Reykjavík City Center Park,"Located in a beautiful calm setting by Reykjavik‘s city center Park. We offer unique and calm location in the old part of the capital. Fantastic apartment with all modern facilities for you whether travelling with family, friends or alone. (HG-00020367 - ID)<br /><br /><b>The space</b><br />The location and the view from the apartment takes you on a breath taking journey overseeing the park Hljómskálagarður and lake Tjörnin, towards the impressive sight of the tallest building of Reykavik the parish church Hallgrimskirkja. <br /><br />Situated in the heart of downtown within few minutes walking distance to all services incl. shops, museums, library, bookstores, café´s, restaurants, University of Iceland and Reykjavik campuses, geothermal heated swimming pool and bus terminal (airport shuttle). <br /><br />For extra quality time, pedestrian walking/jogging paths, playground and picnic facilities – just across the street in Hljómskálagarðurinn (the Park). Ideally located to explore Reykjavik by foot or on a bike. <br /><br />Fully equipped apartment with all modern facilities in a building from the 1930´s. – Fantastic when travelling alone, spacious for two and always possible to find space for children too.<br /><br />Whether on business or holiday Bjarkargata (Rue de Björk) will be your home away from home. <br />.<br /><br /><b>Guest access</b><br />The house is a three flat building. Your flat is on the mid floor, sharing entrance and staircase, but you will have a private flat with living room (sleeping for two in there) bathroom, kitchen and balcony.<br /><br /><b>Other things to note</b><br />The sleeping arrangement in the main room can be either two single beds or I attach them for being a double bed. We can communicate what fits you better before arrival. When staying for a month or more special cleaning instructions will apply and can be arranged on a individual bases.",Entire rental unit,entire_home,https://a0.muscache.com/im/pictures/airflow/Hosting-2949686/original/85909e61-ca61-4276-86c7-874251b2ca91.jpg,45,"https://a0.muscache.com/im/pictures/airflow/Hosting-2949686/original/85909e61-ca61-4276-86c7-874251b2ca91.jpg,https://a0.muscache.com/im/pictures/airflow/Hosting-2949686/original/aa73f935-eb18-4e15-9ba3-cc483029ca31.jpg,https://a0.muscache.com/im/pictures/airflow/Hosting-2949686/original/7c4bbfd0-3f7c-498a-b1e0-10fb4d08bac6.jpg,https://a0.muscache.com/im/pictures/airflow/Hosting-2949686/original/8aab8034-65fd-4ece-a9c9-664e0b52d57d.jpg,https://a0.muscache.com/im/pictures/airflow/Hosting-2949686/original/1fa08747-b24f-4321-81cf-f158f427318d.jpg,https://a0.muscache.com/im/pictures/airflow/Hosting-2949686/original/fb3718c4-9818-42fb-8912-7056065427a9.jpg,https://a0.muscache.com/im/pictures/airflow/Hosting-2949686/original/5e896709-1f5e-4be6-922b-e944ff92fd81.jpg,https://a0.muscache.com/im/pictures/airflow/Hosting-2949686/original/ab1d5c12-4dcf-4fe3-ae18-7892d0f8a3e4.jpg,https://a0.muscache.com/im/pictures/airflow/Hosting-2949686/original/38c476e7-e1a1-4a58-98bd-7f0e7fcb0438.jpg,https://a0.muscache.com/im/pictures/airflow/Hosting-2949686/original/a87f3308-8935-4c7d-9a3a-5d66524632b2.jpg,https://a0.muscache.com/im/pictures/airflow/Hosting-2949686/original/7a084cd7-a310-4b49-b275-374ede1d07c2.jpg,https://a0.muscache.com/im/pictures/airflow/Hosting-2949686/original/e651ec77-d02b-4a48-81fb-a18676e40600.jpg,https://a0.muscache.com/im/pictures/airflow/Hosting-2949686/original/30d55479-6fcd-4389-b1fb-1d55a0317d47.jpg,https://a0.muscache.com/im/pictures/airflow/Hosting-2949686/original/723e2072-2188-4aaa-b990-98225b1a73e6.jpg,https://a0.muscache.com/im/pictures/airflow/Hosting-2949686/original/dbb5c307-5866-4e98-b609-4a26c8bb6668.jpg,https://a0.muscache.com/im/pictures/airflow/Hosting-2949686/original/28441348-3847-4901-b573-a7e435f77af7.jpg,https://a0.muscache.com/im/pictures/airflow/Hosting-2949686/original/eac76989-9e5c-443f-87fa-de612c95ef1f.jpg,https://a0.muscache.com/im/pictures/airflow/Hosting-2949686/original/94d5e0b1-d5f1-45a9-b164-dc0e29f23ffc.jpg,https://a0.muscache.com/im/pictures/airflow/Hosting-2949686/original/e5c00878-a0fd-4d22-9695-7fef11467d39.jpg,https://a0.muscache.com/im/pictures/airflow/Hosting-2949686/original/49e1b15c-adbb-47d9-adc5-85fa466af394.jpg,https://a0.muscache.com/im/pictures/airflow/Hosting-2949686/original/829170b6-ebd0-4a37-b229-8ad0d97e000a.jpg,https://a0.muscache.com/im/pictures/airflow/Hosting-2949686/original/1da4f6e0-1949-43d1-8721-8ac90bb23697.jpg,https://a0.muscache.com/im/pictures/airflow/Hosting-2949686/original/b53b06bc-0f84-4b35-9abb-ebfab90dcb7a.jpg,https://a0.muscache.com/im/pictures/airflow/Hosting-2949686/original/935f1876-c03f-488f-badf-d256396d9e29.jpg,https://a0.muscache.com/im/pictures/airflow/Hosting-2949686/original/64530a1f-54b4-4c6e-b6f7-293050925821.jpg,https://a0.muscache.com/im/pictures/airflow/Hosting-2949686/original/45a7b8d2-011e-436d-a3f4-daccf7ff01cf.jpg,https://a0.muscache.com/im/pictures/38309173/09d571df_original.jpg,https://a0.muscache.com/im/pictures/38308718/459a19ca_original.jpg,https://a0.muscache.com/im/pictures/38308875/605da197_original.jpg,https://a0.muscache.com/im/pictures/38308911/f549be28_original.jpg,https://a0.muscache.com/im/pictures/38308968/f5d0d381_original.jpg,https://a0.muscache.com/im/pictures/38308410/a59c26ed_original.jpg,https://a0.muscache.com/im/pictures/38309253/b1c681c6_original.jpg,https://a0.muscache.com/im/pictures/43085604/11a6d0bb_original.jpg,https://a0.muscache.com/im/pictures/0ac30325-be1f-48c7-872c-706092c68cf4.jpg,https://a0.muscache.com/im/pictures/dc1ad4dd-1aab-40f8-88aa-c579ebcd8b61.jpg,https://a0.muscache.com/im/pictures/5c7961c0-600b-4923-ada5-62287494d559.jpg,https://a0.muscache.com/im/pictures/83583c45-e2af-47ac-a07e-b16f868ea668.jpg,https://a0.muscache.com/im/pictures/04cfe7d4-3646-41ac-b2dc-3309f8ed2332.jpg,https://a0.muscache.com/im/pictures/03b84295-df6f-4dc1-b928-4b5a243f392a.jpg,https://a0.muscache.com/im/pictures/622c3750-55bc-4c17-a2fc-fee83c7971c8.jpg,https://a0.muscache.com/im/pictures/b2cb5d08-18aa-4215-a6d2-e3834533eac8.jpg,https://a0.muscache.com/im/pictures/2b1ad36a-ceba-4fd2-9a84-a3222bfaf2f2.jpg,https://a0.muscache.com/im/pictures/a61d4b55-4f17-42d8-9359-97b36ffc5a74.jpg,https://a0.muscache.com/im/pictures/8fc8584a-db75-468c-ad4c-c40669a916f7.jpg",15056947,Björk,"","",true,64.1411,-21.9464,2,1,1,1.5,false,"Free parking on premises,Hair dryer,Cleaning products,Hot water,Essentials,Hangers,Bed linens,Extra pillows and blankets,Heating,Smoke alarm,Fire extinguisher,Wifi,Dedicated workspace,Kitchen,Refrigerator,Cooking basics,Dishes and silverware,Freezer,Dishwasher,Stove,Oven,Hot water kettle,Wine glasses,Baking sheet,Dining table,Coffee,Lake access,Patio or balcony,Backyard,Long term stays allowed",,false,17,Strict,2:00 PM,11:00 AM,true,false,ISK,3949,,false,121,4.97,4.9,5.0,5.0,4.9,5.0,4.9,21054.0,2685194.0,170.2,21774.6,0.268,0.293,57.7,7356.7,63.0,8039.5,16.6,5.4,98,31,267,365,0.0,0.0,117.7,14980.0,0.0,0.0,0.0,0.0,0.0,0.0,30.9,0.0,0,31,90,90
2978280,Gorgeous studio with panorama view,,Entire rental unit,entire_home,https://a0.muscache.com/im/pictures/39507286/4190db9b_original.jpg,18,,3749186,Sarah,"","",true,64.1495,-21.9431,2,1,1,1.0,false,"Wifi,Pets allowed,Bathtub,Hair dryer,Cleaning products,Shampoo,Conditioner,Body soap,Hot water,Shower gel,Washer,Dryer,Essentials,Hangers,Bed linens,Extra pillows and blankets,Clothing storage,Books and reading material,Air conditioning,Heating,Smoke alarm,Fire extinguisher,First aid kit,Wifi,Kitchen,Refrigerator,Cooking basics,Dishes and silverware,Freezer,Dishwasher,Stove,Oven,Hot water kettle,Coffee maker,Wine glasses,Toaster,Baking sheet,Coffee,Patio or balcony,Paid parking off premises,Paid parking on premises,Single level home,Long term stays allowed",,false,3,Strict,,,,,ISK,0,17,true,556,4.84,4.9,4.9,4.8,4.9,5.0,4.8,35636.0,4550418.0,156.2,19953.7,0.619,0.729,97.6,12466.9,115.0,14678.8,3.0,4.4,226,55,139,365,4195.0,533811.0,158.4,20152.0,0.289,0.743,46.6,5931.2,119.9,15251.7,3.0,13.0,26,55,64,90
3051720,Truly unique property - film shooting apartment,"Beautiful home apartment, Netflix Sence 8 shooting apartment – Reykjavik center. The apartment is a former printing shop, open space exept for bedrooms and bathroom. <br />Beautiful home apartment – Reykjavik old center, quiet friendly street. Flowers, paintings, art, books, CDs, vinyl, Wifi etc. Privat parking<br />License: HG00007377<br /><br /><b>The space</b><br />- Open space with high sealings (kitchen, dining room and living room)<br />- Den (TV room)<br />- One bedroom with kings size bed<br />- One bedroom with single bed<br />- Art covered walls, books, Cd's<br /><br />TheNeighbourhood:<br />- Apartment situated in the oldest city center<br />- Very quiet friendly street<br />- Surrounded by best restaurants, bars and cafés<br />- Supermarket (3 min walk)<br /><br />Local attraction:<br />- Our famous church \"Hallgrimskirkja\" (3 min walk)<br />- Laugarvegur, shopping attraction (3 min walk)<br />- Parliament (5 min walk)<br />- Swimming pool (10 min walk)<br />- Many Museums close by<br />License: HG00007377<br /><br /><b>Guest access</b><br />The entire apartment is private but the laundry room is shared with one  neighbor.",Entire rental unit,entire_home,https://a0.muscache.com/im/pictures/47a4c14d-2c9e-4247-9677-1817bd117753.jpg,15,"https://a0.muscache.com/im/pictures/47a4c14d-2c9e-4247-9677-1817bd117753.jpg,https://a0.muscache.com/im/pictures/96100b9e-4fcb-4497-851a-dcff98ff6ab9.jpg,https://a0.muscache.com/im/pictures/39062564/6d63f589_original.jpg,https://a0.muscache.com/im/pictures/39062518/894a2c91_original.jpg,https://a0.muscache.com/im/pictures/813ceb8c-5bf5-4bf1-9f6c-ed8729c5a178.jpg,https://a0.muscache.com/im/pictures/39062487/a28dfade_original.jpg,https://a0.muscache.com/im/pictures/39062498/fef4fb81_original.jpg,https://a0.muscache.com/im/pictures/d0073b26-2390-4d07-9431-754259bcb533.jpg,https://a0.muscache.com/im/pictures/7b4d7b20-7f77-4231-b491-91e9ba4fe967.jpg,https://a0.muscache.com/im/pictures/fb5b9f7b-e6e4-4b2e-9462-4e7a187954e3.jpg,https://a0.muscache.com/im/pictures/451dfc0d-34d1-4d25-b3a5-b35efde5f30a.jpg,https://a0.muscache.com/im/pictures/a3179c55-35ca-40d5-bce3-24050183ea96.jpg,https://a0.muscache.com/im/pictures/2a863c5a-9a09-4cf3-82b3-446eb2f15419.jpg,https://a0.muscache.com/im/pictures/55eacbf1-829c-4c1e-b17d-c8de7fbf12d9.jpg,https://a0.muscache.com/im/pictures/3f272630-5921-4b64-8646-40127ed5d649.jpg",11337347,Sigurborg,"","",false,64.1432,-21.9331,3,2,2,1.0,false,"Shampoo,Hot water,Washer,Dryer,Essentials,TV,Heating,Smoke alarm,Fire extinguisher,Wifi,Kitchen,Refrigerator,Microwave,Cooking basics,Dishes and silverware,Dishwasher,Stove,Oven,Coffee maker,Backyard,BBQ grill,Free parking on premises",,false,3,Moderate,2:00 PM,11:00 AM,true,false,ISK,102,0,true,45,5.0,5.0,5.0,5.0,5.0,5.0,5.0,19152.0,2437078.0,359.5,46125.8,0.134,0.171,49.1,6250.2,62.5,7948.9,3.0,3.3,49,78,316,365,0.0,0.0,0.0,0.0,0.0,0.0,0.0,0.0,0.0,0.0,3.0,0.0,0,0,90,90
3145071,Penthouse in downtown Reykjavík,"Our place is a beautiful and spacious penthouse apartment on the 3rd floor (no elevator). The apartment is located on the main cultural street in Reykjavík. A 50 sqm balcony with a great view and a sunroom. Restaurants, bars, museums, shops and everything else you can possibly wish for in Reykjavík is within walking distance.<br />This is our home and thus privately owned.<br /><br /><b>The space</b><br />The apartment comfortably fits two to three persons. <br />You can not wish for a better located place. It is in the heart of Reykjavík and its pulse beats right outside the windows. In spite of that it is not a noisy neighbourhood as there is very little and slow traffic. More like a pedestrian street. Very lively during the day.<br /><br /><b>Guest access</b><br />Guests have access to everything within the apartment and balcony. They share entrance and staircase with other occupants of the house, but only during the day. During the nights and weekends quests are the only occupants in the house.<br /><br /><b>Other things to note</b><br />A beautiful swimming pool with hot tubs within 5 minutes walking distance. So are museums, parks, harbour, sea shore and the main shopping street. The main church is within 2 minute walk and the rainbow street as well<br />The apartment is on the 3rd floor without elevator<br /><br /><b>Registration Details</b><br />HG-00004770",Entire condo,entire_home,https://a0.muscache.com/im/pictures/40110203/88fed07e_original.jpg,18,"https://a0.muscache.com/im/pictures/40110203/88fed07e_original.jpg,https://a0.muscache.com/im/pictures/40095575/45cb2534_original.jpg,https://a0.muscache.com/im/pictures/40104192/9e803ef7_original.jpg,https://a0.muscache.com/im/pictures/40107501/a0f24eef_original.jpg,https://a0.muscache.com/im/pictures/40110220/c5ee4728_original.jpg,https://a0.muscache.com/im/pictures/40110235/8d82706a_original.jpg,https://a0.muscache.com/im/pictures/40111007/3021a4bb_original.jpg,https://a0.muscache.com/im/pictures/40111030/d6940538_original.jpg,https://a0.muscache.com/im/pictures/6cfe4b60-fdea-4700-ae50-29731b579066.jpg,https://a0.muscache.com/im/pictures/6e83872e-5210-4dc8-b5e7-a206217c8f80.jpg,https://a0.muscache.com/im/pictures/3d616c76-73c9-45d8-af9a-a96ef172625b.jpg,https://a0.muscache.com/im/pictures/ebe48133-6019-42f8-b542-c43643888997.jpg,https://a0.muscache.com/im/pictures/40110254/d26bab25_original.jpg,https://a0.muscache.com/im/pictures/1e74ed96-0b53-4676-93b1-bc3c7db7bd00.jpg,https://a0.muscache.com/im/pictures/aa1861ae-352c-471f-9ef9-81ef040d706a.jpg,https://a0.muscache.com/im/pictures/8e56f53c-3426-4926-9204-ede45f22156a.jpg,https://a0.muscache.com/im/pictures/b329a6af-f596-4a78-8732-774d5dce2585.jpg,https://a0.muscache.com/im/pictures/bbb53eec-1f59-4547-b149-c6c4ed098a75.jpg",15966886,Oddný,"559162,59033701","Thorhildur,Rögnvaldur",false,64.1460,-21.9325,3,2,1,1.0,true,"Wifi,Hair dryer,Cleaning products,Shampoo,Body soap,Hot water,Shower gel,Washer,Dryer,Essentials,Hangers,Bed linens,Extra pillows and blankets,Room-darkening shades,Iron,Drying rack for clothing,Clothing storage,TV,Books and reading material,Pack ’n play/Travel crib,Heating,Smoke alarm,Fire extinguisher,Wifi,Kitchen,Refrigerator,Microwave,Cooking basics,Dishes and silverware,Freezer,Dishwasher,Stove,Oven,Hot water kettle,Coffee maker,Wine glasses,Toaster,Baking sheet,Blender,Dining table,Coffee,Patio or balcony,Outdoor furniture,Free parking on premises,Luggage dropoff allowed",,false,3,Moderate,3:00 PM,11:00 AM,false,false,ISK,44,0,true,119,4.76,4.8,4.8,4.5,4.9,5.0,4.8,12686.0,1614287.0,182.3,23387.4,0.184,0.231,33.4,4254.0,42.1,5354.1,3.0,3.4,67,75,298,365,0.0,0.0,0.0,0.0,0.0,0.0,0.0,0.0,0.0,0.0,3.0,0.0,0,0,90,90
3322238,Reykjavik Center Garden House,,Entire rental unit,entire_home,https://a0.muscache.com/im/pictures/hosting/Hosting-U3RheVN1cHBseUxpc3Rpbmc6MzMyMjIzOA==/original/803a3d62-afda-45e2-87f7-611110452632.jpeg,15,,16773622,Eyja,431106931,Gabriela Lujan,true,64.1404,-21.9251,3,1,2,1.0,false,"Wifi,Kitchen,Free parking on premises,Hot water,Free street parking,Coffee maker,Refrigerator,Dishes and silverware,Heating,Cooking basics,Stove,Single level home,Smoke alarm,Fire extinguisher,Essentials,Long term stays allowed,Shampoo,Hangers,Hair dryer,Iron,Dedicated workspace,Private entrance",,false,1,Flexible,,,,,ISK,45,0,,297,4.78,4.8,4.8,4.9,4.8,4.9,4.8,11618.0,1478382.0,212.7,27285.0,0.142,0.142,30.5,3877.8,30.5,3877.8,1.3,4.7,52,0,313,365,0.0,0.0,0.0,0.0,0.0,0.0,0.0,0.0,0.0,0.0,1.0,0.0,0,0,90,90
3375931,Bright & peaceful near downtown,"Super-quiet modern flat in a 1929 building is just a seven minute walk to downtown. Comfortably fits two with its kitchen, balcony over the courtyard, and bright sitting room. Easily walk to the pond, pool, cafés, transit, taxis, and groceries.<br /><br /><b>The space</b><br />A modern apartment in a 1929 building. Bright and airy, with a balcony over the courtyard and a super location on a quiet street just steps from downtown.<br /><br /><b>Guest access</b><br />You have the top floor of the building, which is a complete apartment. You can use the shared laundry room downstairs.<br /><br /><b>Other things to note</b><br />There's wifi and fiber-optic internet.<br /><br />Registration # HG-00014509<br /><br /><b>Registration Details</b><br />HG00014509",Entire rental unit,entire_home,https://a0.muscache.com/im/pictures/43317161/9aea3bdf_original.jpg,22,"https://a0.muscache.com/im/pictures/43317161/9aea3bdf_original.jpg,https://a0.muscache.com/im/pictures/43317083/57782d7f_original.jpg,https://a0.muscache.com/im/pictures/45294015/f4013c7c_original.jpg,https://a0.muscache.com/im/pictures/43317048/f252cb94_original.jpg,https://a0.muscache.com/im/pictures/45294005/f0b44e0a_original.jpg,https://a0.muscache.com/im/pictures/43317213/9452d0f0_original.jpg,https://a0.muscache.com/im/pictures/43316787/cbf5d024_original.jpg,https://a0.muscache.com/im/pictures/43316833/3b8a9590_original.jpg,https://a0.muscache.com/im/pictures/43316864/3d95cb78_original.jpg,https://a0.muscache.com/im/pictures/d323656a-cfcc-4157-98f0-e5753777dfdf.jpg,https://a0.muscache.com/im/pictures/43316969/220a819e_original.jpg,https://a0.muscache.com/im/pictures/43317016/fa6bdeac_original.jpg,https://a0.muscache.com/im/pictures/43317253/507eab72_original.jpg,https://a0.muscache.com/im/pictures/43317292/37ad76d1_original.jpg,https://a0.muscache.com/im/pictures/43317331/de647b65_original.jpg,https://a0.muscache.com/im/pictures/46790665/ca899bf9_original.jpg,https://a0.muscache.com/im/pictures/45963674/816b9eab_original.jpg,https://a0.muscache.com/im/pictures/45963903/bdd8e5e3_original.jpg,https://a0.muscache.com/im/pictures/89162451/6d91730c_original.jpg,https://a0.muscache.com/im/pictures/miso/Hosting-3375931/original/18a2fa7f-150f-4a4d-b5ba-0fc9f4981767.jpeg,https://a0.muscache.com/im/pictures/60125160-ab05-4978-be18-44f95c56d0cb.jpg,https://a0.muscache.com/im/pictures/4cda79db-882e-4e94-8139-ac605cdb5680.jpg",354665,Lloyd And Raggi,"","",true,64.1462,-21.9487,2,1,1,1.0,true,"Air conditioning,Hair dryer,Shampoo,Body soap,Hot water,Washer,Dryer,Essentials,Hangers,Bed linens,Iron,Clothing storage,TV,Books and reading material,Heating,Smoke alarm,Fire extinguisher,Wifi,Dedicated workspace,Kitchen,Refrigerator,Cooking basics,Dishes and silverware,Freezer,Stove,Oven,Hot water kettle,Coffee maker,Wine glasses,Toaster,Baking sheet,Dining table,Coffee,Patio or balcony,Backyard,Pets allowed,Luggage dropoff allowed",,false,2,Moderate,2:00 PM,11:00 AM,true,false,ISK,40,0,true,316,4.97,5.0,5.0,5.0,5.0,5.0,4.9,52672.0,6735132.0,200.2,25563.7,0.671,0.671,140.6,17978.3,140.6,17978.3,2.0,7.0,245,0,120,365,8720.0,1109614.0,173.6,22089.0,0.544,0.544,95.1,12102.8,95.1,12102.8,2.0,12.3,49,0,41,90
3377766,Room I.,,Private room in home,private_room,https://a0.muscache.com/im/pictures/51400310/791a6ffe_original.jpg,15,,855355,Valgeir,3246440,Sigríður,true,64.1004,-21.8518,,,1,0.0,true,"High chair,Wifi,Kitchen,Free parking on premises,Hot water kettle,Hot water,Bed linens,Extra pillows and blankets,Free street parking,Laundromat nearby,Microwave,Coffee maker,Refrigerator,Dishwasher,Dishes and silverware,Heating,Cooking basics,Oven,Coffee,Clothing storage,Stove,Wine glasses,Washer,Dryer,Smoke alarm,Shower gel,Carbon monoxide alarm,First aid kit,Fire extinguisher,Essentials,Shampoo,Hangers,Dining table,Hair dryer,Iron,Dedicated workspace,Freezer,Private entrance,Toaster",,false,2,Firm,,,,,ISK,17,23,,132,4.77,4.8,4.9,4.6,4.9,4.6,4.7,9206.0,1171450.0,114.4,14628.1,0.205,0.205,24.8,3156.1,24.8,3156.1,1.7,8.3,75,0,290,365,0.0,0.0,115.8,14739.7,0.0,0.0,0.0,0.0,0.0,0.0,2.0,0.0,0,0,90,90
3377842,Room III.,,Private room in home,private_room,https://a0.muscache.com/im/pictures/51403309/b2b15fe6_original.jpg,16,,855355,Valgeir,3246440,Sigríður,true,64.1027,-21.8507,,,2,0.0,true,"High chair,Wifi,Kitchen,Free parking on premises,Hot water kettle,Hot water,Bed linens,Extra pillows and blankets,Free street parking,Laundromat nearby,Microwave,Coffee maker,Refrigerator,Dishwasher,Dishes and silverware,Heating,Cooking basics,Oven,Coffee,Clothing storage,Stove,Wine glasses,Washer,Dryer,Smoke alarm,Shower gel,Carbon monoxide alarm,First aid kit,Fire extinguisher,Essentials,Shampoo,Hangers,Dining table,Hair dryer,Iron,Dedicated workspace,Freezer,Private entrance",,false,2,Firm,,,,,ISK,17,23,,51,4.67,4.6,4.8,4.5,4.7,4.6,4.6,10710.0,1362839.0,133.1,17013.3,0.184,0.184,29.0,3686.4,29.0,3686.4,1.8,8.4,67,0,298,365,0.0,0.0,129.1,16432.0,0.0,0.0,0.0,0.0,0.0,0.0,2.0,0.0,0,0,90,90
3407815,Family home in downtown Reykjavik,"Our friendly family home is in an old-style but fully renovated house with private parking on a quiet street metres away from Laugavegur, the main street for shopping and restaurants in downtown Reykjavik.<br /><br /><b>The space</b><br />The apartment is on three floors.  The main floor has a large living/dining room, a bathroom with a washing machine and dryer, and a fully equipped kitchen which opens on to a large south facing deck with deck-furniture and a barbecue.<br /><br />The upper floor has two bedrooms; the larger room has an extra large twin-bed (extra mattress under it) and a workspace, and the smaller room has a wide single bed.  <br /><br />The basement has a large bedroom with a double bed (140 cm wide) and a TV lounge. <br /><br />There is a small garden around the house and private parking by the side.<br /><br />Registered home-rental: HG-00004477<br /><br /><b>Guest access</b><br />Free wi-fi and parking.<br /><br /><b>Registration Details</b><br />HG-00004477",Entire home,entire_home,https://a0.muscache.com/im/pictures/miso/Hosting-3407815/original/b758dfae-0541-4457-98be-385a366d557b.jpeg,20,"https://a0.muscache.com/im/pictures/miso/Hosting-3407815/original/b758dfae-0541-4457-98be-385a366d557b.jpeg,https://a0.muscache.com/im/pictures/miso/Hosting-3407815/original/f30acb3c-13f9-40bc-a3f3-64c6acdfb317.jpeg,https://a0.muscache.com/im/pictures/miso/Hosting-3407815/original/5e956379-ab13-4041-a524-7f6bf296cdae.jpeg,https://a0.muscache.com/im/pictures/miso/Hosting-3407815/original/c838ff98-ef98-428e-8b46-58b03eaa8c89.jpeg,https://a0.muscache.com/im/pictures/69d097f1-f35b-4503-867e-d82921e79966.jpg,https://a0.muscache.com/im/pictures/miso/Hosting-3407815/original/b6d7011f-78d2-4796-8693-3ac56eff1abc.jpeg,https://a0.muscache.com/im/pictures/miso/Hosting-3407815/original/b03c70e7-552b-429d-9920-f008acbefe72.jpeg,https://a0.muscache.com/im/pictures/miso/Hosting-3407815/original/1078305e-0251-4dd5-8a71-7bfe04785d28.jpeg,https://a0.muscache.com/im/pictures/miso/Hosting-3407815/original/698082e3-e015-4940-ba69-22db7b7d4687.png,https://a0.muscache.com/im/pictures/miso/Hosting-3407815/original/0139a55c-258d-40f2-8917-6288bb6eb130.jpeg,https://a0.muscache.com/im/pictures/miso/Hosting-3407815/original/68e801c4-6e1a-476f-b0b2-7fcd202ee588.jpeg,https://a0.muscache.com/im/pictures/miso/Hosting-3407815/original/78e7e1f2-ddbb-4889-82f1-930058385f42.jpeg,https://a0.muscache.com/im/pictures/miso/Hosting-3407815/original/fa94f526-ae0c-4b46-8779-f769e3222766.jpeg,https://a0.muscache.com/im/pictures/miso/Hosting-3407815/original/56640f58-cd7b-4ff3-a596-05e405438d8d.jpeg,https://a0.muscache.com/im/pictures/miso/Hosting-3407815/original/5e143700-214f-42bc-9f61-2d65a3abedcd.jpeg,https://a0.muscache.com/im/pictures/miso/Hosting-3407815/original/ecb67a30-bc69-4dbf-98d7-1c6d0ccffdad.jpeg,https://a0.muscache.com/im/pictures/495d8290-8aa1-4845-8451-53162b66e362.jpg,https://a0.muscache.com/im/pictures/fdabdb47-f34b-4e19-a55a-69b9539c7ea4.jpg,https://a0.muscache.com/im/pictures/hosting/Hosting-U3RheVN1cHBseUxpc3Rpbmc6MzQwNzgxNQ%3D%3D/original/45102fee-90cb-4ccb-9204-f7da3a1f16cd.jpeg,https://a0.muscache.com/im/pictures/hosting/Hosting-U3RheVN1cHBseUxpc3Rpbmc6MzQwNzgxNQ==/original/0a81564c-8e0e-489b-8950-42404cc9cfe3.jpeg",17185805,María,"","",false,64.1439,-21.9235,6,3,3,1.0,true,"Bathtub,Hair dryer,Cleaning products,Shampoo,Conditioner,Body soap,Hot water,Washer,Dryer,Essentials,Hangers,Bed linens,Room-darkening shades,Iron,Clothing storage,TV,Books and reading material,Pack ’n play/Travel crib,Baby safety gates,Heating,Smoke alarm,Carbon monoxide alarm,Fire extinguisher,First aid kit,Wifi,Dedicated workspace,Kitchen,Refrigerator,Microwave,Cooking basics,Dishes and silverware,Freezer,Dishwasher,Stove,Oven,Hot water kettle,Coffee maker,Wine glasses,Toaster,Baking sheet,Barbecue utensils,Dining table,Private entrance,Patio or balcony,Backyard,Outdoor furniture,Outdoor dining area,BBQ grill,Free parking on premises,Paid parking off premises,Long term stays allowed",,false,11,Strict,4:00 PM,12:00 PM,true,false,ISK,251,0,true,30,4.9,4.9,4.9,4.9,5.0,5.0,4.8,24339.0,3097757.0,395.5,50557.7,0.167,0.462,62.6,7962.0,173.0,22016.0,10.5,8.7,61,233,304,365,0.0,0.0,426.4,54265.0,0.0,0.0,0.0,0.0,0.0,0.0,5.0,0.0,0,90,90,90
3489944,Bohemian loft apartment in heart of Reykjavik,,Entire rental unit,entire_home,https://a0.muscache.com/im/pictures/miso/Hosting-3489944/original/824b5f0b-a59c-4eab-9567-06605211b70c.jpeg,14,,17574307,Jorri And Hulda,16423671,Hulda,true,64.1459,-21.9309,2,1,1,1.0,true,"TV,Wifi,Kitchen,Room-darkening shades,Hot water kettle,Hot water,Body soap,Bed linens,Extra pillows and blankets,Outdoor furniture,Cleaning products,Coffee maker,Refrigerator,Drying rack for clothing,Dishwasher,Dishes and silverware,Heating,Cooking basics,Oven,Coffee,Clothing storage,Wine glasses,Washer,Dryer,Smoke alarm,Patio or balcony,First aid kit,Fire extinguisher,Essentials,Hangers,Dining table,Hair dryer,Iron,Dedicated workspace,Freezer,Sound system,Toaster",,false,22,Firm,,,,,ISK,25,0,,72,4.97,4.9,4.9,5.0,5.0,5.0,4.9,17196.0,2188178.0,177.3,22678.0,0.238,0.238,46.6,5925.3,46.6,5925.3,22.4,10.9,87,0,278,365,0.0,0.0,151.5,19274.1,0.0,0.0,0.0,0.0,0.0,0.0,31.0,0.0,0,0,90,90
3654956,Beutiful family house in Reykjavik,"Nice and quiet family friendly area close to the sea. Beautiful terrace and garden. Towels and bed sheets are provided for all guests. Outdoor swimming pool with a water slide, hot tubs and sauna 1 km. Bus stop 2 minutes walking distance!<br /><br /><b>The space</b><br />The house is located in a nice and quiet family friendly living area, close to the sea in the east end of Reykjavik city. The house is 175 m2, and has 3 bedrooms, spacious kitchen/dining area and living room and two WC‘s, one with a shower and a bathtub. <br />1 bedroom with king size bed, one bedroom with 140 cm bed and one bedroom with two folded 80 cm bed (2x 80 cm).<br />The house comes with a beautiful terrace and garden. <br />Towels and bed sheets are provided for all guests. <br />The house is located in a beautiful outdoor area, close to the ocean and some beautiful walking paths. <br />300 m to next gas station (including fast food service) that provides necessities. A kebab place nearby and 5 minutes driving distance to more restaurants and large grocery stores.<br />Outdoor swimming pool with a water slide, hot tubs and sauna 1 km. <br />1 km to Gufunes sculpture park. <br />6,5 km to Kringlan shopping center. <br />8 km to Reykjavík city center. <br />Bus-stop only 2 minutes walking distance.<br /><br /><b>Guest access</b><br />The house is fully furnished, has a fully equipped kitchen with a coffee maker, a kettle and a dishwasher. Laundry room (washer/dryer).<br /><br /><b>Other things to note</b><br />1 bedroom with king size bed, one bedroom with 140 cm bed and one bedroom with two folded 80 cm bed (2x 80 cm). 2 bathrooms, a shower and a bathtub.",Entire home,entire_home,https://a0.muscache.com/im/pictures/46009796/ec8f4164_original.jpg,10,"https://a0.muscache.com/im/pictures/46009796/ec8f4164_original.jpg,https://a0.muscache.com/im/pictures/46009819/739a32ff_original.jpg,https://a0.muscache.com/im/pictures/46009823/49ad3718_original.jpg,https://a0.muscache.com/im/pictures/46156082/d40b5e5e_original.jpg,https://a0.muscache.com/im/pictures/46156108/1ffe66cf_original.jpg,https://a0.muscache.com/im/pictures/46156124/d96822d5_original.jpg,https://a0.muscache.com/im/pictures/46156148/5ba383d2_original.jpg,https://a0.muscache.com/im/pictures/hosting/Hosting-3654956/original/2eac3e1b-6bcf-4173-8283-9b1e7240b3ff.png,https://a0.muscache.com/im/pictures/hosting/Hosting-3654956/original/d5dc2d5d-6542-400f-b290-fc181eb007bf.png,https://a0.muscache.com/im/pictures/hosting/Hosting-3654956/original/d03bb211-03d2-457a-99a6-773b24d71d17.png",5227384,Robert,"","",false,64.1382,-21.7962,5,3,3,1.5,false,"Washer,Dryer,Essentials,TV,Heating,Smoke alarm,Carbon monoxide alarm,Fire extinguisher,First aid kit,Wifi,Kitchen,Free parking on premises,Breakfast",,false,4,Moderate,2:00 PM,11:00 AM,false,false,ISK,88,0,false,3,4.67,4.7,5.0,5.0,5.0,5.0,5.0,12269.0,1563300.0,214.5,27403.5,0.162,0.162,30.7,3914.9,30.7,3914.9,4.0,3.9,59,0,306,365,439.0,55863.0,262.8,33439.7,0.011,0.011,3.9,496.3,3.9,496.3,4.0,1.0,1,0,89,90
3798929,"Nice, bright and quiet studio, close to downtown.","A small, comfortable and bright  basement studio, with private entrance in a single family house in Reykjavík west. It has  a living room with a new kitchen, a bedroom, a bathroom with shower. Free WIFI, TV with channels. Small double bed (122cm wide) in bedroom. Sofa bed (140cm wide) in the living room. Laundry  with washing machine and dryer on request. Perfect location, close to city center, shore, harbour, museums, supermarkets, cafés, swimmingpool. All facilities. Free parking.<br /><br /><b>The space</b><br />A historical funkis-house, built in 1935,  a single family house, the owner lives in house. Grown street and garden. Quiet and safe location. Walking distance to downtown, harbour, shore, supermarkets, a gourmet grocery store (Melabúðin), restaurants, bakeries, a popular café, pharmacies, outdoor swimmingpool with spa and sauna. Free parking in the street. A cosy place for a single person, also well suitable for a couple or two friends.<br /><br /><b>Guest access</b><br />Basement,  private entrance, two rooms, hall, storage, entrance. The studio is 40 squares metres, not full ceiling (210 cm). Windows face at a closed and grown garden. Free parking in the street.",Entire rental unit,entire_home,https://a0.muscache.com/im/pictures/777101e4-0b12-4fd9-985e-9df10919cdf7.jpg,5,"https://a0.muscache.com/im/pictures/777101e4-0b12-4fd9-985e-9df10919cdf7.jpg,https://a0.muscache.com/im/pictures/fa25811f-ce33-4357-9d60-62eccba3ffa4.jpg,https://a0.muscache.com/im/pictures/ea14a761-7483-42a7-b22d-d2ccad9bd357.jpg,https://a0.muscache.com/im/pictures/6e308a99-2fad-407c-a309-d6be3292cc2c.jpg,https://a0.muscache.com/im/pictures/ee33b36e-be07-48f9-8a56-64d862d2f9df.jpg",3924128,Helga,"","",true,64.1480,-21.9558,2,1,1,1.0,false,"Hair dryer,Cleaning products,Shampoo,Body soap,Hot water,Shower gel,Essentials,Hangers,Bed linens,Extra pillows and blankets,Room-darkening shades,Iron,Drying rack for clothing,Clothing storage,Ethernet connection,TV,Air conditioning,Heating,Smoke alarm,Wifi,Dedicated workspace,Kitchen,Refrigerator,Microwave,Cooking basics,Dishes and silverware,Freezer,Dishwasher,Stove,Oven,Hot water kettle,Coffee maker,Wine glasses,Toaster,Baking sheet,Dining table,Coffee,Waterfront,Private entrance,Backyard,Free parking on premises,Free street parking,Luggage dropoff allowed,Long term stays allowed",,false,5,Moderate,4:00 PM,12:00 PM,true,false,ISK,142,0,true,84,4.93,5.0,5.0,4.9,5.0,5.0,4.9,31666.0,4042514.0,144.0,18398.1,0.567,0.586,78.2,9986.3,80.9,10325.8,4.8,4.3,207,12,158,365,6431.0,818339.0,170.4,21687.5,0.378,0.436,66.7,8490.4,77.0,9796.6,4.7,4.9,34,12,56,90
3983337,Apartment near city center,"The apartment is well located near Klambratún park and Reykjavik art museum in a walking distance to the city centre and the main street Laugavegur. The apartment is on the second floor. The owners live on the first floor ready to help and give advise. Host welcome guests with keys etc. on arrival. The house is in a nice street with free parking. Location is near tour pick ups.<br />If there are more than 5 persons staying, we have a couch in the living room that can be pulled out for two to sleep in<br /><br /><b>The space</b><br />Our guest have said that the apartment is spacious and comfortable. We have been happy with the reviews we have got and glad to hear that our guest have enjoyed their stay.<br />We have also noticed that the location is what our guest have liked very much. <br />One bedroom is located from the staircase, but our guest have the whole floor. <br />There is free parking in the street.on the second floor.<br /><br /><b>Guest access</b><br />We have a new washing machine and a dryer in our garage. Up on request we allow our guest to use these machines.<br /><br /><b>Other things to note</b><br />We are often asked about convenient grocery store. We suggest a store called Bónus that is located on right hand site of the main street Laugavegur nr. 59<br />If you have a rental car there is a new Bónus store in Skipholt with free parking in front.<br /><br /><b>Registration Details</b><br />LG-REK-015808",Entire rental unit,entire_home,https://a0.muscache.com/im/pictures/23d08b39-9a19-4c1e-a391-6f1c8571923b.jpg,23,"https://a0.muscache.com/im/pictures/23d08b39-9a19-4c1e-a391-6f1c8571923b.jpg,https://a0.muscache.com/im/pictures/hosting/Hosting-U3RheVN1cHBseUxpc3Rpbmc6Mzk4MzMzNw%3D%3D/original/52470154-43fc-41e3-a0b1-a06c62d23edf.jpeg,https://a0.muscache.com/im/pictures/3c34775e-916a-4caf-9c51-20dc16fe2fec.jpg,https://a0.muscache.com/im/pictures/0a2f1831-5d68-4f73-ad7d-c233720653c2.jpg,https://a0.muscache.com/im/pictures/0e868766-0c22-47bc-8792-83bc758a25c1.jpg,https://a0.muscache.com/im/pictures/83ef635e-9a78-44de-9e0a-c3cf2228bd58.jpg,https://a0.muscache.com/im/pictures/d2531898-c5b0-405c-9bc7-270e4f3048c5.jpg,https://a0.muscache.com/im/pictures/c6e7f268-b150-42c3-ae45-17cb0d76ba21.jpg,https://a0.muscache.com/im/pictures/6f75d922-4902-4f45-ab7a-bfcd4c20f62b.jpg,https://a0.muscache.com/im/pictures/1a4bce07-31e5-40a6-9610-b579da0cb1d1.jpg,https://a0.muscache.com/im/pictures/be8ae6b0-4a88-4995-8010-04fdde11e181.jpg,https://a0.muscache.com/im/pictures/023bb84c-427b-4875-91d4-3d4f91f1f4ca.jpg,https://a0.muscache.com/im/pictures/cd0eb3e6-81c2-4f7b-9b2c-03e032be3a9a.jpg,https://a0.muscache.com/im/pictures/5f5da6e9-6ac3-4a01-b2d8-e92477447eea.jpg,https://a0.muscache.com/im/pictures/6325bd44-4a59-4073-a1f1-3cd7fbf33f32.jpg,https://a0.muscache.com/im/pictures/cf84f213-defc-4f77-b6c4-0fc1b2b7636e.jpg,https://a0.muscache.com/im/pictures/b72151e1-7ea0-4fa2-bad2-22f40f07eeb2.jpg,https://a0.muscache.com/im/pictures/99e3b256-46f1-4fd2-8971-28f8bae8235f.jpg,https://a0.muscache.com/im/pictures/58dd1ba2-8c0c-4a0c-b324-be6f4b664209.jpg,https://a0.muscache.com/im/pictures/2f60bb3e-0e08-4c86-ab49-b8dc1fef0f1b.jpg,https://a0.muscache.com/im/pictures/01a6ff28-3d34-45eb-9c58-6894e94733ff.jpg,https://a0.muscache.com/im/pictures/d56f8d6a-157f-433d-8c7b-4f8443b097c8.jpg,https://a0.muscache.com/im/pictures/41e80b29-4d8d-48dd-bb60-0c40c2b451b7.jpg",19618309,Viðar,"","",true,64.1374,-21.9189,7,3,4,1.0,true,"Hair dryer,Hot water,Washer,Dryer,Essentials,Hangers,Bed linens,Iron,Drying rack for clothing,Clothing storage,TV,Books and reading material,Crib,Children’s books and toys,High chair,Heating,Smoke alarm,Carbon monoxide alarm,Fire extinguisher,Wifi,Kitchen,Refrigerator,Microwave,Cooking basics,Dishes and silverware,Stove,Oven,Coffee maker,Patio or balcony,Backyard,Free parking on premises,Free street parking",,false,3,Flexible,3:00 PM,12:00 PM,true,true,ISK,64,0,true,685,4.92,4.9,5.0,4.9,5.0,4.9,4.9,72077.0,9217902.0,227.6,29092.6,0.805,0.805,183.6,23491.9,183.6,23491.9,2.8,3.6,294,0,71,365,14599.0,1857715.0,232.6,29592.6,0.644,0.644,151.5,19283.9,151.5,19283.9,2.9,3.9,58,0,32,90
4020861,One bedroom apartment city center 1,,Entire rental unit,entire_home,https://a0.muscache.com/im/pictures/50551740/f5106b66_original.jpg,9,,17755545,Hannes,"","",true,64.1445,-21.9220,6,1,3,1.0,true,"TV,Wifi,Crib,Kitchen,Paid parking off premises,Pets allowed,Hot water,Coffee maker,Refrigerator,Dishes and silverware,Heating,Cooking basics,Paid parking on premises,Washer,Dryer,Smoke alarm,Patio or balcony,Fire extinguisher,Luggage dropoff allowed,Essentials,Hangers,Hair dryer",,false,1,Firm,,,,,ISK,17,0,,48,4.77,4.9,4.9,4.8,5.0,4.9,4.7,22386.0,2849465.0,465.4,59513.1,0.123,0.133,60.9,7747.5,65.7,8366.4,1.0,4.1,45,27,320,365,0.0,0.0,422.2,53726.3,0.0,0.0,0.0,0.0,0.0,0.0,1.0,0.0,0,0,90,90
4119848,Brand new apartment in central Rvk,"Apartment with one master bedroom, And a sofa bed. Fully equipped kitchen, sunny living room and a large bathroom. Great location - only 8 min walk to the city center and 7 min to the old harbor. Family friendly and quiet neighborhood<br /><br /><b>The space</b><br />This apartment has a under floor heating. It has a 3 meter ceiling height with great lighting.<br />All interiors are design and made by oss,<br />And most of the funiture.<br /><br /><b>Guest access</b><br />Washing machine ,Free wifi, 42\" Tv cable TV And a DvD player  Free Private parking space",Entire rental unit,entire_home,https://a0.muscache.com/im/pictures/92341153/6b9f8bd0_original.jpg,23,"https://a0.muscache.com/im/pictures/92341153/6b9f8bd0_original.jpg,https://a0.muscache.com/im/pictures/85156710/ac074ffe_original.jpg,https://a0.muscache.com/im/pictures/92341139/d4639f59_original.jpg,https://a0.muscache.com/im/pictures/85180438/7ec83f29_original.jpg,https://a0.muscache.com/im/pictures/85180714/b9a35f93_original.jpg,https://a0.muscache.com/im/pictures/85180421/3ddd05c2_original.jpg,https://a0.muscache.com/im/pictures/92341189/bada095c_original.jpg,https://a0.muscache.com/im/pictures/85179199/8150d99d_original.jpg,https://a0.muscache.com/im/pictures/85179936/6d08e4d9_original.jpg,https://a0.muscache.com/im/pictures/92341091/77368ae6_original.jpg,https://a0.muscache.com/im/pictures/66904741/641c2d47_original.jpg,https://a0.muscache.com/im/pictures/85158562/161521fd_original.jpg,https://a0.muscache.com/im/pictures/85178454/87bf38d2_original.jpg,https://a0.muscache.com/im/pictures/92341160/79ce6eec_original.jpg,https://a0.muscache.com/im/pictures/92341175/f93556e5_original.jpg,https://a0.muscache.com/im/pictures/92341187/7243f480_original.jpg,https://a0.muscache.com/im/pictures/92341106/30f0b0ea_original.jpg,https://a0.muscache.com/im/pictures/92341128/46091566_original.jpg,https://a0.muscache.com/im/pictures/92341116/a5e5715d_original.jpg,https://a0.muscache.com/im/pictures/92341081/930b821c_original.jpg,https://a0.muscache.com/im/pictures/66904494/0c7c0569_original.jpg,https://a0.muscache.com/im/pictures/66904721/b73bd303_original.jpg,https://a0.muscache.com/im/pictures/66904690/1a073b39_original.jpg",1232997,Laufey,"","",false,64.1476,-21.9548,5,2,,1.0,false,"Hair dryer,Shampoo,Hot water,Washer,Dryer,Essentials,Hangers,Iron,TV,Air conditioning,Heating,Smoke alarm,Carbon monoxide alarm,Wifi,Kitchen,Refrigerator,Microwave,Cooking basics,Dishes and silverware,Stove,Oven,Free parking on premises,Free street parking",,false,30,Firm,2:00 PM,11:00 AM,false,false,ISK,3778,,false,63,4.81,4.8,4.9,4.8,4.9,4.8,4.7,18424.0,2347290.0,155.8,19928.2,0.315,0.523,50.5,6430.9,83.7,10669.5,30.0,28.8,115,145,250,365,0.0,0.0,139.8,17783.8,0.0,0.0,0.0,0.0,0.0,0.0,30.0,0.0,0,53,90,90
4127642,Urban Minimalist Design Apartment,,Entire rental unit,entire_home,https://a0.muscache.com/im/pictures/e571595e-7155-463a-9086-e1ecbf5e9922.jpg,23,,1232997,Laufey,"","",false,64.1492,-21.9564,4,2,5,1.0,false,"High chair,TV,Cable TV,Children’s books and toys,Wifi,Kitchen,Pack ’n play/Travel crib,Free parking on premises,Hot water,Body soap,Bed linens,Extra pillows and blankets,Free street parking,Coffee maker,Refrigerator,Dishwasher,Dishes and silverware,Heating,Cooking basics,Oven,Stove,Washer,Dryer,Smoke alarm,Carbon monoxide alarm,Fire extinguisher,Essentials,Shampoo,Hangers,Hair dryer,Iron",true,false,29,Firm,,,,,ISK,,,,111,4.85,4.9,4.9,4.8,4.9,4.9,4.8,2061.0,262261.0,184.5,23644.9,0.036,0.081,5.6,718.5,12.8,1629.0,28.6,6.5,13,204,352,365,677.0,86148.0,147.9,18817.4,0.056,0.116,7.5,957.2,15.7,2003.4,28.8,2.5,5,47,85,90
4284019,Room with a view & sunset; 50 m to the coast line!,"Private room; from your bedroom window when visible sunset and aurora borealis and coastline across the street, bus stop in front of the door; 15 minutes walk to city centre. <br />10 min. walk to supermarkets, bakery around the corner as well as some restaurants, 10 min. walk to swimming pools.",Private room in rental unit,private_room,https://a0.muscache.com/im/pictures/airflow/Hosting-4284019/original/113f087d-dfac-4148-ae66-8a2baa0c2b4e.jpg,30,"https://a0.muscache.com/im/pictures/airflow/Hosting-4284019/original/113f087d-dfac-4148-ae66-8a2baa0c2b4e.jpg,https://a0.muscache.com/im/pictures/airflow/Hosting-4284019/original/43e6e60c-2d9e-4f98-8347-816a10ded31f.jpg,https://a0.muscache.com/im/pictures/airflow/Hosting-4284019/original/962b0516-576a-436a-8a15-120a2bb03754.jpg,https://a0.muscache.com/im/pictures/airflow/Hosting-4284019/original/eb422cfd-9005-4b57-a949-fe749d8c856a.jpg,https://a0.muscache.com/im/pictures/airflow/Hosting-4284019/original/1f8c8618-c39f-4dbc-b632-1a1c124e58e3.jpg,https://a0.muscache.com/im/pictures/airflow/Hosting-4284019/original/482f3f89-7ee6-4fca-a6d2-7b3836c96acc.jpg,https://a0.muscache.com/im/pictures/airflow/Hosting-4284019/original/216beacb-3d8b-4ea0-bbd5-559f38aca61d.jpg,https://a0.muscache.com/im/pictures/airflow/Hosting-4284019/original/0a424936-c24f-45c2-8844-be7395bbaf79.jpg,https://a0.muscache.com/im/pictures/airflow/Hosting-4284019/original/82441820-2b42-4a74-a630-2721c7c7cdf9.jpg,https://a0.muscache.com/im/pictures/airflow/Hosting-4284019/original/2882d178-e7fc-4bce-860f-2194634c4c2a.jpg,https://a0.muscache.com/im/pictures/airflow/Hosting-4284019/original/2f1887b1-7e4e-4472-9297-992fd428e38d.jpg,https://a0.muscache.com/im/pictures/airflow/Hosting-4284019/original/61d016c8-38ff-4c97-bc76-3fdd83d3c35a.jpg,https://a0.muscache.com/im/pictures/airflow/Hosting-4284019/original/68515a4a-de29-4886-810c-9f2dd4e9a014.jpg,https://a0.muscache.com/im/pictures/airflow/Hosting-4284019/original/bfceafa3-2b5c-412a-a541-e22af8da31ca.jpg,https://a0.muscache.com/im/pictures/airflow/Hosting-4284019/original/55e58bff-3aca-4996-8c6f-df451eb56d6c.jpg,https://a0.muscache.com/im/pictures/airflow/Hosting-4284019/original/9ae1747b-52a9-4d81-b385-3886d6f974a2.jpg,https://a0.muscache.com/im/pictures/airflow/Hosting-4284019/original/0e6add1e-26b5-487a-88d6-5bd3209ed6ad.jpg,https://a0.muscache.com/im/pictures/airflow/Hosting-4284019/original/a57d1189-1361-45f2-9c1c-a336ef2ed1e6.jpg,https://a0.muscache.com/im/pictures/airflow/Hosting-4284019/original/5ea4473e-b2e0-4248-9678-3acfdfb52dc8.jpg,https://a0.muscache.com/im/pictures/70813497/d55ec616_original.jpg,https://a0.muscache.com/im/pictures/70813464/2d9634d9_original.jpg,https://a0.muscache.com/im/pictures/70813486/96025b57_original.jpg,https://a0.muscache.com/im/pictures/70813506/60faf7ee_original.jpg,https://a0.muscache.com/im/pictures/70813522/e1304043_original.jpg,https://a0.muscache.com/im/pictures/70813535/66860b21_original.jpg,https://a0.muscache.com/im/pictures/70813418/2ac7eb1e_original.jpg,https://a0.muscache.com/im/pictures/70813420/ddd72349_original.jpg,https://a0.muscache.com/im/pictures/70813542/123e5df6_original.jpg,https://a0.muscache.com/im/pictures/70813548/b20edce7_original.jpg,https://a0.muscache.com/im/pictures/53818600/752c118b_original.jpg",22239982,Birna,"","",false,64.1500,-21.9659,,,1,0.0,false,"Hair dryer,Hot water,Essentials,Hangers,Bed linens,Iron,Heating,Smoke alarm,Fire extinguisher,First aid kit,Wifi,Kitchen,Refrigerator,Microwave,Cooking basics,Dishwasher,Stove,Oven,Coffee maker,Beach access,Outdoor furniture,Free parking on premises",,false,6,Moderate,,3:00 PM,true,false,ISK,0,0,true,157,4.94,4.9,5.0,4.8,5.0,4.8,4.9,7586.0,965311.0,99.7,12749.4,0.205,0.63,20.8,2644.7,63.7,8111.9,6.0,15.0,75,246,290,365,0.0,0.0,98.3,12514.2,0.0,0.0,0.0,0.0,0.0,0.0,6.0,0.0,0,75,90,90
4301706,Studio apartment,Studio apartment with kitchen and private bathroom in the city center of Reykjavik<br /><br /><b>The space</b><br />Excellent location in city center. New building (rebuild in 2014). Clean and new apartment provide private kitchen and bathroom.<br /><br /><b>Guest access</b><br />Free WiFi internet.<br /><br /><b>Other things to note</b><br />Apartment is accessed by stairs only. There is no elevator in the building<br /><br /><b>Registration Details</b><br />LG-REK-014505,Entire rental unit,entire_home,https://a0.muscache.com/im/pictures/f496f49d-ad14-49b1-85a9-070fda56baff.jpg,7,"https://a0.muscache.com/im/pictures/f496f49d-ad14-49b1-85a9-070fda56baff.jpg,https://a0.muscache.com/im/pictures/6f73bf9c-0db3-4230-b23e-82addb2ab704.jpg,https://a0.muscache.com/im/pictures/c1af34c2-be7b-4a18-823a-789dee2e530d.jpg,https://a0.muscache.com/im/pictures/0ff176b7-37d9-413f-a4d6-7c53942f5b3e.jpg,https://a0.muscache.com/im/pictures/30418159-4ae8-42b5-a0a4-f0cf1d413ad0.jpg,https://a0.muscache.com/im/pictures/dbdac60a-1901-40fe-9085-b1bf6e097280.jpg,https://a0.muscache.com/im/pictures/10c99618-0cf6-465b-92cd-0587ef8365a5.jpg",17755545,Hannes,"","",true,64.1460,-21.9244,2,,2,1.0,true,"Hair dryer,Hot water,Washer,Dryer,Essentials,Iron,TV,Heating,Smoke alarm,Fire extinguisher,Wifi,Kitchen,Refrigerator,Microwave,Cooking basics,Dishes and silverware,Stove,Coffee maker,Paid parking off premises,Luggage dropoff allowed,Long term stays allowed",,false,1,Firm,2:00 PM,11:00 AM,true,true,ISK,34,0,false,104,4.86,4.9,4.9,4.9,4.9,4.9,4.7,9359.0,1191389.0,276.7,35354.5,0.079,0.079,24.8,3157.4,24.8,3157.4,1.0,2.2,29,0,336,365,0.0,0.0,234.3,29814.5,0.0,0.0,0.0,0.0,0.0,0.0,1.0,0.0,0,0,90,90
4514327,Amazing central apartment close to the harbour,"This amazing central apartment is 100 square meters in size which is much bigger than other apartments on the market. It is ideally located in the heart of Reykjavik. The apartment has two bedrooms, one with a very comfortable king size bed and the other one with two comfortable single beds that can be put together to make one double bed. The apartment has a super comfortable living area with a very spacious fully equipped kitchen with a dishwasher. You will also find essential spices and coking oil to use along with complimentary tea and coffee. The apartment is located close to the old harbour area where your will find a lot of attractions like while watching and fishing along with local restaurants. The city centre is very close by where you will find the best restaurants in town, museums and information centres. There is a small grocery store just around the corner where you will find all the necessities you may need . And last but not least the apartment comes with a  high quality wireless internet.",Entire rental unit,entire_home,https://a0.muscache.com/im/pictures/miso/Hosting-4514327/original/5405e66c-59f8-4113-81ae-ae987079a605.jpeg,18,"https://a0.muscache.com/im/pictures/miso/Hosting-4514327/original/5405e66c-59f8-4113-81ae-ae987079a605.jpeg,https://a0.muscache.com/im/pictures/miso/Hosting-4514327/original/04ea48d5-020d-4757-8300-60a740df5686.jpeg,https://a0.muscache.com/im/pictures/miso/Hosting-4514327/original/b451f7f0-2363-41ee-a67e-fa9758f0aaae.jpeg,https://a0.muscache.com/im/pictures/miso/Hosting-4514327/original/cfab7770-a955-402b-bb1d-eac1efb43aff.jpeg,https://a0.muscache.com/im/pictures/miso/Hosting-4514327/original/1c1ba77d-30f4-43c6-ae9e-a8933b5ef621.jpeg,https://a0.muscache.com/im/pictures/miso/Hosting-4514327/original/91b9bff7-e44f-4c41-92d6-e499619f928f.jpeg,https://a0.muscache.com/im/pictures/miso/Hosting-4514327/original/3f0df2d9-555a-45be-bd72-389a83750d22.jpeg,https://a0.muscache.com/im/pictures/miso/Hosting-4514327/original/6068d547-a912-4bd0-a6ac-de8e0e883955.jpeg,https://a0.muscache.com/im/pictures/miso/Hosting-4514327/original/cf516f92-a4d9-429e-a4d9-76b107fd8531.jpeg,https://a0.muscache.com/im/pictures/miso/Hosting-4514327/original/997364a3-fd1b-4568-90ce-3ca2a22f6b75.jpeg,https://a0.muscache.com/im/pictures/miso/Hosting-4514327/original/ba0ec6dd-5d61-43b3-b4ba-cfd4d248c218.jpeg,https://a0.muscache.com/im/pictures/miso/Hosting-4514327/original/917aff58-0bbe-4347-b9ce-449e644b9232.jpeg,https://a0.muscache.com/im/pictures/miso/Hosting-4514327/original/3431e074-3704-44bf-9563-0218ae352b1d.jpeg,https://a0.muscache.com/im/pictures/hosting/Hosting-U3RheVN1cHBseUxpc3Rpbmc6NDUxNDMyNw%3D%3D/original/ac0f8290-2374-415e-8b53-b4a94ab59275.jpeg,https://a0.muscache.com/im/pictures/hosting/Hosting-U3RheVN1cHBseUxpc3Rpbmc6NDUxNDMyNw%3D%3D/original/bd323f8a-d46f-413a-9f42-f07cb1a803d4.jpeg,https://a0.muscache.com/im/pictures/hosting/Hosting-4514327/original/92d7fd70-8271-46cc-b9f8-2b6964151ad8.jpeg,https://a0.muscache.com/im/pictures/hosting/Hosting-4514327/original/7122c4af-a7ed-4203-83c9-99f3a08ac942.jpeg,https://a0.muscache.com/im/pictures/hosting/Hosting-4514327/original/1d802e3d-d093-40ce-bca3-60e9bef88444.jpeg",385423,Sigurjon,"","",true,64.1491,-21.9457,4,2,3,1.0,false,"Hair dryer,Cleaning products,Shampoo,Body soap,Hot water,Shower gel,Washer,Essentials,Hangers,Bed linens,Extra pillows and blankets,Room-darkening shades,Iron,Drying rack for clothing,Clothing storage,TV,Crib,High chair,Heating,Smoke alarm,Fire extinguisher,Wifi,Kitchen,Refrigerator,Microwave,Cooking basics,Dishes and silverware,Freezer,Dishwasher,Stove,Oven,Hot water kettle,Coffee maker,Wine glasses,Toaster,Dining table,Coffee,Patio or balcony",,false,3,Firm,3:00 PM,10:00 AM,true,false,ISK,0,0,true,106,4.91,5.0,4.9,4.9,5.0,5.0,4.9,92201.0,1.1787698E7,289.2,36959.7,0.871,0.935,252.6,32295.1,271.2,34669.7,2.7,3.0,318,25,47,365,17177.0,2185764.0,261.5,33272.9,0.733,0.904,190.9,24286.3,235.3,29942.0,2.7,2.5,66,17,24,90
4656000,Downtown Reykjavik with hot tub,"<b>The space</b><br />Very cozy apartment in the center of Reykjavik, accommodates 4 in two bedrooms,kitchen and living room. We have 1 double bed and 2 single.Small balcony with an outdoor Jacuzzi  with the afternoon sun and beautiful Northern Lights in the winter,facilities include an electric cooker,dishwasher and a coffee brewer.Laugavegur and the surrounding area has plenty of shops,bars and restaurants.<br />There is a 24 hour supermarket at the ground floor and a low-cost grocery store close by(2. min walk).Within walking distance (5 min) there is a geothermal pool (swimminghall of Reykjavik).<br /><br /><b>Guest access</b><br />Entire Apartment is yours. If you need something extra do not hesitate to ask.<br /><br /><b>Other things to note</b><br />Our address is Laugavegur 40 in the center of Reykjavik. In the same house is an Italian Restaurant called Rossopommodoro.<br />If you have a GPS it is easy to find the nearest P-house its address is Hverfisgata 20. There are two P-houses on Hverfisgata, Tradarkot and Vitatorg but you could also try to park outside the apartment but sometimes it´s hard to find a spot as this is the main shopping street but it is free to park after 18.00 until 8.00 in the morning. There are also many smaller streets along, like Frakkastigur and Vitastigur where you could park.",Entire rental unit,entire_home,https://a0.muscache.com/im/pictures/airflow/Hosting-4656000/original/3e47cc70-dc26-4ec3-8b65-944edb5c04b4.jpg,52,"https://a0.muscache.com/im/pictures/airflow/Hosting-4656000/original/3e47cc70-dc26-4ec3-8b65-944edb5c04b4.jpg,https://a0.muscache.com/im/pictures/airflow/Hosting-4656000/original/43ea1d4d-b338-45f1-a3c4-e3e63ce34551.jpg,https://a0.muscache.com/im/pictures/airflow/Hosting-4656000/original/3675b638-59b0-42f1-a882-9b800f48580b.jpg,https://a0.muscache.com/im/pictures/airflow/Hosting-4656000/original/e3598a9b-0aa1-4fe7-bded-a102eee9aac1.jpg,https://a0.muscache.com/im/pictures/58477245/30aabedf_original.jpg,https://a0.muscache.com/im/pictures/airflow/Hosting-4656000/original/aced2d8a-7452-4d6a-9bd1-185eca1e2cfe.jpg,https://a0.muscache.com/im/pictures/airflow/Hosting-4656000/original/d4c32cb7-ba6b-40cf-b606-a356b5458267.jpg,https://a0.muscache.com/im/pictures/airflow/Hosting-4656000/original/613f9bd9-2f62-4c83-9578-fb498d2bef3d.jpg,https://a0.muscache.com/im/pictures/airflow/Hosting-4656000/original/80bcf9cb-6e09-4c7b-9b01-8409eaf575dd.jpg,https://a0.muscache.com/im/pictures/airflow/Hosting-4656000/original/187c15f5-e298-4e47-9398-fddc9a4d3e1e.jpg,https://a0.muscache.com/im/pictures/airflow/Hosting-4656000/original/e6c7f431-4a21-49ce-b165-f5fc77ba9422.jpg,https://a0.muscache.com/im/pictures/airflow/Hosting-4656000/original/f3906b00-2244-49b6-af8c-f813b996318f.jpg,https://a0.muscache.com/im/pictures/airflow/Hosting-4656000/original/9cbce4bd-ee0e-4b9b-8b11-8d6ab0a9a400.jpg,https://a0.muscache.com/im/pictures/airflow/Hosting-4656000/original/8e04cf09-bf24-4c19-8c38-82cfd56e42ee.jpg,https://a0.muscache.com/im/pictures/airflow/Hosting-4656000/original/a394f258-536e-4869-93ac-3f66c98a9c44.jpg,https://a0.muscache.com/im/pictures/airflow/Hosting-4656000/original/3874bdf9-62ae-4b66-b3b1-d96284ad8d53.jpg,https://a0.muscache.com/im/pictures/airflow/Hosting-4656000/original/6321b789-2be6-4abb-8cd4-b2fbf07b9207.jpg,https://a0.muscache.com/im/pictures/airflow/Hosting-4656000/original/255d525f-9c78-406a-972b-123fdc6d8cda.jpg,https://a0.muscache.com/im/pictures/airflow/Hosting-4656000/original/e4c38a67-6431-45b8-9a27-78d79ea15a54.jpg,https://a0.muscache.com/im/pictures/airflow/Hosting-4656000/original/21e6223a-184a-4745-bc82-b4f6bf1d38df.jpg,https://a0.muscache.com/im/pictures/airflow/Hosting-4656000/original/2ccc10e1-d764-41ff-b454-7025f76a3622.jpg,https://a0.muscache.com/im/pictures/airflow/Hosting-4656000/original/ad784c90-32cc-4d5b-bcd8-eb848dc1c4f6.jpg,https://a0.muscache.com/im/pictures/airflow/Hosting-4656000/original/f409b007-daab-4c85-92f4-ab37035f18e7.jpg,https://a0.muscache.com/im/pictures/airflow/Hosting-4656000/original/6f0b694f-650e-4d6a-9c31-8bc588c9c5ba.jpg,https://a0.muscache.com/im/pictures/airflow/Hosting-4656000/original/d80d4fce-53a8-4921-95c5-e5fa2a7c83f3.jpg,https://a0.muscache.com/im/pictures/airflow/Hosting-4656000/original/afd73041-034d-4bab-b871-2e77757f8e53.jpg,https://a0.muscache.com/im/pictures/airflow/Hosting-4656000/original/4aae7841-3708-47ef-a36e-9400a8a54005.jpg,https://a0.muscache.com/im/pictures/airflow/Hosting-4656000/original/28154859-3382-431b-87db-ec6621dc2e47.jpg,https://a0.muscache.com/im/pictures/airflow/Hosting-4656000/original/d4729906-73dd-4ac7-a37c-5a3376fc8745.jpg,https://a0.muscache.com/im/pictures/airflow/Hosting-4656000/original/e08958f2-0a09-43e9-a5b7-0df5e37dadf6.jpg,https://a0.muscache.com/im/pictures/airflow/Hosting-4656000/original/7b1c29cd-f981-47a7-9e40-111a21f23843.jpg,https://a0.muscache.com/im/pictures/airflow/Hosting-4656000/original/916174d6-47f5-46bf-8778-cf4d3bba7b54.jpg,https://a0.muscache.com/im/pictures/airflow/Hosting-4656000/original/195fcf28-fc52-492f-9a8b-a67cf0dcd1a5.jpg,https://a0.muscache.com/im/pictures/airflow/Hosting-4656000/original/26b33f0d-f2a3-4639-87d3-c366aa877e20.jpg,https://a0.muscache.com/im/pictures/airflow/Hosting-4656000/original/837bfd7b-d594-42d4-b929-bdfb500ad236.jpg,https://a0.muscache.com/im/pictures/airflow/Hosting-4656000/original/96054a6d-ac46-4f7f-b3dd-daba2db495df.jpg,https://a0.muscache.com/im/pictures/airflow/Hosting-4656000/original/07ebf3a6-63b8-4076-aad6-13352c86e331.jpg,https://a0.muscache.com/im/pictures/airflow/Hosting-4656000/original/f5d0682d-403a-4920-b0d7-b374be4a5d36.jpg,https://a0.muscache.com/im/pictures/airflow/Hosting-4656000/original/cd4604ae-90c3-4d66-bf90-f74e851c845c.jpg,https://a0.muscache.com/im/pictures/airflow/Hosting-4656000/original/4413a514-5ce0-488b-896c-15f007f1f77e.jpg,https://a0.muscache.com/im/pictures/airflow/Hosting-4656000/original/ff05ecde-71f2-40a3-8978-1679d7534771.jpg,https://a0.muscache.com/im/pictures/airflow/Hosting-4656000/original/8bc6f233-cb7b-42fb-96f9-f21e75a8b24f.jpg,https://a0.muscache.com/im/pictures/airflow/Hosting-4656000/original/d1009de7-720b-43b4-8737-a5c965bd9d56.jpg,https://a0.muscache.com/im/pictures/58476760/ef04f0a1_original.jpg,https://a0.muscache.com/im/pictures/58476868/f3f52aee_original.jpg,https://a0.muscache.com/im/pictures/58477071/0c514fc6_original.jpg,https://a0.muscache.com/im/pictures/58476966/ea8fb6c5_original.jpg,https://a0.muscache.com/im/pictures/58477124/2fa09ebe_original.jpg,https://a0.muscache.com/im/pictures/58477184/471072b1_original.jpg,https://a0.muscache.com/im/pictures/58477363/f66ad62d_original.jpg,https://a0.muscache.com/im/pictures/58476605/79b74a20_original.jpg,https://a0.muscache.com/im/pictures/58477430/73f0bc6f_original.jpg",11090505,Kolbrún,"","",true,64.1441,-21.9254,4,2,4,1.0,false,"Hair dryer,Shampoo,Conditioner,Body soap,Hot water,Essentials,Bed linens,Iron,TV,Crib,High chair,Heating,Smoke alarm,Fire extinguisher,Wifi,Kitchen,Refrigerator,Microwave,Cooking basics,Dishes and silverware,Freezer,Dishwasher,Stove,Oven,Hot water kettle,Coffee maker,Wine glasses,Toaster,Dining table,Hot tub,Elevator",,false,2,Flexible,2:00 PM,11:00 AM,true,false,ISK,142,0,true,417,4.94,5.0,4.9,4.9,5.0,5.0,4.8,75524.0,9643230.0,333.8,42646.6,0.534,0.534,182.8,23350.6,182.8,23350.6,2.0,3.0,195,0,170,365,14500.0,1845115.0,299.0,38051.9,0.467,0.467,146.9,18694.4,146.9,18694.4,2.0,4.2,42,0,48,90
4745810,Perfect apartment for low price,,Entire rental unit,entire_home,https://a0.muscache.com/im/pictures/95903714/c1bad02f_original.jpg,14,,953381,Þorsteinn Daði,"41395133,55808771","Þorsteinn,Jón",true,64.1482,-21.9448,2,1,1,1.0,false,"Wifi,Air conditioning,Crib,Kitchen,Room-darkening shades,Books and reading material,Hot water,Body soap,Bed linens,Extra pillows and blankets,Microwave,Cleaning products,Coffee maker,Refrigerator,Dishes and silverware,Heating,Cooking basics,Clothing storage,Stove,Washer,Dryer,Smoke alarm,BBQ grill,Shower gel,Carbon monoxide alarm,First aid kit,Backyard,Fire extinguisher,Essentials,Shampoo,Hangers,Hair dryer,Iron",true,,2,Moderate,,,,,ISK,68,0,,276,4.78,4.9,5.0,4.9,4.9,5.0,4.7,12955.0,1654513.0,162.5,20841.6,0.186,0.206,32.1,4106.2,35.5,4541.7,2.0,3.6,68,35,297,365,0.0,0.0,0.0,0.0,0.0,0.0,0.0,0.0,0.0,0.0,2.0,0.0,0,0,90,90
4935952,"Historic house in the centre
reg. no. HG 00012465",,Entire rental unit,entire_home,https://a0.muscache.com/im/pictures/61872543/9171f61b_original.jpg,25,,11336769,Páll,"","",true,64.1451,-21.9375,4,3,4,2.0,false,"TV,Wifi,Kitchen,Hot water kettle,Paid parking off premises,Books and reading material,Resort access,Outdoor furniture,Cleaning products,Drying rack for clothing,Heating,Coffee,Clothing storage,Wine glasses,Washer,Dryer,Smoke alarm,First aid kit,Fire extinguisher,Essentials,Hangers,Hair dryer,Iron,Dedicated workspace,Freezer,Private entrance,Bathtub,High chair,Hot water,Body soap,Bed linens,Ethernet connection,Microwave,Coffee maker,Refrigerator,Dishwasher,Dishes and silverware,Cooking basics,Oven,Stove,Single level home,Patio or balcony,Luggage dropoff allowed,Dining table,Toaster",false,false,3,Firm,,,,,ISK,208,0,,221,4.93,4.9,4.9,5.0,4.9,5.0,4.8,51129.0,6533066.0,372.9,47668.2,0.364,0.581,128.1,16376.0,204.2,26101.5,3.0,5.3,133,136,232,365,0.0,0.0,410.6,52244.5,0.0,0.0,0.0,0.0,0.0,0.0,3.0,0.0,0,0,90,90
4948020,"Reykjavik historic center, Njalsgata (101)",,Entire rental unit,entire_home,https://a0.muscache.com/im/pictures/miso/Hosting-4948020/original/1d682deb-d465-4690-9707-5cd918f83941.jpeg,14,,11483076,Maria,"","",false,64.1427,-21.9223,4,1,2,1.0,true,"TV,Cable TV,Wifi,Air conditioning,Kitchen,Room-darkening shades,Hot water kettle,Paid parking off premises,Hot water,Conditioner,Bed linens,Laundromat nearby,Microwave,Cleaning products,Coffee maker,Refrigerator,Dishwasher,Dishes and silverware,Heating,Oven,Clothing storage,Stove,Wine glasses,Smoke alarm,Backyard,Fire extinguisher,Essentials,Long term stays allowed,Shampoo,Lock on bedroom door,Hangers,Dining table,Hair dryer,Freezer,Private entrance,Toaster",,false,2,Strict,,,,,ISK,104,0,,14,4.93,4.9,5.0,4.9,5.0,5.0,4.9,17505.0,2239327.0,241.5,30883.6,0.184,0.237,43.1,5518.8,55.6,7117.8,2.0,3.5,67,82,298,365,6098.0,775965.0,209.6,26667.2,0.289,0.333,60.8,7739.6,70.2,8930.3,2.0,4.3,26,12,64,90
5018745,Apartment in the heart of Reykjavík,,Entire rental unit,entire_home,https://a0.muscache.com/im/pictures/64547005/b0023a38_original.jpg,23,,25890147,Bryndís,"","",true,64.1435,-21.9354,2,1,1,1.0,true,"TV,Washer,Cable TV,Dryer,Smoke alarm,Wifi,Kitchen,Essentials,Shampoo,Hot water,Bed linens,Cleaning products,Bathtub,Dishes and silverware,Heating,Cooking basics",,false,3,Flexible,,,,,ISK,51,0,,21,4.95,5.0,5.0,4.8,4.9,5.0,4.7,11263.0,1433209.0,218.5,28032.9,0.14,0.14,30.2,3837.7,30.2,3837.7,3.3,10.2,51,0,314,365,0.0,0.0,0.0,0.0,0.0,0.0,0.0,0.0,0.0,0.0,3.0,0.0,0,0,90,90
5229923,Top floor apt. mountain view,,Entire rental unit,entire_home,https://a0.muscache.com/im/pictures/65375404/a4195926_original.jpg,11,,27063174,Jón Karl,"","",false,64.0995,-21.7784,4,2,5,1.0,false,"TV,Cable TV,Wifi,Air conditioning,Kitchen,Free parking on premises,Pets allowed,Hot water,Elevator,Free street parking,Outdoor furniture,Coffee maker,Refrigerator,Dishes and silverware,Heating,Washer,Dryer,Smoke alarm,BBQ grill,Carbon monoxide alarm,Patio or balcony,First aid kit,Fire extinguisher,Essentials,Shampoo,Hair dryer,Iron",,false,3,Flexible,,,,,ISK,0,0,,19,4.84,4.7,4.9,4.8,4.8,4.7,4.8,4857.0,618052.0,333.0,42593.9,0.038,0.04,13.3,1693.3,13.8,1760.8,3.0,3.5,14,14,351,365,0.0,0.0,303.7,38645.7,0.0,0.0,0.0,0.0,0.0,0.0,3.0,0.0,0,0,90,90
5342954,Beautiful apt in the City Center with free parking,"Refurbished, beautiful and cozy one bedroom apartment in Central Reykjavik. The apartment is on ground floor with a private entrance. Just 5 minutes walk to Hallgrimskirkja church, Hlemmur bus station and a great indoor swimming pool.<br /><br /><b>The space</b><br />The apartment is in a very quiet neighborhood, it´s on a ground floor with private entrance and is bright and beautiful and consists of a living room, bedroom with queen size bed (160x200), private bathroom with toilet and shower and a fully equipped kitchen with a coffee machine.<br /><br /><b>Guest access</b><br />Free wireless internet, hairdryer, towels and bed linens are included.",Entire rental unit,entire_home,https://a0.muscache.com/im/pictures/67351853/30b64019_original.jpg,13,"https://a0.muscache.com/im/pictures/67351853/30b64019_original.jpg,https://a0.muscache.com/im/pictures/8402854b-ef8e-4cd7-a524-542c7ba1ea1b.jpg,https://a0.muscache.com/im/pictures/3bd9eb14-21ab-4b4e-8171-555649c7cc52.jpg,https://a0.muscache.com/im/pictures/69415023/cd5c560f_original.jpg,https://a0.muscache.com/im/pictures/ebb7c068-f2f9-40ad-a83b-4d66824357be.jpg,https://a0.muscache.com/im/pictures/67351860/010b795b_original.jpg,https://a0.muscache.com/im/pictures/67351873/51b75575_original.jpg,https://a0.muscache.com/im/pictures/69414991/6236f74b_original.jpg,https://a0.muscache.com/im/pictures/69414971/5a161c24_original.jpg,https://a0.muscache.com/im/pictures/69415137/9c46a2ec_original.jpg,https://a0.muscache.com/im/pictures/69415054/20021d36_original.jpg,https://a0.muscache.com/im/pictures/67351940/70149343_original.jpg,https://a0.muscache.com/im/pictures/67351960/92e0b8a6_original.jpg",3749186,Sarah,"","",true,64.1405,-21.9170,2,1,1,1.0,false,"Hair dryer,Cleaning products,Shampoo,Conditioner,Body soap,Hot water,Shower gel,Washer,Essentials,Hangers,Bed linens,Extra pillows and blankets,Room-darkening shades,Clothing storage,Books and reading material,Heating,Smoke alarm,First aid kit,Wifi,Kitchen,Refrigerator,Cooking basics,Dishes and silverware,Freezer,Stove,Oven,Hot water kettle,Coffee maker,Wine glasses,Toaster,Baking sheet,Coffee,Free parking on premises,Free street parking,Single level home,Long term stays allowed",,false,3,Strict,1:00 PM,10:00 AM,false,false,ISK,1,17,false,502,4.75,4.9,4.9,4.8,4.9,4.8,4.8,21513.0,2742896.0,141.8,18104.4,0.403,0.403,58.9,7504.3,58.9,7504.3,3.0,4.1,147,0,218,365,3347.0,425900.0,133.7,17013.2,0.289,0.289,37.1,4723.8,37.1,4723.8,3.0,2.9,26,0,64,90
5343346,Cute Studio apt. in City Center,"Very cute studio apartment in the heart of Reykjavík!<br /><br /><b>The space</b><br />A beautiful and cute 20 m2 studio apartment on 1st floor with shared bathroom. It's located in the heart of Reykjavik. It's only 5 minutes walk to restaurants, bars, sightseeing, museums, Hallgrímskirkja and the main shopping street, Laugavegur.<br /><br />There is a nice comfortable king size double bed up  on a platform through few stairs. The kitchen is fully applied with a stove, oven, toaster, blender and a coffee machine. The bathroom is shared with another studio apartment. The apartment includes sheets, blankets, pillows and towels.<br /><br />How to get there from the airport:<br />The drive from Keflavik airport to Reykjavik takes about 45 minutes with a Flybus that can take you to town once you arrive. It's destination is the Bus-station BSI, and from there it's a 2 minute cab drive or 10 minutes on foot. Also, you can choose Flybus+ and choose drop off spot no 2 the Pond  which is the nearest drop off station.<br /><br />If you have any questions, just ask :) <br /><br />Excellent location!<br /><br /><b>Guest access</b><br />The apartment includes free wifi, hairdryer, sheets, blankets, pillows and towels.<br /><br /><b>Other things to note</b><br />Parking space: There are parking space in the street owned by the City and the cost is around 7€ for a full day. Metering times are from 9am to 6pm weekdays, 10pm to 4pm on Saturdays and Sundays are free.",Entire rental unit,entire_home,https://a0.muscache.com/im/pictures/70532019/10119b58_original.jpg,13,"https://a0.muscache.com/im/pictures/70532019/10119b58_original.jpg,https://a0.muscache.com/im/pictures/70532806/9a37366d_original.jpg,https://a0.muscache.com/im/pictures/70532160/3361d317_original.jpg,https://a0.muscache.com/im/pictures/70536673/30c25958_original.jpg,https://a0.muscache.com/im/pictures/70532318/ba6e05d5_original.jpg,https://a0.muscache.com/im/pictures/70533427/5ad65df8_original.jpg,https://a0.muscache.com/im/pictures/70537182/2a3b213a_original.jpg,https://a0.muscache.com/im/pictures/70537308/c56889c5_original.jpg,https://a0.muscache.com/im/pictures/80eedee8-8a22-4fa1-8c12-62a4e7463a0f.jpg,https://a0.muscache.com/im/pictures/68973553/83c732bf_original.jpg,https://a0.muscache.com/im/pictures/68973580/02f49ce3_original.jpg,https://a0.muscache.com/im/pictures/68973606/c06186cb_original.jpg,https://a0.muscache.com/im/pictures/68973629/34c356c2_original.jpg",3749186,Sarah,"","",true,64.1429,-21.9348,2,1,1,1.0,false,"Air conditioning,Hair dryer,Cleaning products,Shampoo,Conditioner,Body soap,Hot water,Shower gel,Essentials,Hangers,Bed linens,Extra pillows and blankets,Heating,Smoke alarm,First aid kit,Wifi,Kitchen,Refrigerator,Cooking basics,Dishes and silverware,Mini fridge,Freezer,Stove,Oven,Hot water kettle,Coffee maker,Wine glasses,Toaster,Baking sheet,Coffee,Private entrance,Laundromat nearby,Paid parking off premises,Paid parking on premises,Long term stays allowed",,false,3,Strict,1:00 PM,10:00 AM,false,false,ISK,0,17,false,421,4.7,4.7,4.9,4.7,4.9,4.9,4.7,17482.0,2228130.0,101.7,13002.7,0.463,0.463,47.9,6104.5,47.9,6104.5,3.0,4.2,169,0,196,365,1927.0,245207.0,100.8,12828.1,0.211,0.211,21.4,2724.5,21.4,2724.5,3.0,2.4,19,0,71,90
5469622,Perfect room for low price,,Entire rental unit,entire_home,https://a0.muscache.com/im/pictures/95888171/8b94d2ad_original.jpg,12,,953381,Þorsteinn Daði,55808771,Jón,true,64.1496,-21.9447,2,1,1,1.0,false,"Wifi,Air conditioning,Kitchen,Hot water,Bed linens,Extra pillows and blankets,Microwave,Coffee maker,Refrigerator,Dishes and silverware,Heating,Cooking basics,Stove,Washer,Dryer,Smoke alarm,BBQ grill,Carbon monoxide alarm,First aid kit,Backyard,Fire extinguisher,Essentials,Shampoo,Hangers,Hair dryer,Iron",true,,2,Moderate,,,,,ISK,62,0,,436,4.75,4.8,5.0,4.8,4.9,5.0,4.7,7132.0,908024.0,143.1,18354.9,0.121,0.149,17.3,2206.8,21.4,2721.2,2.0,2.9,44,69,321,365,0.0,0.0,0.0,0.0,0.0,0.0,0.0,0.0,0.0,0.0,2.0,0.0,0,0,90,90
5694860,"Large lovely home, best location !","My home is a bright 160 sq. meter family house on two floors with a nice private garden and free privet parking in front of the house. It is located right in the heart of Reykjavík 101, with in a few minutes walk to shops, cafés, restaurants, museums, swimming pool and bus station and the main pick up area for day tours is located by the side of Hallgrímskirkja which is at the top of the street. It is a prime location right in the very center but in a quiet street.<br /><br /><b>The space</b><br />A bright 160 square meter family house on two floors with a nice private garden and free privet parking in the garden.First floor; a large entrance hall, a fully equipped kitchen that opens up to a small balcony where you can enjoy a cup of coffee in the morning sun. A spacious living and dining room which can easily accommodate four to six people. The first floor also features one single bedroom with a good desk, wardrobe and a 90 cm wide bed. Second floor; three bedrooms, two large double bedrooms, one with 180cm wide bed , the other big bedroom has a big cal- king size bed ( 184*215 cm) Third bedroom is smaller and has a single bed and a good wardrobe. A nice bathroom with a shower and a washing machine in the bathroom. My favourite room in the house is the large overbuilt balcony on second floor with plenty of light and a great view. It only takes a little sun to heat the room up to Mediterranean temperatures, you can then open any window for a refreshing sunbath :) My place is a very clean and cozy family home wich i have lived in for the last 20 years, a authentic icelandic home !  You will enjoy it !<br /><br /><b>Guest access</b><br />The full use of the house, garden and free parking on the premises.<br />Free wi-fi internet connection. One set of towels and linen each week. The kitchen is fully equipped with kitchen utensils and for your coffee you can choose an Italian or American style. To welcome you I will leave in the refrigerator a little starting kit (milk, butter, bread, coffee, tea.. ) Looking forward to see you in Iceland!<br /><br /><b>Other things to note</b><br />The unit is privately owned and the owner is not responsible for any accidents, injuries or illness that may occur while on the premises or its facilities. The homeowner is not responsible for the loss of personal belongings or valuables of the guests. By accepting this reservation, it is agreed that you the guest are expressively assuming the risk of any harm arising from the use of the premises or others they invite on the premises. I highly recommend that guests purchase travel insurance.<br /><br /><b>Registration Details</b><br />HG-00000342",Entire townhouse,entire_home,https://a0.muscache.com/im/pictures/hosting/Hosting-U3RheVN1cHBseUxpc3Rpbmc6NTY5NDg2MA%3D%3D/original/4b28e6e0-cda2-4c5d-bfa1-09763f10902c.jpeg,30,"https://a0.muscache.com/im/pictures/hosting/Hosting-U3RheVN1cHBseUxpc3Rpbmc6NTY5NDg2MA%3D%3D/original/4b28e6e0-cda2-4c5d-bfa1-09763f10902c.jpeg,https://a0.muscache.com/im/pictures/hosting/Hosting-U3RheVN1cHBseUxpc3Rpbmc6NTY5NDg2MA%3D%3D/original/8c949882-5286-4d60-b063-607ea29ecb3a.jpeg,https://a0.muscache.com/im/pictures/hosting/Hosting-U3RheVN1cHBseUxpc3Rpbmc6NTY5NDg2MA%3D%3D/original/7c3617f2-537f-4a8f-85f3-2b4495007b3b.jpeg,https://a0.muscache.com/im/pictures/hosting/Hosting-U3RheVN1cHBseUxpc3Rpbmc6NTY5NDg2MA%3D%3D/original/b5098f2f-c7b0-47f1-9c15-60cb263eb5f1.jpeg,https://a0.muscache.com/im/pictures/hosting/Hosting-U3RheVN1cHBseUxpc3Rpbmc6NTY5NDg2MA%3D%3D/original/6a7f64fd-ca5c-45d0-b98c-994ba6d8cfb0.jpeg,https://a0.muscache.com/im/pictures/hosting/Hosting-U3RheVN1cHBseUxpc3Rpbmc6NTY5NDg2MA%3D%3D/original/a069b6a1-21d4-4c84-8e42-0519ee6377d1.jpeg,https://a0.muscache.com/im/pictures/hosting/Hosting-U3RheVN1cHBseUxpc3Rpbmc6NTY5NDg2MA%3D%3D/original/a916b1f5-9611-4f6c-8919-0847adc2c481.jpeg,https://a0.muscache.com/im/pictures/hosting/Hosting-U3RheVN1cHBseUxpc3Rpbmc6NTY5NDg2MA%3D%3D/original/99c2d782-619c-4e6a-857e-9b5bc030bdff.jpeg,https://a0.muscache.com/im/pictures/59c82b39-a3b6-43a1-ac74-83d2e8e07447.jpg,https://a0.muscache.com/im/pictures/hosting/Hosting-U3RheVN1cHBseUxpc3Rpbmc6NTY5NDg2MA%3D%3D/original/c5813972-4bed-4e1c-9279-d103416293f3.jpeg,https://a0.muscache.com/im/pictures/hosting/Hosting-U3RheVN1cHBseUxpc3Rpbmc6NTY5NDg2MA%3D%3D/original/dbaa2be6-86f5-48b2-8961-572296e4f720.jpeg,https://a0.muscache.com/im/pictures/446eb5b8-7f8e-48ff-b159-677f7d964752.jpg,https://a0.muscache.com/im/pictures/ddbcd6ac-7cb2-4ffd-b348-0008ee3bacba.jpg,https://a0.muscache.com/im/pictures/6d1e6c43-ae58-4a9c-88eb-55165a88f6b6.jpg,https://a0.muscache.com/im/pictures/c743166f-9920-4af7-95b9-b31ebf1bb141.jpg,https://a0.muscache.com/im/pictures/60836e53-009a-4ac6-bd3f-e54bb2497d1c.jpg,https://a0.muscache.com/im/pictures/7674b1fe-1a4d-45c1-8328-995089240248.jpg,https://a0.muscache.com/im/pictures/hosting/Hosting-U3RheVN1cHBseUxpc3Rpbmc6NTY5NDg2MA%3D%3D/original/345d6ee7-e633-4271-a296-3a926ec79085.jpeg,https://a0.muscache.com/im/pictures/5abef71e-72ec-4581-9af1-2be5b176a8c5.jpg,https://a0.muscache.com/im/pictures/673ec2bf-be7e-4991-aab2-49a122684d9d.jpg,https://a0.muscache.com/im/pictures/70863555/55fd58e0_original.jpg,https://a0.muscache.com/im/pictures/70863602/02c5bad2_original.jpg,https://a0.muscache.com/im/pictures/hosting/Hosting-U3RheVN1cHBseUxpc3Rpbmc6NTY5NDg2MA%3D%3D/original/a190716d-7e00-43f8-a41e-b2da5b5d7a6e.jpeg,https://a0.muscache.com/im/pictures/hosting/Hosting-U3RheVN1cHBseUxpc3Rpbmc6NTY5NDg2MA%3D%3D/original/7c4dceeb-e418-4909-ad61-49580b17116c.jpeg,https://a0.muscache.com/im/pictures/hosting/Hosting-U3RheVN1cHBseUxpc3Rpbmc6NTY5NDg2MA%3D%3D/original/bfd835ef-872a-4ffe-8e88-a039970d3a44.jpeg,https://a0.muscache.com/im/pictures/98954b15-4f5b-450c-a01b-7f2003f8688a.jpg,https://a0.muscache.com/im/pictures/11759330-97b5-41ee-8f9f-bc06c222c118.jpg,https://a0.muscache.com/im/pictures/hosting/Hosting-U3RheVN1cHBseUxpc3Rpbmc6NTY5NDg2MA%3D%3D/original/ff3a68a9-6bbf-4438-beed-f1186dc917bd.jpeg,https://a0.muscache.com/im/pictures/70864774/47a6f713_original.jpg,https://a0.muscache.com/im/pictures/0d0fe2b2-7672-4e7a-bf2b-38144839c039.jpg",29517821,Vala,"","",false,64.1386,-21.9229,6,4,4,1.0,true,"Hair dryer,Cleaning products,Shampoo,Conditioner,Body soap,Hot water,Shower gel,Washer,Essentials,Hangers,Bed linens,Extra pillows and blankets,Room-darkening shades,Iron,Drying rack for clothing,Clothing storage,TV,Books and reading material,Children’s books and toys,Children’s dinnerware,Board games,Heating,Smoke alarm,Carbon monoxide alarm,Fire extinguisher,First aid kit,Wifi,Dedicated workspace,Kitchen,Refrigerator,Cooking basics,Dishes and silverware,Freezer,Dishwasher,Stove,Oven,Hot water kettle,Coffee maker,Wine glasses,Toaster,Baking sheet,Blender,Trash compactor,Barbecue utensils,Dining table,Coffee,Bread maker,Private entrance,Laundromat nearby,Patio or balcony,Outdoor furniture,Outdoor dining area,Free parking on premises,Free street parking,Luggage dropoff allowed",,false,3,Moderate,,12:00 PM,true,false,ISK,68,0,false,91,5.0,5.0,5.0,5.0,5.0,5.0,4.9,23864.0,3036684.0,427.5,54658.9,0.153,0.875,63.3,8058.9,361.2,45961.0,3.2,4.3,56,301,309,365,0.0,0.0,442.3,56281.1,0.0,0.0,0.0,0.0,0.0,0.0,3.4,0.0,0,89,90,90
5713299,Loft Apartments - City Center,"Well equipped Luxury Apartment in Reykjavik Center.<br /><br />My place is close to nightlife, public transport, and family-friendly activities. You’ll love my place because of the kitchen, the location, and the cosiness. My place is good for couples, solo adventurers, business travellers, and families (with kids).<br /><br /><b>The space</b><br />The apartment which is more like a hotel apartment is a luxury apartment placed in the most popular down town area.<br />From the apartment it takes only 3 minutes to walk to the largest shopping street in Reykjavik with selection of shops, restaurants and bars. Mountain view from the apartment and 5 min walk to the ocean where also the Reykjavik Music Hall is located.<br /><br /><b>Guest access</b><br />The Apartment is fully with Internet and 50” flat screen Smart TV  <br />Towels and linens are provided upon arrival.   <br /><br />Baby crib and baby chair can be arranged but needs to be requested in advance.<br /><br /><b>Other things to note</b><br />You can drink the water from the tab, it’s perfectly clean, pure spring water. You can buy water in grocery stores and restaurants if you want, but its exactly the same water. <br />The hot water sometimes smells of sulphur. It’s because we get it directly from natural hot springs.<br /><br />To throw away garbage open the door right to the main entrance.   The key for that door is hanging next to the door in the apartment.  Please make sure the bag has a tight knot.  All glass and plastic bottles can be left in the kitchen.",Entire rental unit,entire_home,https://a0.muscache.com/im/pictures/71761205/b6b72d0d_original.jpg,21,"https://a0.muscache.com/im/pictures/71761205/b6b72d0d_original.jpg,https://a0.muscache.com/im/pictures/71760354/593d00fc_original.jpg,https://a0.muscache.com/im/pictures/71760479/b33e4302_original.jpg,https://a0.muscache.com/im/pictures/71760378/8405ec3c_original.jpg,https://a0.muscache.com/im/pictures/71760458/5e369ab0_original.jpg,https://a0.muscache.com/im/pictures/71760497/aa0ccc98_original.jpg,https://a0.muscache.com/im/pictures/71760418/d7ffebca_original.jpg,https://a0.muscache.com/im/pictures/71760395/d0b7a616_original.jpg,https://a0.muscache.com/im/pictures/71760437/ec894857_original.jpg,https://a0.muscache.com/im/pictures/71760729/825a5167_original.jpg,https://a0.muscache.com/im/pictures/71760665/6ea82508_original.jpg,https://a0.muscache.com/im/pictures/71760333/4c70c957_original.jpg,https://a0.muscache.com/im/pictures/71760310/0f78859e_original.jpg,https://a0.muscache.com/im/pictures/71760642/2a4055cc_original.jpg,https://a0.muscache.com/im/pictures/71760599/db22637d_original.jpg,https://a0.muscache.com/im/pictures/71760618/5582107e_original.jpg,https://a0.muscache.com/im/pictures/71760519/be11adfc_original.jpg,https://a0.muscache.com/im/pictures/71760541/55ed4e2f_original.jpg,https://a0.muscache.com/im/pictures/71760558/c1c903d7_original.jpg,https://a0.muscache.com/im/pictures/71760577/234dd4a2_original.jpg,https://a0.muscache.com/im/pictures/71760702/cf1cebbb_original.jpg",25341346,Gunnar,"","",false,64.1475,-21.9274,7,2,2,1.0,false,"Hair dryer,Cleaning products,Hot water,Washer,Dryer,Essentials,Hangers,Bed linens,Iron,Clothing storage,TV,Heating,Smoke alarm,Carbon monoxide alarm,Fire extinguisher,First aid kit,Wifi,Kitchen,Cooking basics,Dishes and silverware,Coffee maker,Elevator,Paid parking off premises",,false,3,Strict,2:00 PM,11:00 AM,false,false,ISK,104,0,true,350,4.73,4.8,4.9,4.5,4.7,5.0,4.8,55360.0,7070650.0,300.5,38402.0,0.449,0.449,140.6,17957.6,140.6,17957.6,3.0,4.0,164,0,201,365,5161.0,656733.0,292.9,37270.0,0.178,0.178,52.7,6708.9,52.7,6708.9,3.0,4.0,16,0,74,90
5784316,New Apt in the heart of RVK with stunning view!,"This apt has a stunning view over Reykjavik and  the harbour.  It sleeps 4 people comfortably, has a NEW comfy sofa bed in the living room so 4 people, adults or kids can sleep.   A lift will take you to the 7th floor to reach the apt.  It is nicely furnished in a modern way.  Very quiet and well accessible.<br /><br /><b>The space</b><br />Apartment is modern in one of the best downtown location in Reykjavík.  It is spacious with one comfortable queen bed in master bedroom and a full size sofa bed in the living room.  Bathroom is large with powerful shower.  Washer and dryer are located in the bathroom.  Kitchen is well equipped with dishwasher, refrigerator and easy stove and oven along with microwave.  View is stunning and Norther Lights can be seen on a good day from the balcony.<br /><br /><b>Guest access</b><br />Parking in the basement accessible from the other side of the building.  Easy walk to  restaurants,public transport and public swimming pools such as Sundholl Reykjavikur or Laugardals Laug, all very close.<br /><br /><b>Other things to note</b><br />Note building is no 2a Stakkholt.",Entire rental unit,entire_home,https://a0.muscache.com/im/pictures/380de9f3-8bfa-49af-a157-7791169ce9b9.jpg,21,"https://a0.muscache.com/im/pictures/380de9f3-8bfa-49af-a157-7791169ce9b9.jpg,https://a0.muscache.com/im/pictures/de7703ee-974e-4240-8f2a-6009e6dab51c.jpg,https://a0.muscache.com/im/pictures/0d7a64c5-75e9-4b6e-aeca-f784e66c0189.jpg,https://a0.muscache.com/im/pictures/f21447d7-f521-4b66-bae5-e1cc7ccb5975.jpg,https://a0.muscache.com/im/pictures/0d4f8c53-e4dc-45a2-9a57-273eff7f31bb.jpg,https://a0.muscache.com/im/pictures/064a6c96-d2fc-4216-97e4-d04b0c631718.jpg,https://a0.muscache.com/im/pictures/62baf1d5-ac79-4986-81a5-da02a777fd37.jpg,https://a0.muscache.com/im/pictures/9ad0029f-8c76-447b-b80f-77be4c6904f7.jpg,https://a0.muscache.com/im/pictures/09cbe42b-fa81-4d43-b1ab-bd4068f21026.jpg,https://a0.muscache.com/im/pictures/ec46644d-9c6a-482c-8fe1-afffbd068453.jpg,https://a0.muscache.com/im/pictures/b86d952b-b13a-4061-9baa-d2dad8a237ca.jpg,https://a0.muscache.com/im/pictures/4f9726de-a854-4d69-b3be-2fcbdaba95d8.jpg,https://a0.muscache.com/im/pictures/6105b3f8-973f-4acd-a56c-0829bb0738fd.jpg,https://a0.muscache.com/im/pictures/cea8354b-2689-4718-b037-3470c89eb8db.jpg,https://a0.muscache.com/im/pictures/f44e8de3-7720-4099-9625-ed5c9cac8293.jpg,https://a0.muscache.com/im/pictures/c6516ca7-25d5-4e62-815c-7070ebadd2a0.jpg,https://a0.muscache.com/im/pictures/b8444322-9781-4d50-a1f5-c2b7e189198c.jpg,https://a0.muscache.com/im/pictures/3624bbad-4ac9-47b7-a6e0-bf64f499dbb3.jpg,https://a0.muscache.com/im/pictures/c0fcfc91-1ddb-4895-8735-0324c4fa1b9a.jpg,https://a0.muscache.com/im/pictures/f34895a7-d84b-481e-ba2d-5a65bbfa91ed.jpg,https://a0.muscache.com/im/pictures/miso/Hosting-5784316/original/b28fb896-498f-4b00-b14d-1e9ce89d16b7.png",3291913,Helga,"","",true,64.1429,-21.9104,4,1,1,1.0,false,"Hair dryer,Shampoo,Hot water,Washer,Dryer,Essentials,Hangers,Iron,TV,Crib,Heating,Smoke alarm,Carbon monoxide alarm,Fire extinguisher,Wifi,Dedicated workspace,Kitchen,Refrigerator,Microwave,Cooking basics,Dishes and silverware,Dishwasher,Stove,Oven,Coffee maker,Patio or balcony,Free parking on premises,Elevator,Single level home",,false,1,Strict,2:00 PM,11:00 AM,true,false,ISK,69,0,true,789,4.87,4.9,4.7,4.8,4.9,4.9,4.8,65983.0,8427386.0,177.1,22630.2,0.923,0.923,163.6,20899.7,163.6,20899.7,1.0,2.2,337,0,28,365,15056.0,1915859.0,166.5,21187.0,0.9,0.9,152.0,19336.2,152.0,19336.2,1.0,2.1,81,0,9,90
5809558,"Aska apartment 1st floor. 2br, Best Location","Fully equipped Private apartment on 1st floor in a old charming house.  2 bedrooms with beds for 4 prs. + sleeping sofa so total accommodation for 4-6 pers. PRIME LOCATION all services VERY close like Laugavegur, Hallgrimskirka ,lots of restaurants in a short distance -  close to city, but in a quiet neighborhood, . For 3 apartments is one free parking spot. Read all our good reviews- Apartm. with license- after you confirm your booking we send you tour info and other info. Late arrival is easy<br /><br /><b>The space</b><br />Apartment with all licenses. <br />Aska Apartment is fully equipped apartment on 1st floor in this old beautiful house. These apartments have prime location, you dont need a car, everything is in walking distance  <br />Aska simply means Ash, <br /><br />This apartment has 2 bedrooms one with queens size bed and one with ONE double bed. In the living room we have sleeping sofa - if your are group that wish not to share beds we can made one room in the sofa bed. accommodation for 4-6 persons. We have another apartment in the same buildin, https://www.airbnb.is/rooms/5805957<br />possibility to rent both floors for larger groups (10-12 people) <br />All services in walking distance, BSI, Laugavegur (main shopping street), Hallgrimskirka, bus stop 8, and all the Restaurants ! so you dont need a car,  you can walk to explore the city or you can relax and make your own gourmet dinner, the kitchen has all the equipment you need. <br /><br />This is a prime location, you wont get more down town than this ;)<br /><br /><b>Guest access</b><br />Dishwasher, refrigerator, microwave and a very spacious kitchen/living room. Nice bathtub and a shower. You will truly feel like home. <br /><br />There is only one free parking spot for two apartments, but usually its not a problem and free parking in next streets is available- this is parking Zone 2 and is not expensive<br /><br /><b>Other things to note</b><br />If you are truly on vacation its easy to walk to Eymundsson bookstore and have your morning coffee and crosant",Entire home,entire_home,https://a0.muscache.com/im/pictures/8e2a8ced-4b4d-4ba8-8225-f418f851db6f.jpg,32,"https://a0.muscache.com/im/pictures/8e2a8ced-4b4d-4ba8-8225-f418f851db6f.jpg,https://a0.muscache.com/im/pictures/78aa3173-5f88-4beb-a613-c921d160b893.jpg,https://a0.muscache.com/im/pictures/2303617b-fc90-46c4-9dd0-dfb914cc4a51.jpg,https://a0.muscache.com/im/pictures/d8444a62-8e6a-4611-be80-07802b99288d.jpg,https://a0.muscache.com/im/pictures/2284818e-fa2e-4d06-bc9c-135f9cbb6e27.jpg,https://a0.muscache.com/im/pictures/316b2fd1-dfa3-4f87-8766-0f3dd91052a8.jpg,https://a0.muscache.com/im/pictures/abc6cb69-221e-4bc6-a739-61ede64714a7.jpg,https://a0.muscache.com/im/pictures/6d9459a1-ffce-4d69-b1df-7b687bfb7373.jpg,https://a0.muscache.com/im/pictures/ed9cf8c2-2c75-443c-987a-60550e58b04d.jpg,https://a0.muscache.com/im/pictures/9748de85-e5b3-41bf-999b-44050b0149d9.jpg,https://a0.muscache.com/im/pictures/4f507088-23de-46ab-a7e2-029b3ec5a4f1.jpg,https://a0.muscache.com/im/pictures/00ee41f5-c223-4529-9d80-aca68701f2be.jpg,https://a0.muscache.com/im/pictures/efe79edb-eed2-4914-8a52-e43e37526080.jpg,https://a0.muscache.com/im/pictures/83c0d212-8210-4941-883e-006278692f05.jpg,https://a0.muscache.com/im/pictures/a9c3a6eb-2a85-4e36-be47-dcdd31f01a1d.jpg,https://a0.muscache.com/im/pictures/03fa49e7-0f98-45df-8ae5-42cbb8e0fedd.jpg,https://a0.muscache.com/im/pictures/e764da71-7284-4486-9828-d7566f73e5e0.jpg,https://a0.muscache.com/im/pictures/2238223e-72da-4e6a-9971-92a8df250452.jpg,https://a0.muscache.com/im/pictures/72335576/60f66b62_original.jpg,https://a0.muscache.com/im/pictures/0603cfff-1ff2-4082-be39-351fd5842641.jpg,https://a0.muscache.com/im/pictures/155c123b-a950-460d-9fc8-b854299c6408.jpg,https://a0.muscache.com/im/pictures/72335666/1a465cb5_original.jpg,https://a0.muscache.com/im/pictures/72335628/e54a3748_original.jpg,https://a0.muscache.com/im/pictures/72336087/07eaee43_original.jpg,https://a0.muscache.com/im/pictures/72336072/a66b35cb_original.jpg,https://a0.muscache.com/im/pictures/80408100/7c9cfb94_original.jpg,https://a0.muscache.com/im/pictures/72335639/117f8810_original.jpg,https://a0.muscache.com/im/pictures/72335654/baaf11a9_original.jpg,https://a0.muscache.com/im/pictures/80408097/63be1a25_original.jpg,https://a0.muscache.com/im/pictures/80408091/855b0079_original.jpg,https://a0.muscache.com/im/pictures/1e8e2cf2-2ab9-4c16-87e6-7405e991f918.jpg,https://a0.muscache.com/im/pictures/80409589/6b0d4b02_original.jpg",2412033,Helga,"","",false,64.1428,-21.9312,4,2,3,1.0,false,"Hair dryer,Shampoo,Hot water,Essentials,Hangers,Iron,TV,Crib,Pack ’n play/Travel crib,High chair,Air conditioning,Heating,Smoke alarm,Carbon monoxide alarm,Fire extinguisher,First aid kit,Wifi,Kitchen,Refrigerator,Microwave,Cooking basics,Dishes and silverware,Dishwasher,Stove,Oven,Coffee maker,Free parking on premises,Free street parking,Paid parking off premises,Long term stays allowed",,false,2,Moderate,2:00 PM,11:00 AM,true,false,ISK,29,0,true,309,4.81,4.9,4.9,4.7,4.9,5.0,4.8,91686.0,1.1706546E7,310.5,39685.7,0.77,0.77,244.0,31152.8,244.0,31152.8,2.0,2.5,281,0,84,365,22439.0,2855350.0,320.5,40783.5,0.711,0.711,242.2,30824.1,242.2,30824.1,2.0,2.6,64,0,26,90
5830278,Luxury apartment with a view of the harbour,This 130 square meter 3 bedroom apartment with 2 full bathrooms . The apartment is stylishly furnished on the 5th floor with a great view of the harbour and mount Esja. There is a fully equipped kitchen with all the necessary utensils. There is  free parking on the right side of the building. There is an elevator in the building.<br /><br /><b>The space</b><br />This apartment has 3 bedrooms and 2 bathrooms,Entire rental unit,entire_home,https://a0.muscache.com/im/pictures/5b7b0ac1-efb1-4737-952b-2d76c6813897.jpg,15,"https://a0.muscache.com/im/pictures/5b7b0ac1-efb1-4737-952b-2d76c6813897.jpg,https://a0.muscache.com/im/pictures/dfa9db20-cf34-4365-88c1-fd0bb7dcf7d3.jpg,https://a0.muscache.com/im/pictures/f0cdd76c-66f0-4e24-b8d9-96cbdcb29bc7.jpg,https://a0.muscache.com/im/pictures/b1415d22-7c85-482e-b667-b448ba591212.jpg,https://a0.muscache.com/im/pictures/d9d159fe-ae59-4d9b-807c-61c84520a018.jpg,https://a0.muscache.com/im/pictures/83648724-8695-4719-942c-3382258ce320.jpg,https://a0.muscache.com/im/pictures/f10936d2-4e4b-407e-b88c-81e20b961b54.jpg,https://a0.muscache.com/im/pictures/d998d37f-85ff-4b30-b993-52ff0c640697.jpg,https://a0.muscache.com/im/pictures/d82e1b72-5541-49a7-abab-0310f9bbd835.jpg,https://a0.muscache.com/im/pictures/55ca4ac8-03e7-4add-869d-17fee7da5b93.jpg,https://a0.muscache.com/im/pictures/734338f4-d63e-48ea-bd62-262a66382166.jpg,https://a0.muscache.com/im/pictures/fbe5bd85-df7c-44e6-8040-ab8072e9cfd1.jpg,https://a0.muscache.com/im/pictures/8827fa26-da13-42eb-88fd-9f877ad4aa7a.jpg,https://a0.muscache.com/im/pictures/556cdd96-d5c9-43b2-bb73-3910576c2b68.jpg,https://a0.muscache.com/im/pictures/158d04b8-4611-4037-bbeb-2309fa501210.jpg",385423,Sigurjon,"","",true,64.1515,-21.9506,6,3,5,2.0,false,"Bathtub,Hair dryer,Cleaning products,Shampoo,Body soap,Hot water,Shower gel,Washer,Dryer,Hangers,Bed linens,Room-darkening shades,Clothing storage,TV,Crib,Pack ’n play/Travel crib,High chair,Heating,Smoke alarm,Fire extinguisher,Wifi,Kitchen,Refrigerator,Microwave,Cooking basics,Dishes and silverware,Freezer,Dishwasher,Stove,Oven,Hot water kettle,Coffee maker,Wine glasses,Toaster,Dining table,Coffee,Patio or balcony,Free street parking,Elevator",,false,3,Firm,3:00 PM,10:00 AM,true,false,ISK,0,0,true,121,4.92,4.9,4.8,4.8,5.0,5.0,4.9,135675.0,1.7346824E7,412.9,52795.4,0.89,0.89,371.7,47525.5,371.7,47525.5,2.7,4.2,325,0,40,365,28348.0,3607272.0,370.2,47109.2,0.844,0.844,315.0,40080.8,315.0,40080.8,2.7,3.5,76,0,14,90
5856549,"Ninna apartment, City Center - Free parking","Apartment located on the main shopping street, Laugavegur. Only steps away are the centre's bustling cafés, restaurants, shopping, galleries and theatres. <br />Living room with sleeping couch and kitchen, one bedroom, balcony. Free private parking.<br /><br /><b>The space</b><br />We are located on Reykjavik main shopping street, in walking distance to most of the main attraction of Reykjavik. Lot of Cafes and Restaurants around.<br />The apartment is bright; it has one bedroom and a spacious living room, well equipped kitchen and good bathroom with shower. Ideal for families can accommodate up to five person. Double bed in the bedroom, sleeping couch (not a full size, 180 cm. long) in the living room and possibility to put up extra bed either in the bedroom or living room.<br /><br /><b>Guest access</b><br />The apartment has a free private parking and has an easy access  to airport shuttle (Flybus).<br />It is facing to the back yard so it is quiet although it is at the main shopping street and has balcony facing south.<br /><br /><b>Other things to note</b><br />Keep in mind that the weather can change really fast in Iceland. Look out for the local forecast and be ready for weather changes.<br />If you travel out of town, you should bring some extra clothes with you.<br /><br /><b>Registration Details</b><br />LG-REK-008332",Entire rental unit,entire_home,https://a0.muscache.com/im/pictures/d0af11bf-00fe-4620-9978-5b6179d61c94.jpg,14,"https://a0.muscache.com/im/pictures/d0af11bf-00fe-4620-9978-5b6179d61c94.jpg,https://a0.muscache.com/im/pictures/73162194/65c34e14_original.jpg,https://a0.muscache.com/im/pictures/7f000d66-c856-4206-8a6c-78babc46a1c8.jpg,https://a0.muscache.com/im/pictures/80966781/139bf57e_original.jpg,https://a0.muscache.com/im/pictures/90774826/76d0f132_original.jpg,https://a0.muscache.com/im/pictures/d12cc2b1-82dd-4d77-9250-d5e2208200cf.jpg,https://a0.muscache.com/im/pictures/4ff38104-cdbe-42a1-9c46-31984c6448ff.jpg,https://a0.muscache.com/im/pictures/f4b7cbd1-8573-41a4-94a4-d794a3ee55f3.jpg,https://a0.muscache.com/im/pictures/74609834/883dfd64_original.jpg,https://a0.muscache.com/im/pictures/84ab2ad3-c744-49f2-bb0b-c6f1326e87ab.jpg,https://a0.muscache.com/im/pictures/72951290/18a0e76b_original.jpg,https://a0.muscache.com/im/pictures/hosting/Hosting-5856549/original/32897c91-df67-466a-ad04-f8489cf1e0e3.jpeg,https://a0.muscache.com/im/pictures/hosting/Hosting-5856549/original/0c9d7fb9-6433-46be-9a2a-3eced9042e91.jpeg,https://a0.muscache.com/im/pictures/hosting/Hosting-5856549/original/dbc4c2e7-c0f2-4e1f-91d8-492bccb469ec.jpeg",14499184,Birgir&Runa,"","",true,64.1434,-21.9179,5,1,3,1.0,true,"Hair dryer,Shampoo,Hot water,Washer,Dryer,Essentials,Hangers,Bed linens,Extra pillows and blankets,Room-darkening shades,Iron,Drying rack for clothing,Clothing storage,TV,Pack ’n play/Travel crib,Heating,Smoke alarm,Carbon monoxide alarm,Fire extinguisher,Wifi,Kitchen,Refrigerator,Microwave,Cooking basics,Dishes and silverware,Freezer,Dishwasher,Stove,Oven,Hot water kettle,Coffee maker,Wine glasses,Toaster,Blender,Dining table,Patio or balcony,Free parking on premises,Elevator,Long term stays allowed",,false,3,Moderate,,12:00 PM,true,true,ISK,70,0,true,290,4.96,5.0,5.0,5.0,5.0,5.0,4.9,51116.0,6521602.0,249.6,31889.1,0.496,0.496,134.7,17184.1,134.7,17184.1,3.0,6.5,181,0,184,365,5455.0,694143.0,213.1,27119.7,0.267,0.267,56.7,7217.9,56.7,7217.9,3.0,4.8,24,0,66,90
5915786,Spacious and lovely flat by the sea,"Our apartment is in the most popular neighborhood of Reykjavík, Vesturbær. A walk to downtown area is just 15-20 min and a wonderful walking path on the shoreline starts here. Also: a swimming-pool, coffee-house, restaurants, bakery, gourmet food-stores and friendly neighbors!<br /><br /><b>The space</b><br />Our apartment is just renovated. We put in a new kitchen and new floor material. We also improved the feel by cutting out walls in two places all the way up to the ceiling, which results in an open and bright atmosphere<br /><br /><b>Guest access</b><br />The whole apartment is for you: large living-room, kitchen and 2 large bedrooms<br /><br /><b>Other things to note</b><br />We offer free WiFi, Apple TV and Netflix",Entire rental unit,entire_home,https://a0.muscache.com/im/pictures/73688229/f8131756_original.jpg,15,"https://a0.muscache.com/im/pictures/73688229/f8131756_original.jpg,https://a0.muscache.com/im/pictures/92322868/7c94a962_original.jpg,https://a0.muscache.com/im/pictures/92323721/5f383c37_original.jpg,https://a0.muscache.com/im/pictures/73689069/191a99c8_original.jpg,https://a0.muscache.com/im/pictures/73689381/d3c3f70c_original.jpg,https://a0.muscache.com/im/pictures/73690420/dbd581fb_original.jpg,https://a0.muscache.com/im/pictures/92323499/1243ae8e_original.jpg,https://a0.muscache.com/im/pictures/73689624/91fe8a6e_original.jpg,https://a0.muscache.com/im/pictures/73689882/ac656ee4_original.jpg,https://a0.muscache.com/im/pictures/73848051/128ce0ce_original.jpg,https://a0.muscache.com/im/pictures/73848830/c44a3552_original.jpg,https://a0.muscache.com/im/pictures/92323319/754f10f8_original.jpg,https://a0.muscache.com/im/pictures/92323381/bd81af2b_original.jpg,https://a0.muscache.com/im/pictures/f742f338-25a3-4dd9-a8e1-ff289a0c8b37.jpg,https://a0.muscache.com/im/pictures/cf856372-976d-403d-be77-ca21e4c45a1a.jpg",27751891,⁨Sólveig (Solla)⁩,"","",true,64.1434,-21.9669,4,2,4,1.0,false,"Cable TV,Pets allowed,Gym,Hair dryer,Shampoo,Hot water,Shower gel,Washer,Dryer,Essentials,Hangers,Bed linens,Extra pillows and blankets,Room-darkening shades,Iron,TV,Crib,Heating,Smoke alarm,Carbon monoxide alarm,Fire extinguisher,First aid kit,Wifi,Kitchen,Refrigerator,Microwave,Cooking basics,Dishes and silverware,Dishwasher,Stove,Oven,Coffee maker,Baking sheet,Waterfront,Beach access,Private entrance,Backyard,Free parking on premises,Free street parking,Luggage dropoff allowed,Long term stays allowed",,false,1,Flexible,2:00 PM,12:00 PM,true,false,ISK,46,0,true,1340,4.97,5.0,5.0,5.0,5.0,4.9,4.9,76130.0,9729235.0,217.8,27838.5,0.904,0.904,198.4,25356.6,198.4,25356.6,1.0,1.7,330,0,35,365,14963.0,1904026.0,193.3,24603.0,0.811,0.811,158.1,20115.3,158.1,20115.3,1.0,1.5,73,0,17,90
6022242,Downtown Charming Flat,,Entire rental unit,entire_home,https://a0.muscache.com/im/pictures/miso/Hosting-6022242/original/2764d527-b90f-4271-8198-5702e72fe7bb.jpeg,20,,27495146,Halldór,53017330,Thorunn,true,64.1496,-21.9517,4,2,2,1.0,false,"Hair dryer,Shampoo,Hot water,Washer,Dryer,Essentials,Hangers,Bed linens,Iron,TV,Crib,Children’s books and toys,High chair,Heating,Smoke alarm,Carbon monoxide alarm,Fire extinguisher,First aid kit,Wifi,Kitchen,Refrigerator,Microwave,Cooking basics,Dishes and silverware,Dishwasher,Stove,Oven,Coffee maker,Wine glasses,Dining table,Lake access,Free street parking,Elevator,Single level home,Luggage dropoff allowed,Long term stays allowed",,false,5,Firm,,,,,ISK,45,0,,548,4.96,5.0,5.0,5.0,5.0,5.0,4.9,35085.0,4510317.0,235.7,30218.4,0.392,0.392,92.8,11933.5,92.8,11933.5,4.9,4.3,143,0,222,365,0.0,0.0,0.0,0.0,0.0,0.0,0.0,0.0,0.0,0.0,5.0,0.0,0,0,90,90
6149168,Spacious flat near Center and The University,"Bright and spacious apartment with all necessities, free wifi and a private entrance and private garden. It's located in Reykjavík Center102, just 15 min walk from downtown and close to the seaside. It is in the most popular neighbourhood in Reykjavík near the University of Iceland.<br /><br /><b>The space</b><br />The apartment is well within walking distance from downtown  (around 15 min. walk) but in a quiet and very beautiful street. <br /><br />There is a walking path from the apartment through the University that avoids traffic and is a direct route to the center of town.<br /><br />The apartment itself is spacious (90 sq.m.) bright and beautiful with a private entrance and a private garden with garden furniture. The whole apartment faces the garden. It includes two bedrooms, one with a king sized bed and the other one with a queen sized bed (150x200). <br /><br />The place is perfect for 2-4 persons. Furthermore it is also possible to add a baby cot in one of the bedrooms if needed. <br />There's free wi-fi, kitchen and bathroom are bright and spacious and have all necessities, including dishwasher, microwave, oven and stove, coffee machine, toaster, good shower, washing machine, etc.<br /><br /><b>Guest access</b><br />There is free internet access and wi-fi in the apartment. It is also easy to get free parking place in the street. The guests have access to a private garden.<br /><br /><b>Other things to note</b><br />If you are not renting a car the cheapest way from the airport is by Flybus airport shuttle. The Flybus has a direct connection to all arriving and departing flights at Keflavik airport. The Flybus departs from Keflavik Airport 35-40 minutes after each flight and the seats are always guaranteed. <br />The drive from the airport Keflavik to Reykjavik takes about 45 minutes. The Flybus stops at BSI, which is about a 20 min walk or a very short drive to the apartment.<br /><br /><b>Registration Details</b><br />HG-00000745",Entire rental unit,entire_home,https://a0.muscache.com/im/pictures/89457178/9bd90146_original.jpg,21,"https://a0.muscache.com/im/pictures/89457178/9bd90146_original.jpg,https://a0.muscache.com/im/pictures/miso/Hosting-6149168/original/126a02c0-1b45-488a-9fae-3269f9f5fe30.jpeg,https://a0.muscache.com/im/pictures/miso/Hosting-6149168/original/34a9d926-cf67-4b5b-ab68-c943aca516bb.jpeg,https://a0.muscache.com/im/pictures/miso/Hosting-6149168/original/65c60ebd-11e4-4005-9684-11d4ff587dd2.jpeg,https://a0.muscache.com/im/pictures/miso/Hosting-6149168/original/3d3e0625-45a0-44d9-8b26-fa42569cdd75.jpeg,https://a0.muscache.com/im/pictures/miso/Hosting-6149168/original/608b2f0b-2e7e-4f19-8139-8e2145b6ada4.jpeg,https://a0.muscache.com/im/pictures/miso/Hosting-6149168/original/3b2474da-17ff-49a1-9517-1ed73f1d6fc2.jpeg,https://a0.muscache.com/im/pictures/miso/Hosting-6149168/original/e90e2a68-e7ad-44c4-b91c-41c4b98533e9.jpeg,https://a0.muscache.com/im/pictures/miso/Hosting-6149168/original/de5173ab-ee51-4c39-9219-2e3b72bc5936.jpeg,https://a0.muscache.com/im/pictures/miso/Hosting-6149168/original/c8339d36-395f-42c6-af98-1bbb54abec64.jpeg,https://a0.muscache.com/im/pictures/miso/Hosting-6149168/original/1182a3d7-eec3-42b0-88f2-9652b3f694b3.jpeg,https://a0.muscache.com/im/pictures/miso/Hosting-6149168/original/16609a3a-7a94-4a96-8614-d2cebf5d3aef.jpeg,https://a0.muscache.com/im/pictures/miso/Hosting-6149168/original/090178f5-31d9-4705-a8c9-0ab005948e93.jpeg,https://a0.muscache.com/im/pictures/da2d1f64-3d15-48e5-990f-0b2488ff6318.jpg,https://a0.muscache.com/im/pictures/miso/Hosting-6149168/original/2af9accd-7816-4d97-aff7-630fb7d2d135.jpeg,https://a0.muscache.com/im/pictures/89457192/a1b976d1_original.jpg,https://a0.muscache.com/im/pictures/82007315/400dfb71_original.jpg,https://a0.muscache.com/im/pictures/82007335/7724eaec_original.jpg,https://a0.muscache.com/im/pictures/82007321/0ec1b062_original.jpg,https://a0.muscache.com/im/pictures/82007336/b1ff6543_original.jpg,https://a0.muscache.com/im/pictures/82007341/1b34276b_original.jpg",65630774,Ásdís,"17422984,571367374","Sóla,Solveig",false,64.1383,-21.9532,4,2,2,1.0,true,"Hair dryer,Cleaning products,Shampoo,Body soap,Hot water,Shower gel,Washer,Dryer,Essentials,Hangers,Bed linens,Extra pillows and blankets,Room-darkening shades,Iron,Drying rack for clothing,Clothing storage,TV,Books and reading material,Crib,Pack ’n play/Travel crib,High chair,Children’s dinnerware,Heating,Smoke alarm,Carbon monoxide alarm,Fire extinguisher,First aid kit,Wifi,Dedicated workspace,Kitchen,Refrigerator,Microwave,Cooking basics,Dishes and silverware,Mini fridge,Dishwasher,Stove,Oven,Hot water kettle,Coffee maker,Wine glasses,Toaster,Trash compactor,Dining table,Coffee,Beach access,Private entrance,Patio or balcony,Backyard,Outdoor furniture,Outdoor dining area,Paid parking off premises,Single level home,Long term stays allowed",,false,3,Firm,3:00 PM,11:00 AM,true,false,ISK,93,0,true,333,4.91,4.9,5.0,4.9,4.9,4.9,4.9,72493.0,9249765.0,235.7,30084.4,0.756,0.756,180.8,23072.3,180.8,23072.3,2.8,3.5,276,0,89,365,18084.0,2301179.0,254.2,32352.5,0.722,0.722,183.4,23333.3,183.4,23333.3,3.0,3.1,65,0,25,90
6152969,"Luxury apartment, Prime location. Private parking.","120 sq meter (4th floor) apartment in Þingholt, an exclusive area of 101 Reykjavík. (400m from the main shopping street). It has has two large bedrooms with brand new quality beds. Spacious living room with high end sound & big screen TV. PS5. State of art kitchen. 20 ft2 balcony with a beautiful view and much more.<br />Free private parking. <br /><br />10/10<br /><br /><b>The space</b><br />Some say location is everything. This penthouse (top floor) apartment is based in the most exclusive area in Iceland. This is a quiet place yet only minutes away from all the action city center brings.<br /><br /><b>Guest access</b><br />Access all areas.",Entire rental unit,entire_home,https://a0.muscache.com/im/pictures/bd64f770-b7d4-4c72-aebd-88a55a383337.jpg,38,"https://a0.muscache.com/im/pictures/bd64f770-b7d4-4c72-aebd-88a55a383337.jpg,https://a0.muscache.com/im/pictures/a9981c6e-09b0-40cd-8633-2dc17c504b1b.jpg,https://a0.muscache.com/im/pictures/a7749501-ddf0-4a92-8d74-28ac5a1a6088.jpg,https://a0.muscache.com/im/pictures/77422850/8fad6799_original.jpg,https://a0.muscache.com/im/pictures/4245d53b-3db4-409a-a264-e92df62ec420.jpg,https://a0.muscache.com/im/pictures/77400860/631f9a6f_original.jpg,https://a0.muscache.com/im/pictures/e535af8c-9090-4b29-aea1-8a614beeca99.jpg,https://a0.muscache.com/im/pictures/77422722/07ae7c99_original.jpg,https://a0.muscache.com/im/pictures/77400904/c2ee746b_original.jpg,https://a0.muscache.com/im/pictures/77422705/6cfa837a_original.jpg,https://a0.muscache.com/im/pictures/70f76a41-b1f5-4b0e-83b3-eaf12d4acc25.jpg,https://a0.muscache.com/im/pictures/3ae4a1dc-f667-48d0-969b-5ca4de76d2f5.jpg,https://a0.muscache.com/im/pictures/5346b780-e692-4142-a345-6a3449b86bf3.jpg,https://a0.muscache.com/im/pictures/e1572df2-430d-4eaa-99f0-44fe22dadd6d.jpg,https://a0.muscache.com/im/pictures/1a6be58e-8d81-4874-a27d-df3a4d33a518.jpg,https://a0.muscache.com/im/pictures/91e33845-301c-4e74-8c24-5decd8c6a2b0.jpg,https://a0.muscache.com/im/pictures/848ab99b-a340-4b40-870b-e021cbabd91d.jpg,https://a0.muscache.com/im/pictures/77422746/f0a5e8fa_original.jpg,https://a0.muscache.com/im/pictures/26c07582-2a7f-4fe2-b99c-b30031fdb246.jpg,https://a0.muscache.com/im/pictures/306064a7-3b3f-46c8-a269-a91dd5122061.jpg,https://a0.muscache.com/im/pictures/ecc79e10-e5da-4d88-91a4-1749f515faf7.jpg,https://a0.muscache.com/im/pictures/d34e751d-8799-4964-ac31-d17acb18cedd.jpg,https://a0.muscache.com/im/pictures/cabfc99b-4d9b-4a5a-ade7-9379ba274460.jpg,https://a0.muscache.com/im/pictures/b6e089e5-3283-4a18-a5f0-e1fff9682d51.jpg,https://a0.muscache.com/im/pictures/04a5cba7-e248-41d6-8e82-a00eba7ca67d.jpg,https://a0.muscache.com/im/pictures/51ac2417-67f6-45db-afbc-fb4501a69c6e.jpg,https://a0.muscache.com/im/pictures/6eea65bd-b764-457d-915b-ca04fba2e9b0.jpg,https://a0.muscache.com/im/pictures/4bf12a0b-cba4-409a-8601-1c2a7f9843b5.jpg,https://a0.muscache.com/im/pictures/f2a34bea-cc03-4c7a-9f24-2b370cab36d2.jpg,https://a0.muscache.com/im/pictures/1abe7070-fe3d-4773-b590-7be70a251497.jpg,https://a0.muscache.com/im/pictures/e1ec6713-709e-4519-992b-794b372c5217.jpg,https://a0.muscache.com/im/pictures/52e897df-f0d5-4f6b-bc3e-c15a14aa425c.jpg,https://a0.muscache.com/im/pictures/1925ae67-c0fb-4697-8ce5-2c79ec219593.jpg,https://a0.muscache.com/im/pictures/77611609/32a6d37e_original.jpg,https://a0.muscache.com/im/pictures/77422662/d7b1d7e8_original.jpg,https://a0.muscache.com/im/pictures/154d4af9-f42e-4a0c-b011-e3b7b47f3f31.jpg,https://a0.muscache.com/im/pictures/bc7a0c74-4e14-4445-8313-a85e00b38999.jpg,https://a0.muscache.com/im/pictures/62e34c8f-ba20-4425-bd83-ac2a8d32fd39.jpg",31917985,Arnar,"","",false,64.1438,-21.9390,4,2,3,1.5,false,"Wifi,Bathtub,Hair dryer,Cleaning products,Shampoo,Conditioner,Body soap,Hot water,Shower gel,Washer,Essentials,Hangers,Bed linens,Extra pillows and blankets,Room-darkening shades,Iron,Drying rack for clothing,Clothing storage,Ethernet connection,TV,Record player,Sound system,Game console,Exercise equipment,Books and reading material,Life size games,Crib,Children’s books and toys,Outlet covers,Board games,Babysitter recommendations,Portable fans,Heating,Smoke alarm,Carbon monoxide alarm,Fire extinguisher,First aid kit,Wifi,Dedicated workspace,Pocket wifi,Kitchen,Refrigerator,Microwave,Cooking basics,Dishes and silverware,Freezer,Dishwasher,Stove,Oven,Hot water kettle,Coffee maker,Wine glasses,Toaster,Baking sheet,Blender,Barbecue utensils,Dining table,Coffee,Laundromat nearby,Patio or balcony,Fire pit,Outdoor furniture,Outdoor dining area,BBQ grill,Bikes,Sun loungers,Free parking on premises,Paid parking on premises,Luggage dropoff allowed,Long term stays allowed,Cleaning before checkout",,false,4,Moderate,,11:00 AM,true,false,ISK,58,0,true,74,4.89,4.9,5.0,4.8,5.0,5.0,4.8,74951.0,9537488.0,422.4,53983.0,0.452,0.62,203.1,25847.0,278.7,35466.8,4.0,11.8,165,99,200,365,17056.0,2170371.0,423.1,53839.4,0.411,0.698,186.9,23787.2,317.4,40393.4,3.9,9.3,37,37,53,90
6166421,Cozy little apartment close to downtown Reykjavik,"Our place is on the top floor of a four story apartment building, it's a cozy, warm, charming,  little place that has a big heart overlooking the old cemetery. The neighbourhood is really safe and beautiful, most places are in walking distance, so you'll also get in great shape.  8 minute walk to city centre.<br /><br /><b>The space</b><br />-55 fm<br />-3 small bedrooms<br />-Balcony<br />-Bathtub",Entire rental unit,entire_home,https://a0.muscache.com/im/pictures/3c35c7f3-3bd1-4f87-bc48-5274d8856623.jpg,8,"https://a0.muscache.com/im/pictures/3c35c7f3-3bd1-4f87-bc48-5274d8856623.jpg,https://a0.muscache.com/im/pictures/915335a8-1d47-4516-9cd7-6b1341579220.jpg,https://a0.muscache.com/im/pictures/40f3290d-926f-4a93-a9dc-10420ba94d3a.jpg,https://a0.muscache.com/im/pictures/0bf8bc78-c23b-47e5-a2da-c246e460b3b6.jpg,https://a0.muscache.com/im/pictures/c5788f2b-1232-4e01-91dd-a87b0fd45df5.jpg,https://a0.muscache.com/im/pictures/8df61cf5-7907-4672-8f87-b13a9f4d2610.jpg,https://a0.muscache.com/im/pictures/6be0f19c-311a-48c7-ac5f-b237ed9fc8b7.jpg,https://a0.muscache.com/im/pictures/7807b7d6-a387-4a68-bc04-6b2129c6368e.jpg",31899606,Gudrun,"","",true,64.1461,-21.9486,3,3,3,1.0,false,"Shampoo,Essentials,Hangers,Heating,Smoke alarm,Fire extinguisher,Wifi,Kitchen,Refrigerator",,false,3,Flexible,11:00 AM,11:00 AM,true,false,ISK,30,0,true,46,4.85,4.8,4.8,4.6,4.8,5.0,4.8,56160.0,7165236.0,233.0,29803.9,0.636,0.637,149.1,19024.2,149.5,19076.5,3.0,3.5,232,1,133,365,9798.0,1246784.0,222.3,28287.6,0.467,0.467,104.2,13259.4,104.2,13259.4,3.0,2.6,42,0,48,90
6261535,Nice and cozy apartment downtown.,"Cozy basement apartment with two bedrooms located in 101 district close to the Old harbor and within walking distance to Laugavegur, the main shopping street. 24 hours supermarket, swimming pool, bars and restaurants all in walking distance.<br />Licence nr. HG-00015778<br /><br /><b>Registration Details</b><br />441-041-201504-0251",Entire rental unit,entire_home,https://a0.muscache.com/im/pictures/252beb1e-0eb4-4dd0-8f6c-232a7d83eb23.jpg,25,"https://a0.muscache.com/im/pictures/252beb1e-0eb4-4dd0-8f6c-232a7d83eb23.jpg,https://a0.muscache.com/im/pictures/3f12a101-c214-4be7-8cb6-4985b4dab518.jpg,https://a0.muscache.com/im/pictures/eccf3ada-4802-42bd-890a-ee7172e08392.jpg,https://a0.muscache.com/im/pictures/e35f493e-be45-4e02-91be-e5c502d3d836.jpg,https://a0.muscache.com/im/pictures/5817f0ee-4aec-4ec7-934c-773a136deb80.jpg,https://a0.muscache.com/im/pictures/fa85bdd2-002b-47d6-9c9b-a2dae328a349.jpg,https://a0.muscache.com/im/pictures/f797c818-3ef0-4413-97bf-8e2d9b38c823.jpg,https://a0.muscache.com/im/pictures/d2a8d2ca-ef3a-431f-8e4b-d94ff9327519.jpg,https://a0.muscache.com/im/pictures/683f2fe6-6883-4c14-b4ad-983630b20475.jpg,https://a0.muscache.com/im/pictures/e9920494-cd84-4074-a303-0c03aad82099.jpg,https://a0.muscache.com/im/pictures/79928bee-82cf-46ab-9759-b51cbab85633.jpg,https://a0.muscache.com/im/pictures/50ad725e-eeaf-4b7f-8548-2b017fa7bba0.jpg,https://a0.muscache.com/im/pictures/63073991-aca9-4753-a6f0-f1d4104ccf90.jpg,https://a0.muscache.com/im/pictures/00e8960d-803d-4f6d-967f-50a97dd4639e.jpg,https://a0.muscache.com/im/pictures/84080463/047fd14b_original.jpg,https://a0.muscache.com/im/pictures/84080487/6de24343_original.jpg,https://a0.muscache.com/im/pictures/84080512/40210dbc_original.jpg,https://a0.muscache.com/im/pictures/84080539/42c6a78e_original.jpg,https://a0.muscache.com/im/pictures/ae84f793-15a3-40ca-8224-20b6b87d340b.jpg,https://a0.muscache.com/im/pictures/9310feae-7ebb-436f-986b-408dbc02a626.jpg,https://a0.muscache.com/im/pictures/5eca778b-2e33-426f-a766-d6ef76312943.jpg,https://a0.muscache.com/im/pictures/3839b624-b344-4403-860a-fcd1943a2e82.jpg,https://a0.muscache.com/im/pictures/33091748-5d59-40fa-b2e4-d0f3c5830434.jpg,https://a0.muscache.com/im/pictures/32bfeb44-cd8a-4568-b30c-508011ffd752.jpg,https://a0.muscache.com/im/pictures/4bc415f6-c740-4f4b-b891-535079c9da31.jpg",31074851,Gunnar,"","",true,64.1523,-21.9494,4,2,3,1.0,true,"Hair dryer,Shampoo,Hot water,Essentials,Hangers,TV,Heating,Smoke alarm,Carbon monoxide alarm,Fire extinguisher,First aid kit,Wifi,Kitchen,Refrigerator,Cooking basics,Dishes and silverware,Stove,Oven,Coffee maker,Backyard",,false,4,Moderate,2:00 PM,11:00 AM,true,false,ISK,59,0,true,287,4.88,4.9,5.0,4.9,5.0,5.0,4.8,32055.0,4098609.0,227.0,29027.7,0.395,0.911,85.2,10899.9,196.9,25180.3,4.0,8.5,144,207,221,365,0.0,0.0,241.6,30746.3,0.0,0.0,0.0,0.0,0.0,0.0,4.0,0.0,0,90,90,90
6326024,Private house with hot tub in central Reykjavik,"Bright and spacious house located centrally in Reykjavik. Private garden and patio with hot tub and grill. Everything private and family friendly. Close to parks, shops, swimming pools and 1 min walk to bus straight to downtown Reykjavik.<br /><br />You will be staying in our family home, so we prefer not to offer instant bookings. (We stay elsewhere during the summer).<br /><br />Requests to book will be answered promptly - we are looking forward to your message!<br /><br /><b>The space</b><br />Private, spacious (200m²), bright and airy. Lovely garden with patio and hot tub and grill (gas) for outdoor cooking. Free private parking. Top floor has 3 bedrooms and newly renovated main bathroom with shower and washer/dryer. Master bedroom has access to large sunny balcony. <br />Main floor has large open plan living area and kitchen, and small newly renovated bathroom with toilet and sink.<br /><br />Master bedroom has a queen sized bed (160x200cm). Second bedroom has a small double bed (120x200cm). Third bedroom has a European double bed (140x200cm). We also have 2 single foldable beds and a travel cot on request. We can accommodate max 8 adults plus baby.<br /><br />Please note that this is a dog home so highly allergic people should keep this in mind when considering booking.<br /><br /><b>Guest access</b><br />Wi-fi, TV, Stereo system, record player, good CD and vinyl collection, fully equipped kitchen with dish washer. Parking in private driveway for 2-3 cars plus free street parking.<br /><br /><b>Other things to note</b><br />We welcome every guest – of any race, religion, national origin, ethnicity, sex, gender identity, sexual orientation or age – with respect and without judgement or bias.<br /><br />Please note that this is a dog home so highly allergic people should keep this in mind when considering booking.",Entire townhouse,entire_home,https://a0.muscache.com/im/pictures/31dd7218-e507-4d05-ae9d-aa5a4feb9d20.jpg,51,"https://a0.muscache.com/im/pictures/31dd7218-e507-4d05-ae9d-aa5a4feb9d20.jpg,https://a0.muscache.com/im/pictures/cbc07211-753f-4766-8d45-8330bb96f979.jpg,https://a0.muscache.com/im/pictures/81328663/b421cbec_original.jpg,https://a0.muscache.com/im/pictures/hosting/Hosting-U3RheVN1cHBseUxpc3Rpbmc6NjMyNjAyNA%3D%3D/original/4ffc7636-e391-4751-a7d6-bb880dc4367b.jpeg,https://a0.muscache.com/im/pictures/hosting/Hosting-U3RheVN1cHBseUxpc3Rpbmc6NjMyNjAyNA%3D%3D/original/4447677a-a3db-4aeb-b8ec-726e0b1bafd2.jpeg,https://a0.muscache.com/im/pictures/hosting/Hosting-U3RheVN1cHBseUxpc3Rpbmc6NjMyNjAyNA%3D%3D/original/ebad9d54-a41a-4117-af8f-2b29b9488ba8.jpeg,https://a0.muscache.com/im/pictures/4f1c850d-b89d-423d-9bae-dcb0c12d76c8.jpg,https://a0.muscache.com/im/pictures/hosting/Hosting-U3RheVN1cHBseUxpc3Rpbmc6NjMyNjAyNA%3D%3D/original/018718ee-a92c-4b55-9c53-b08b70ac0645.jpeg,https://a0.muscache.com/im/pictures/bffc4494-e2e5-459d-91bc-3e5ba9bf4374.jpg,https://a0.muscache.com/im/pictures/4fdcf4d9-88cd-436b-a19a-4c9e1dbd5b6d.jpg,https://a0.muscache.com/im/pictures/13c583db-069b-496a-876b-d82053459a6e.jpg,https://a0.muscache.com/im/pictures/6262334c-0ee6-444e-b5df-2b46f42a4ec7.jpg,https://a0.muscache.com/im/pictures/109951f0-e166-4fa9-b48d-1f60ef93633a.jpg,https://a0.muscache.com/im/pictures/358a9a0e-1394-4a01-8cac-3ba27988e4ba.jpg,https://a0.muscache.com/im/pictures/27f73c91-a8a2-4f8f-9830-ad57be4f3925.jpg,https://a0.muscache.com/im/pictures/c6ce13e9-bee8-4f2a-9045-2a264e1c26a8.jpg,https://a0.muscache.com/im/pictures/09e452bc-beb1-47cb-a4f4-a3ad853d0b82.jpg,https://a0.muscache.com/im/pictures/2b989424-bf55-44a3-8ed5-ea50b5ef2674.jpg,https://a0.muscache.com/im/pictures/072ffa66-d686-4d3a-a62b-bb81bdc66881.jpg,https://a0.muscache.com/im/pictures/393afdad-91b4-459e-86de-2a8bccad2686.jpg,https://a0.muscache.com/im/pictures/b1c39c2e-9c84-4d81-87fd-286da6b3c4c3.jpg,https://a0.muscache.com/im/pictures/13b9bf88-8daf-43ad-b128-1ab329a24c75.jpg,https://a0.muscache.com/im/pictures/hosting/Hosting-U3RheVN1cHBseUxpc3Rpbmc6NjMyNjAyNA%3D%3D/original/6688ebc4-b737-4b61-a7aa-45751073f8a5.jpeg,https://a0.muscache.com/im/pictures/hosting/Hosting-U3RheVN1cHBseUxpc3Rpbmc6NjMyNjAyNA%3D%3D/original/bc11a49d-5981-4077-a0fd-cc2f65a5e2ec.jpeg,https://a0.muscache.com/im/pictures/hosting/Hosting-U3RheVN1cHBseUxpc3Rpbmc6NjMyNjAyNA%3D%3D/original/1a95b29f-ec67-4a65-b007-1968786750e8.jpeg,https://a0.muscache.com/im/pictures/hosting/Hosting-U3RheVN1cHBseUxpc3Rpbmc6NjMyNjAyNA%3D%3D/original/1ead3307-744b-4bc1-98ce-c1adefc2222b.jpeg,https://a0.muscache.com/im/pictures/hosting/Hosting-U3RheVN1cHBseUxpc3Rpbmc6NjMyNjAyNA%3D%3D/original/bea88e33-1a69-4626-9c86-a8ecee0d9dc3.jpeg,https://a0.muscache.com/im/pictures/hosting/Hosting-U3RheVN1cHBseUxpc3Rpbmc6NjMyNjAyNA%3D%3D/original/182c2b7d-ff3a-448e-bdbf-4c8c2cd81389.jpeg,https://a0.muscache.com/im/pictures/hosting/Hosting-U3RheVN1cHBseUxpc3Rpbmc6NjMyNjAyNA%3D%3D/original/a269a338-915b-431c-a9ac-b9b376efede5.jpeg,https://a0.muscache.com/im/pictures/hosting/Hosting-U3RheVN1cHBseUxpc3Rpbmc6NjMyNjAyNA%3D%3D/original/5aa85160-0d93-4d6f-b9b3-e57bcc9f0df5.jpeg,https://a0.muscache.com/im/pictures/hosting/Hosting-U3RheVN1cHBseUxpc3Rpbmc6NjMyNjAyNA%3D%3D/original/6e966950-fb48-44c2-b11d-d05aa0a8c2e5.jpeg,https://a0.muscache.com/im/pictures/hosting/Hosting-U3RheVN1cHBseUxpc3Rpbmc6NjMyNjAyNA%3D%3D/original/65188f00-0a16-49d6-bf58-c45b5351f099.jpeg,https://a0.muscache.com/im/pictures/hosting/Hosting-U3RheVN1cHBseUxpc3Rpbmc6NjMyNjAyNA%3D%3D/original/0b63845c-cdce-415e-8309-82b5f24e10be.jpeg,https://a0.muscache.com/im/pictures/hosting/Hosting-U3RheVN1cHBseUxpc3Rpbmc6NjMyNjAyNA%3D%3D/original/f7fa8b65-a6b1-4583-898d-24a63b87a402.jpeg,https://a0.muscache.com/im/pictures/hosting/Hosting-U3RheVN1cHBseUxpc3Rpbmc6NjMyNjAyNA%3D%3D/original/ad0ce587-14e2-42b6-97f1-943be3ce14b2.jpeg,https://a0.muscache.com/im/pictures/hosting/Hosting-U3RheVN1cHBseUxpc3Rpbmc6NjMyNjAyNA%3D%3D/original/f0794fec-f57d-4b8b-a8f1-7284e269f924.jpeg,https://a0.muscache.com/im/pictures/hosting/Hosting-U3RheVN1cHBseUxpc3Rpbmc6NjMyNjAyNA%3D%3D/original/178bd997-a1f0-44c0-9745-c86ecac700b3.jpeg,https://a0.muscache.com/im/pictures/hosting/Hosting-U3RheVN1cHBseUxpc3Rpbmc6NjMyNjAyNA%3D%3D/original/7fdb4df5-f892-47cd-99d9-b9241e9d7de3.jpeg,https://a0.muscache.com/im/pictures/hosting/Hosting-6326024/original/9dde2a38-a8ee-4dd7-b7db-1d042342bb6c.jpeg,https://a0.muscache.com/im/pictures/hosting/Hosting-6326024/original/b9098e65-8286-4eed-98fb-abd0d61d5e6c.jpeg,https://a0.muscache.com/im/pictures/hosting/Hosting-6326024/original/161524c0-9efe-4a70-9df3-67f52b260c8c.jpeg,https://a0.muscache.com/im/pictures/hosting/Hosting-6326024/original/7e365f45-5d16-459b-a368-c90b51cc69ea.jpeg,https://a0.muscache.com/im/pictures/hosting/Hosting-6326024/original/7bf1f313-9934-483a-a521-351055fa9a3c.jpeg,https://a0.muscache.com/im/pictures/hosting/Hosting-6326024/original/7e501cad-ed69-4a6c-9e12-44dfff846532.jpeg,https://a0.muscache.com/im/pictures/hosting/Hosting-6326024/original/36b619bb-f6f6-4aa7-a964-b21380d3dff2.jpeg,https://a0.muscache.com/im/pictures/hosting/Hosting-6326024/original/30e10250-d911-4fb2-ac5c-915da49a75cf.jpeg,https://a0.muscache.com/im/pictures/hosting/Hosting-6326024/original/783be3d3-4fa4-4470-84bd-5b581dfe29c2.jpeg,https://a0.muscache.com/im/pictures/hosting/Hosting-6326024/original/065beac9-c3b6-4ca6-8b6d-ad87d5356472.jpeg,https://a0.muscache.com/im/pictures/hosting/Hosting-6326024/original/46456f8c-f805-4b90-a077-ca037163bf6c.jpeg,https://a0.muscache.com/im/pictures/hosting/Hosting-6326024/original/f6e837c9-dfff-47cf-8a97-b7de6b7c0748.jpeg,https://a0.muscache.com/im/pictures/hosting/Hosting-6326024/original/1544be24-f658-4bb7-aa77-85a514ef187c.jpeg",2303504,Anna Ellen,"","",false,64.1351,-21.8558,8,3,5,1.5,false,"Pets allowed,Cleaning products,Shampoo,Body soap,Bidet,Hot water,Shower gel,Washer,Dryer,Essentials,Hangers,Bed linens,Extra pillows and blankets,Room-darkening shades,Iron,Clothing storage,Ethernet connection,TV,Piano,Record player,Sound system,Game console,Exercise equipment,Books and reading material,Pack ’n play/Travel crib,Children’s books and toys,High chair,Children’s dinnerware,Board games,Heating,Smoke alarm,Fire extinguisher,First aid kit,Wifi,Dedicated workspace,Kitchen,Refrigerator,Microwave,Cooking basics,Dishes and silverware,Freezer,Dishwasher,Stove,Oven,Hot water kettle,Coffee maker,Wine glasses,Toaster,Baking sheet,Blender,Rice maker,Barbecue utensils,Dining table,Coffee,Private entrance,Patio or balcony,Backyard,Outdoor furniture,Outdoor dining area,BBQ grill,Free parking on premises,Free street parking,Hot tub,Luggage dropoff allowed",,false,3,Strict,2:00 PM,12:00 PM,true,true,ISK,109,0,true,21,4.95,5.0,5.0,5.0,5.0,5.0,4.8,20810.0,2658723.0,439.3,56362.1,0.123,0.186,54.3,6942.2,81.9,10470.6,3.3,5.0,45,123,320,365,0.0,0.0,0.0,0.0,0.0,0.0,0.0,0.0,0.0,0.0,3.0,0.0,0,0,90,90
6355899,Old Charm Apt - Superior Grey house,This interior designed self-catering apartment combines old charm with modern elements. It includes a free WiFi access and a fully equipped kitchen. Laugavegur shopping street is just 1 minutes' walk away. Parking is free on site.<br />This apartment does not have a living room.<br /><br /><b>The space</b><br />We offer a comfortable and spacious apartment in over a 100 year old house that have been renovated to fulfill the standards of new guesthouses but still hold on to the old feeling of the house.<br />The room setup is following:<br />- Two rooms with a double bed and a single bed <br />- One room with two single beds<br /><br /><b>Guest access</b><br />Guests have access to fully equipped kitchen and two bathrooms with shower. Each bedroom has a TV.<br /><br /><b>Other things to note</b><br />Check - in is after 2 pm and check - out is until 11 am.,Entire rental unit,entire_home,https://a0.muscache.com/im/pictures/79527081/73d34424_original.jpg,6,"https://a0.muscache.com/im/pictures/79527081/73d34424_original.jpg,https://a0.muscache.com/im/pictures/79527082/06b87e84_original.jpg,https://a0.muscache.com/im/pictures/79527086/48086a15_original.jpg,https://a0.muscache.com/im/pictures/79527091/bb0982f6_original.jpg,https://a0.muscache.com/im/pictures/79527095/42e4e0f8_original.jpg,https://a0.muscache.com/im/pictures/79527097/348d0f9d_original.jpg",6901863,Gamla Reykjavík,"","",true,64.1467,-21.9268,8,3,6,2.0,false,"Hair dryer,Essentials,TV,Crib,Heating,Smoke alarm,Fire extinguisher,First aid kit,Wifi,Kitchen,Refrigerator,Cooking basics,Dishes and silverware,Coffee maker,Free parking on premises",,false,1,Moderate,2:00 PM,11:00 AM,true,false,ISK,0,0,true,138,4.93,5.0,5.0,4.9,5.0,5.0,4.8,192261.0,2.4547593E7,749.2,95771.4,0.668,0.687,526.7,67253.7,541.6,69148.1,1.1,1.7,244,10,121,365,30740.0,3911659.0,603.9,76847.6,0.567,0.638,341.6,43462.9,384.2,48895.7,1.0,2.0,51,10,39,90
6370703,Old Charm Apt - Three bedr. apt.w/balc. Grey house,This interior designed self-catering apartment combines old charm with modern elements. It includes a free WiFi access and a fully equipped kitchen. Laugavegur shopping street is just 1 minutes' walk away. Parking is free on site.<br /><br /><b>The space</b><br />We offer a comfortable and a cozy apartment in over a 100 year old house that has been renovated to fulfill the standards of new guesthouses but still hold on to the old feeling of the house.<br />The room setup is following:<br />- One room with double bed<br />- One room with double bed and one single bed<br />- One room with two single beds<br /><br /><b>Guest access</b><br />Guests have access to fully equipped kitchen and a bathroom with shower. Each room has a TV.<br />There is not a living room in this apartment<br /><br /><b>Other things to note</b><br />Check - in is after 2 pm and check - out is until 11 am.,Entire rental unit,entire_home,https://a0.muscache.com/im/pictures/79738951/198ee8a9_original.jpg,6,"https://a0.muscache.com/im/pictures/79738951/198ee8a9_original.jpg,https://a0.muscache.com/im/pictures/79738960/d5a36286_original.jpg,https://a0.muscache.com/im/pictures/79738969/d27dc7be_original.jpg,https://a0.muscache.com/im/pictures/79738972/33847ef3_original.jpg,https://a0.muscache.com/im/pictures/79738976/8c2f71c7_original.jpg,https://a0.muscache.com/im/pictures/79738979/046c01b3_original.jpg",6901863,Gamla Reykjavík,"","",true,64.1466,-21.9250,7,3,5,1.0,false,"Hair dryer,Essentials,TV,Crib,Heating,Smoke alarm,Fire extinguisher,First aid kit,Wifi,Kitchen,Cooking basics,Free parking on premises",,false,1,Moderate,2:00 PM,11:00 AM,true,false,ISK,0,0,true,81,4.94,5.0,4.9,5.0,5.0,5.0,4.8,153317.0,1.9574345E7,652.8,83468.0,0.597,0.641,420.0,53628.3,450.9,57571.6,1.1,1.7,218,25,147,365,13384.0,1703112.0,487.3,62010.2,0.311,0.431,148.7,18923.5,205.9,26201.7,1.0,1.4,28,25,62,90
6445484,Beautiful apartment in a quiet area in central Rkv,,Entire rental unit,entire_home,https://a0.muscache.com/im/pictures/hosting/Hosting-U3RheVN1cHBseUxpc3Rpbmc6NjQ0NTQ4NA%3D%3D/original/8065232d-c585-48bc-884e-abed87aaf113.jpeg,17,,14979627,Sólrún,"","",true,64.1484,-21.9570,4,3,2,1.0,false,"Hair dryer,Hot water,Washer,Dryer,Hangers,Bed linens,Room-darkening shades,Clothing storage,TV,Children’s books and toys,Children’s dinnerware,Babysitter recommendations,Heating,Smoke alarm,Carbon monoxide alarm,Fire extinguisher,Wifi,Kitchen,Refrigerator,Cooking basics,Dishes and silverware,Freezer,Dishwasher,Stove,Oven,Hot water kettle,Coffee maker,Wine glasses,Toaster,Baking sheet,Blender,Dining table,Coffee,Private entrance,Free parking on premises,Free street parking",,false,4,Flexible,,,,,ISK,94,0,true,69,4.91,4.9,4.9,4.9,4.9,4.9,4.8,8890.0,1160934.0,238.7,30629.2,0.099,0.099,23.1,3016.8,23.1,3016.8,4.0,6.0,36,0,329,365,0.0,0.0,0.0,0.0,0.0,0.0,0.0,0.0,0.0,0.0,4.0,0.0,0,0,90,90
6452777,City central Luxury Apertment,"Apartment in the center of Reykjavík with one master bedroom with a king size bed and one room with bunks that has one  queen size bed plus a single bed and a very nice pull out couch.The apartment is fully equipped,  new furniture and very stylish.<br /><br /><b>The space</b><br />The balcony is very sunny and it is awesome to sit on the balcony in the evenings.<br /><br /><b>Guest access</b><br />There is a parking space in front of the house and garage parking space under the building<br /><br /><b>Other things to note</b><br />Notice! we don´t have the same walt of electricity like USA so hear dryer from there are not working in Iceland, don´t worry we have one for you:-)<br /><br /><b>Registration Details</b><br />HG-00014548",Entire rental unit,entire_home,https://a0.muscache.com/im/pictures/miso/Hosting-6452777/original/82f9512d-f9d0-42ef-8668-2943e1f331e3.jpeg,13,"https://a0.muscache.com/im/pictures/miso/Hosting-6452777/original/82f9512d-f9d0-42ef-8668-2943e1f331e3.jpeg,https://a0.muscache.com/im/pictures/miso/Hosting-6452777/original/ea2a182e-83d5-453b-87ff-b0b5511ae624.jpeg,https://a0.muscache.com/im/pictures/miso/Hosting-6452777/original/fcd62c5e-47d5-4614-8ac6-d7bc83c6c03f.jpeg,https://a0.muscache.com/im/pictures/miso/Hosting-6452777/original/3e7da575-ada3-424a-8048-7710345a245c.jpeg,https://a0.muscache.com/im/pictures/84415628/24fba4c1_original.jpg,https://a0.muscache.com/im/pictures/84415634/2ef1418e_original.jpg,https://a0.muscache.com/im/pictures/84415630/f432c1e3_original.jpg,https://a0.muscache.com/im/pictures/84415611/e694cc7a_original.jpg,https://a0.muscache.com/im/pictures/miso/Hosting-6452777/original/72c67093-15e2-4800-97d0-f0833540c507.jpeg,https://a0.muscache.com/im/pictures/miso/Hosting-6452777/original/ca37e27b-a695-4475-8b23-fc644ea58d5e.jpeg,https://a0.muscache.com/im/pictures/miso/Hosting-6452777/original/dbb4cf14-75e1-45d1-91b3-2b2b896ef906.jpeg,https://a0.muscache.com/im/pictures/miso/Hosting-6452777/original/5986763d-2d77-4ec6-b6ea-300e0e9f2bc7.jpeg,https://a0.muscache.com/im/pictures/miso/Hosting-6452777/original/27126dc3-d845-41a6-afd6-9846f3871466.jpeg",33691918,Atli,420666122,Kristinn,false,64.1459,-21.9322,6,2,4,1.0,true,"Bathtub,Hair dryer,Cleaning products,Shampoo,Conditioner,Body soap,Hot water,Shower gel,Washer,Dryer,Essentials,Hangers,Bed linens,Extra pillows and blankets,Room-darkening shades,Iron,Drying rack for clothing,Clothing storage,Ethernet connection,TV,Sound system,Exercise equipment,Books and reading material,Crib,Children’s books and toys,High chair,Children’s dinnerware,Board games,Children's playroom,Outdoor playground,Portable fans,Heating,Smoke alarm,Carbon monoxide alarm,Fire extinguisher,First aid kit,Wifi,Dedicated workspace,Kitchen,Refrigerator,Microwave,Cooking basics,Dishes and silverware,Freezer,Dishwasher,Stove,Oven,Hot water kettle,Coffee maker,Wine glasses,Toaster,Baking sheet,Blender,Barbecue utensils,Dining table,Coffee,Laundromat nearby,Patio or balcony,Outdoor furniture,BBQ grill,Beach essentials,Free parking on premises,EV charger,Paid parking off premises,Paid parking on premises,Pets allowed,Luggage dropoff allowed,Long term stays allowed,Cleaning before checkout",,false,4,Moderate,3:00 PM,11:00 AM,true,false,ISK,0,0,true,359,4.9,4.9,4.9,4.9,4.9,5.0,4.8,21384.0,2728113.0,317.8,40630.0,0.186,0.791,58.6,7474.3,248.7,31722.2,4.0,6.8,68,279,297,365,0.0,0.0,321.6,40919.2,0.0,0.0,0.0,0.0,0.0,0.0,4.0,0.0,0,90,90,90
6455510,Old Charm Apt - Three bedr. apt. w/balc. Red house,This interior designed self-catering apartment combines old charm with modern elements. It includes a free WiFi access and a fully equipped kitchen. Laugavegur shopping street is just 1 minutes' walk away. Parking is free on site.<br /><br /><b>The space</b><br />We offer a comfortable and spacious apartment with balcony in this old house that has been renovated to fulfill the standards of new guesthouses.<br />The room setup is following:<br />- Two rooms with double bed<br />- One room with two single beds<br /><br /><b>Guest access</b><br />Guests have access to fully equipped kitchen and bathroom with a shower. There is also a living room with TV.<br /><br /><b>Other things to note</b><br />Check - in is from 2 pm and check - out is before 11 am.,Entire rental unit,entire_home,https://a0.muscache.com/im/pictures/81031210/b828cec0_original.jpg,8,"https://a0.muscache.com/im/pictures/81031210/b828cec0_original.jpg,https://a0.muscache.com/im/pictures/81031215/956f1973_original.jpg,https://a0.muscache.com/im/pictures/81031220/a39fde72_original.jpg,https://a0.muscache.com/im/pictures/81031222/9ecb4d0f_original.jpg,https://a0.muscache.com/im/pictures/81031225/0ae4268c_original.jpg,https://a0.muscache.com/im/pictures/81031230/c0bae876_original.jpg,https://a0.muscache.com/im/pictures/81031232/d197f95d_original.jpg,https://a0.muscache.com/im/pictures/81031238/87ea22b2_original.jpg",6901863,Gamla Reykjavík,"","",true,64.1450,-21.9261,6,3,4,1.0,false,"Hair dryer,Essentials,TV,Crib,Heating,Smoke alarm,Fire extinguisher,First aid kit,Wifi,Kitchen,Cooking basics,Free parking on premises",,false,1,Moderate,2:00 PM,11:00 AM,true,false,ISK,0,0,true,61,4.95,5.0,5.0,5.0,5.0,5.0,4.8,160258.0,2.0474962E7,640.6,81881.1,0.663,0.695,439.1,56095.8,460.5,58836.1,1.1,1.8,242,17,123,365,33796.0,4300533.0,513.4,65335.7,0.711,0.711,375.5,47783.7,375.5,47783.7,1.0,1.9,64,0,26,90
6456108,Old Charm Apt - Three bedroom apt. Red house,This interior designed self-catering apartment combines old charm with modern elements. It includes a free WiFi access and a fully equipped kitchen. Laugavegur shopping street is just 1 minutes' walk away. Parking is free on site.<br /><br /><b>The space</b><br />We offer a comfortable and spacious apartment in this old house that has been renovated to fullfill the standards of new guesthouses.<br />The room setup is following:<br />- Two rooms with double bed<br />- One room with two single beds<br /><br /><b>Guest access</b><br />Guests have access to fully equipped kitchen and bathroom with a shower. There is also a living room with TV.<br /><br /><b>Other things to note</b><br />Check - in is from 2 pm and check - out is before 11 am.,Entire rental unit,entire_home,https://a0.muscache.com/im/pictures/81039743/27ddf0ce_original.jpg,8,"https://a0.muscache.com/im/pictures/81039743/27ddf0ce_original.jpg,https://a0.muscache.com/im/pictures/81039748/44f42f9a_original.jpg,https://a0.muscache.com/im/pictures/81039755/80c7fcce_original.jpg,https://a0.muscache.com/im/pictures/81039759/93838547_original.jpg,https://a0.muscache.com/im/pictures/81039764/c8bde1ff_original.jpg,https://a0.muscache.com/im/pictures/81039770/d61b2672_original.jpg,https://a0.muscache.com/im/pictures/81039776/a0488c09_original.jpg,https://a0.muscache.com/im/pictures/81039783/8cebeb5f_original.jpg",6901863,Gamla Reykjavík,"","",true,64.1454,-21.9263,6,3,4,1.0,false,"Hair dryer,Essentials,TV,Crib,Heating,Smoke alarm,Fire extinguisher,First aid kit,Wifi,Kitchen,Cooking basics,Dishes and silverware,Coffee maker,Free parking on premises",,false,1,Moderate,2:00 PM,11:00 AM,true,false,ISK,0,0,true,32,4.88,4.8,5.0,5.0,5.0,4.9,4.8,124564.0,1.5931504E7,617.4,78901.6,0.518,0.6,341.3,43648.0,395.4,50576.2,1.1,1.7,189,50,176,365,24238.0,3084281.0,504.5,64197.5,0.5,0.5,269.3,34269.8,269.3,34269.8,1.0,2.0,45,0,45,90
6456723,Old Charm Apt - V10b I Green house,This interior designed self-catering apartment combines old charm with modern elements. It includes a free WiFi access and a fully equipped kitchen. Laugavegur shopping street is just 1 minutes' walk away. Parking is free on site.<br /><br /><b>The space</b><br />We offer a comfortable and a cozy apartment in this over 100 year old house that has been renovated to fulfill the standards of new guesthouses.<br />The room setup is following:<br />- Two rooms with double bed<br /><br /><b>Guest access</b><br />Guests have access to fully equipped kitchen and bathroom with a shower. There is a TV in the living room.<br /><br /><b>Other things to note</b><br />Check - in is from 2 pm and check - out is before 11 am.,Entire rental unit,entire_home,https://a0.muscache.com/im/pictures/81047258/5c3ff188_original.jpg,7,"https://a0.muscache.com/im/pictures/81047258/5c3ff188_original.jpg,https://a0.muscache.com/im/pictures/81047263/0f42d8ea_original.jpg,https://a0.muscache.com/im/pictures/81047266/4dbc2f3c_original.jpg,https://a0.muscache.com/im/pictures/81047269/e935c9b5_original.jpg,https://a0.muscache.com/im/pictures/81047272/e7c877eb_original.jpg,https://a0.muscache.com/im/pictures/81047276/44065208_original.jpg,https://a0.muscache.com/im/pictures/miso/Hosting-6456723/original/876bd5ae-40e7-4632-b445-55c0a8e6e426.jpeg",6901863,Gamla Reykjavík,"","",true,64.1472,-21.9253,4,2,2,1.0,false,"Hair dryer,Essentials,TV,Crib,Heating,Smoke alarm,Fire extinguisher,First aid kit,Wifi,Kitchen,Cooking basics,Free parking on premises",,false,1,Moderate,2:00 PM,11:00 AM,false,false,ISK,0,0,true,7,4.57,4.7,4.6,5.0,5.0,4.7,4.3,67980.0,8664229.0,443.5,56709.8,0.427,0.477,186.2,23737.6,207.9,26496.1,1.1,2.6,156,38,209,365,18499.0,2353989.0,413.7,52640.3,0.511,0.667,205.5,26155.4,268.1,34115.8,1.0,2.2,46,21,44,90
6458329,Old Charm Apt - V10b II Green house,This interior designed self-catering apartment combines old charm with modern elements. It includes a free WiFi access and a fully equipped kitchen. Laugavegur shopping street is just 1 minutes' walk away. Parking is free on site.<br /><br /><b>The space</b><br />We offer a comfortable and a cozy apartment in this over 100 year old house that has been renovated to fulfill the standards of new guesthouses.<br />The room setup is following:<br />- One room with double bed<br />- One room with single bed<br /><br /><b>Guest access</b><br />Guests have access to fully equipped kitchen and bathroom with a shower. There is a TV in the living room.<br />Please notice that there are steep stairs up to this apartment (see a photo).<br /><br /><b>Other things to note</b><br />Check - in is from 2 pm and check - out is before 11 am.,Entire rental unit,entire_home,https://a0.muscache.com/im/pictures/81070745/d9e912fe_original.jpg,6,"https://a0.muscache.com/im/pictures/81070745/d9e912fe_original.jpg,https://a0.muscache.com/im/pictures/81070752/12d1a9bb_original.jpg,https://a0.muscache.com/im/pictures/81070757/412f3e6c_original.jpg,https://a0.muscache.com/im/pictures/81070765/108e9a29_original.jpg,https://a0.muscache.com/im/pictures/81070769/bba0d3f0_original.jpg,https://a0.muscache.com/im/pictures/5d33efdc-80d3-4738-82e4-d035abfff271.jpg",6901863,Gamla Reykjavík,"","",true,64.1472,-21.9251,3,2,2,1.0,false,"Hair dryer,Essentials,TV,Crib,Heating,Smoke alarm,Fire extinguisher,First aid kit,Wifi,Kitchen,Cooking basics,Free parking on premises",,false,1,Moderate,2:00 PM,11:00 AM,true,false,ISK,0,0,true,7,5.0,5.0,4.7,5.0,5.0,5.0,4.9,22419.0,2852810.0,390.9,49990.6,0.156,0.223,61.4,7815.9,87.6,11143.8,1.1,2.9,57,109,308,365,4788.0,609271.0,383.8,48839.8,0.133,0.261,53.2,6769.7,104.1,13245.0,1.0,1.7,12,44,78,90
6470995,Ocean Side Downtown Luxury apt.,"Best location. This elegant condominium is located downtown with fabulous ocean and mountain view. Only 3 minutes walk to music Hall Harpa and center of town, 2 min. walk to National Theatre. Newly furnished. Two rooms. Two dbl. beds and a sleeper sofa pullout in TV area.<br /><br /><b>The space</b><br />Free parking in the garage accessible from street level facing the ocean. Need remote to use.<br />Ground level (1), has three doors to exit/enter with key.<br /><br /><b>Guest access</b><br />Need to get keys and parking access from host. Leave keys on counter when checking out and use manual button to open garage from inside when exiting.",Entire rental unit,entire_home,https://a0.muscache.com/im/pictures/miso/Hosting-6470995/original/56a5e209-f2f7-4933-87cd-a85132a8f879.jpeg,15,"https://a0.muscache.com/im/pictures/miso/Hosting-6470995/original/56a5e209-f2f7-4933-87cd-a85132a8f879.jpeg,https://a0.muscache.com/im/pictures/miso/Hosting-6470995/original/c1953e0e-69c1-4a61-a9f6-be3d8f10d440.jpeg,https://a0.muscache.com/im/pictures/miso/Hosting-6470995/original/f8a969cb-4ea4-4c60-9338-77e3d00f9ff9.jpeg,https://a0.muscache.com/im/pictures/miso/Hosting-6470995/original/e5dc51d6-bfb5-4a8a-9501-4744e3204f33.jpeg,https://a0.muscache.com/im/pictures/81269166/51e9fac3_original.jpg,https://a0.muscache.com/im/pictures/miso/Hosting-6470995/original/58753d4e-cdec-4ab3-a4c2-715b9eb2d014.jpeg,https://a0.muscache.com/im/pictures/miso/Hosting-6470995/original/08a52944-1282-405b-8081-09237f45b248.jpeg,https://a0.muscache.com/im/pictures/miso/Hosting-6470995/original/63316193-6eda-49bb-97ce-f56931ebb60a.jpeg,https://a0.muscache.com/im/pictures/miso/Hosting-6470995/original/c286a7ea-7b95-4867-a823-2a68c957415b.jpeg,https://a0.muscache.com/im/pictures/miso/Hosting-6470995/original/136cbefb-eed8-42b9-a08d-02aef5ae21db.jpeg,https://a0.muscache.com/im/pictures/miso/Hosting-6470995/original/6082dc10-1d29-4538-8521-762205363b4d.jpeg,https://a0.muscache.com/im/pictures/miso/Hosting-6470995/original/7bfbda80-0201-4a89-9cbb-21adb39332e9.jpeg,https://a0.muscache.com/im/pictures/miso/Hosting-6470995/original/e24fd833-da37-44bf-aaff-2c53d467e32b.jpeg,https://a0.muscache.com/im/pictures/hosting/Hosting-6470995/original/856295a3-d976-46dc-ad34-8a7054031d07.jpeg,https://a0.muscache.com/im/pictures/hosting/Hosting-6470995/original/67303e50-01e4-4ba8-96c8-77ecb2d85465.jpeg",33805126,Sigmundur,"","",false,64.1469,-21.9266,4,2,3,1.0,false,"TV,Kitchen,Pets allowed,Hair dryer,Washer,Essentials,Hangers,Bed linens,Extra pillows and blankets,Room-darkening shades,Iron,Clothing storage,TV,Heating,Smoke alarm,Carbon monoxide alarm,Fire extinguisher,First aid kit,Wifi,Kitchen,Refrigerator,Free parking on premises,Elevator",,false,4,Firm,2:00 PM,10:00 AM,true,false,ISK,0,0,true,12,5.0,4.9,4.9,5.0,4.9,5.0,4.9,42391.0,5411065.0,456.6,58393.2,0.247,0.26,116.1,14824.8,122.5,15638.9,3.7,3.1,90,19,275,365,5689.0,723922.0,426.6,54284.7,0.133,0.133,63.2,8043.6,63.2,8043.6,3.0,3.0,12,0,78,90
6471419,Great location - studio,,Private room in rental unit,private_room,https://a0.muscache.com/im/pictures/hosting/Hosting-6471419/original/d36acff2-365d-4f32-916b-5e6ba8f7f52c.jpeg,14,,12314379,Helga,"","",true,64.1463,-21.9582,,,1,0.0,false,"Wine glasses,Smoke alarm,Wifi,Essentials,Free parking on premises,Room-darkening shades,Hot water kettle,Hangers,Hair dryer,Mini fridge,Bed linens,Free street parking,Coffee maker,Refrigerator,Toaster,Dishes and silverware,Heating,Clothing storage",true,,4,Moderate,,,,,ISK,35,23,,252,4.89,4.9,4.9,5.0,4.9,4.8,4.8,7335.0,940391.0,94.1,12036.8,0.208,0.418,19.0,2442.2,38.2,4897.8,4.0,6.3,76,183,289,365,0.0,0.0,98.1,12483.1,0.0,0.0,0.0,0.0,0.0,0.0,4.0,0.0,0,20,90,90
6518919,Downtown Penthouse Reykjavik,"Our apartment is 85 square meters on the top floor (3rd) in the old downtown Reykjavík. It has a big bedroom with a queen size bed. The bathroom is big and bright with both a bath and a shower, and a washing machine. The kitchen is spacious and fully equipped. There is a small balcony. The location couldn't be better with less than five minutes walk to the parliament building and the harbour. TV set with Netflix, Youtube, wi-fi.<br /><br /><b>The space</b><br />While we are travelling we offer our home for travellers visiting Iceland. We leave you the apartment clean and free of our personal belongings. We invite you to enjoy the apartment as much as we do and to take good care of it. We want you to feel at home.<br /><br /><b>Guest access</b><br />You will have the whole apartment to yourselves.<br /><br /><b>Other things to note</b><br />This is a residential building. Parties are not allowed.<br /><br /><b>Registration Details</b><br />HG-00002562",Entire rental unit,entire_home,https://a0.muscache.com/im/pictures/miso/Hosting-6518919/original/9f93ed0c-d2bb-4279-952b-a5474f20a4dd.jpeg,14,"https://a0.muscache.com/im/pictures/miso/Hosting-6518919/original/9f93ed0c-d2bb-4279-952b-a5474f20a4dd.jpeg,https://a0.muscache.com/im/pictures/miso/Hosting-6518919/original/894c02fe-6a9c-47d5-b0da-be88a15f759e.jpeg,https://a0.muscache.com/im/pictures/miso/Hosting-6518919/original/cef6c584-3ae9-42f4-b9a5-4454d25d6ca3.jpeg,https://a0.muscache.com/im/pictures/miso/Hosting-6518919/original/f493c774-13ed-4fbc-85d5-0eaf1544eca8.jpeg,https://a0.muscache.com/im/pictures/miso/Hosting-6518919/original/7eabd9c7-0eef-4493-9c63-dce3b913c5a0.jpeg,https://a0.muscache.com/im/pictures/c7065e41-87e7-4266-bf56-1f1e8ff48974.jpg,https://a0.muscache.com/im/pictures/miso/Hosting-6518919/original/4eefaa09-629d-4ba9-bd54-6e80ecb7e168.jpeg,https://a0.muscache.com/im/pictures/miso/Hosting-6518919/original/cfdcdb3e-c3fe-48ff-99eb-68fd46368775.jpeg,https://a0.muscache.com/im/pictures/miso/Hosting-6518919/original/8961c162-da7c-42e9-8a24-70a9a06a4b2d.jpeg,https://a0.muscache.com/im/pictures/miso/Hosting-6518919/original/a8370342-4ed0-4a7d-a9e6-d72cbf7e98c9.jpeg,https://a0.muscache.com/im/pictures/miso/Hosting-6518919/original/93745f19-8fda-4af2-9618-6ddb2b66b2bc.jpeg,https://a0.muscache.com/im/pictures/miso/Hosting-6518919/original/f267a832-806f-4d37-a722-d2a27f908741.jpeg,https://a0.muscache.com/im/pictures/miso/Hosting-6518919/original/dde17b98-40a3-41cb-ad09-02fc2640ae7f.jpeg,https://a0.muscache.com/im/pictures/miso/Hosting-6518919/original/c3c789d6-dd82-4dd8-a38a-452d4e49afb2.jpeg",10009303,Juan,"","",false,64.1484,-21.9444,2,1,1,1.0,true,"Bathtub,Hair dryer,Cleaning products,Shampoo,Conditioner,Body soap,Hot water,Shower gel,Washer,Essentials,Hangers,Bed linens,Extra pillows and blankets,Iron,Clothing storage,TV,Books and reading material,Heating,Smoke alarm,Fire extinguisher,First aid kit,Wifi,Dedicated workspace,Kitchen,Refrigerator,Cooking basics,Dishes and silverware,Dishwasher,Stove,Oven,Hot water kettle,Coffee maker,Wine glasses,Toaster,Blender,Coffee,Patio or balcony,Paid parking off premises,Paid parking on premises",,false,4,Flexible,,2:00 PM,true,true,ISK,67,0,true,29,5.0,5.0,5.0,5.0,5.0,5.0,4.9,6118.0,778513.0,269.4,34560.1,0.06,0.062,16.4,2086.2,17.0,2163.2,3.5,7.3,22,13,343,365,0.0,0.0,0.0,0.0,0.0,0.0,0.0,0.0,0.0,0.0,3.0,0.0,0,0,90,90
6659423,Luxurious apt. in City Center,"A beautiful and cozy, just recently renovated and very spacious apartment in the heart of City Center, just in a 2 minutes walking distance from Hallgrimskirkja & Laugavegur - shopping street, which are entertainment, shops, cafes, bars & restaurants<br /><br /><b>The space</b><br />The apartment is on the 3th floor and is just recently renovated, it´s very bright and spacious in a quiet residence. The apartment consists a living room with 55 inch TV, big bedroom with a new king size bed, dressing table and a wardrobe and a beautiful private bathroom with shower. The kitchen is fully equipped with a electric hob, oven, refrigerator, microwave, automatic coffee machine and toaster - all cooking appliances are new. Free internet access is included. <br /><br />The apartment is very close to all the necessary amenities, such as grocery shop, bakery, restaurants, shops, museums and bars. There is just 2 min walk to the main shopping street Laugavegur and Hallgrímskirkja church.<br /><br /><b>Guest access</b><br />Free wireless internet, hairdryer, towels and linens are provided.<br /><br /><b>Other things to note</b><br />Parking space: The apartment is in P1 parking zone and you can park out in the street but it has some restrictions, but if you park few streets away you can park outside of P1. You can browse parking zones by downloading Parki app.<br /><br />reykjavik. is / en / parking / parking-meters",Entire rental unit,entire_home,https://a0.muscache.com/im/pictures/84573227/b446cf18_original.jpg,13,"https://a0.muscache.com/im/pictures/84573227/b446cf18_original.jpg,https://a0.muscache.com/im/pictures/84573172/91ff6b9e_original.jpg,https://a0.muscache.com/im/pictures/84573240/7de457bd_original.jpg,https://a0.muscache.com/im/pictures/84573195/df144876_original.jpg,https://a0.muscache.com/im/pictures/84573234/87fe67d8_original.jpg,https://a0.muscache.com/im/pictures/84573193/6f6c5cd5_original.jpg,https://a0.muscache.com/im/pictures/84573225/9a36fbe7_original.jpg,https://a0.muscache.com/im/pictures/84573205/4cfa83f6_original.jpg,https://a0.muscache.com/im/pictures/84573243/9134b963_original.jpg,https://a0.muscache.com/im/pictures/84573209/575dc37c_original.jpg,https://a0.muscache.com/im/pictures/84575287/b1b6f4dc_original.jpg,https://a0.muscache.com/im/pictures/84573259/c57c7793_original.jpg,https://a0.muscache.com/im/pictures/85611008/efcd8ebd_original.jpg",3749186,Sarah,"","",true,64.1465,-21.9341,2,1,1,1.0,false,"Wifi,Hair dryer,Cleaning products,Shampoo,Conditioner,Body soap,Hot water,Shower gel,Washer,Dryer,Essentials,Hangers,Bed linens,Extra pillows and blankets,Room-darkening shades,Clothing storage,TV,Books and reading material,Air conditioning,Heating,Smoke alarm,First aid kit,Wifi,Kitchen,Refrigerator,Microwave,Cooking basics,Dishes and silverware,Freezer,Stove,Oven,Hot water kettle,Coffee maker,Wine glasses,Toaster,Baking sheet,Coffee,Laundromat nearby,Paid parking off premises,Paid parking on premises,Single level home,Long term stays allowed",,false,3,Strict,1:00 PM,10:00 AM,false,false,ISK,0,17,false,456,4.89,4.9,4.9,4.8,4.9,5.0,4.9,30027.0,3831127.0,162.7,20790.1,0.499,0.499,82.3,10496.2,82.3,10496.2,3.0,3.8,182,0,183,365,5449.0,693379.0,154.6,19674.1,0.411,0.411,60.5,7704.2,60.5,7704.2,3.0,2.6,37,0,53,90
6676892,"Overlooking the city, bright & cozy (A2)","Apartment Laugaras (on the 4th floor) is newly renovated, bright and cozy, ideally located on top of the Laugardalur valley with a spectacular view over Reykjavík city and Faxaflói bay. 47 sqm w. one bedroom, kitchen,bathroom and a large living room. <br /><br />Just a few minutes drive from the Reykjavík town Center and free 24/7 parking just outside the building.<br /><br />There is a bus stop right in front of the building taking you down town in just 7 minutes.<br /><br /><b>The space</b><br />The view from the apartment and the balcony is rare to find in Reykjavík and covers the city along with the Faxaflói bay all the way to the mysterious Snæfellsnes glacier.  It is breathtaking to enjoy the magical sunset all year around, the northern lights and Peace Tower in winter.<br /><br /><b>Guest access</b><br />The apartment is on the 4th floor of an apartment building.   There are two elevators in the building. The apartment is accessible for handicapped.<br /><br /><b>Other things to note</b><br />Licence ref.: LG-REK-013894",Entire rental unit,entire_home,https://a0.muscache.com/im/pictures/89878c12-3d95-4191-b7c0-87177d0129aa.jpg,11,"https://a0.muscache.com/im/pictures/89878c12-3d95-4191-b7c0-87177d0129aa.jpg,https://a0.muscache.com/im/pictures/84202916/06f30ba1_original.jpg,https://a0.muscache.com/im/pictures/84202920/7be1e838_original.jpg,https://a0.muscache.com/im/pictures/84202935/9ba240e6_original.jpg,https://a0.muscache.com/im/pictures/84202945/55ab8f94_original.jpg,https://a0.muscache.com/im/pictures/84202912/a8e41cad_original.jpg,https://a0.muscache.com/im/pictures/84202939/e180e1b9_original.jpg,https://a0.muscache.com/im/pictures/d9416475-906a-43e0-a040-024ce8e400e0.jpg,https://a0.muscache.com/im/pictures/fb89249e-4ec6-4ee0-a69b-693f0610bb22.jpg,https://a0.muscache.com/im/pictures/304a55d7-48fa-49db-9d44-e6baecc5670f.jpg,https://a0.muscache.com/im/pictures/7c61295d-dadf-469e-a7c9-01e3b4583025.jpg",34946315,Martha,"","",false,64.1454,-21.8663,4,1,2,1.0,false,"TV,Wifi,Hair dryer,Shampoo,Hot water,Shower gel,Essentials,Hangers,Bed linens,Room-darkening shades,Iron,Crib,Heating,Smoke alarm,Fire extinguisher,First aid kit,Wifi,Kitchen,Refrigerator,Cooking basics,Dishes and silverware,Stove,Oven,Coffee maker,Private entrance,Patio or balcony,Backyard,Free parking on premises,Free street parking,Elevator,Luggage dropoff allowed,Long term stays allowed",,false,1,Firm,3:00 PM,11:00 AM,true,false,ISK,67,0,false,405,4.83,4.9,4.9,4.9,4.9,4.7,4.7,36753.0,4682308.0,207.3,26485.2,0.425,0.507,93.4,11893.9,111.3,14187.2,1.0,2.3,155,59,210,365,4890.0,622253.0,209.4,26648.8,0.233,0.233,49.1,6250.8,49.1,6250.8,1.0,2.3,21,0,69,90
6722772,Mountain view home in Reykjavik,,Entire condo,entire_home,https://a0.muscache.com/im/pictures/miso/Hosting-6722772/original/6c1d9166-efe3-4470-9ace-55be6fe5777b.jpeg,6,,35203307,Ragnar,"","",false,64.0995,-21.7740,4,2,2,1.0,false,"Pets allowed,Washer,Dryer,Room-darkening shades,Clothing storage,TV,Heating,Smoke alarm,Fire extinguisher,Wifi,Kitchen,Refrigerator,Cooking basics,Dishes and silverware,Freezer,Dishwasher,Stove,Oven,Coffee maker,Wine glasses,Toaster,Blender,Coffee,Patio or balcony,Backyard,Fire pit,Outdoor furniture,Outdoor dining area,BBQ grill,Free parking on premises",,false,5,Firm,,,,,ISK,50,0,,4,5.0,5.0,5.0,5.0,5.0,4.5,4.8,3911.0,497672.0,233.7,29885.0,0.044,0.219,10.3,1311.2,51.5,6556.0,5.0,5.3,16,292,349,365,0.0,0.0,234.1,29783.4,0.0,0.0,0.0,0.0,0.0,0.0,5.0,0.0,0,90,90,90
6795243,Charming Historic Loft | Downtown Reykjavik,"Welcome to my unique and cozy loft, nestled in the vibrant heart of downtown Reykjavik!<br />Set in a storybook-style historic house, my loft is just steps from the city’s best restaurants, cafés, shops, and iconic attractions.<br />To make your stay comfortable, I offer:<br />- Secure bag drop-off for early arrivals or late departures<br />– Free public parking & nearby convenient spots<br />– Clear Flybus directions straight to the apartment<br />– Hassle-free 24-hour self check-in<br /><br /><b>The space</b><br />Step inside through a private entrance and enjoy the soft daylight from the 360° windows that surround the loft. The open and airy living area invites you to relax on the comfy sofa, read a book, or unwind with your favorite shows on the brand-new TV, featuring free access to Netflix and Disney+.<br /><br />Bedroom: <br />Cozy bedroom with a brand-new bed and a closet.<br /><br />Kitchen: <br />Bright and welcoming kitchen with colorful vintage cabinets and warm wood countertops. Fully equipped with a stove, oven, fridge, toaster, kettle, dishwasher, and everything you need to prepare breakfast or a simple dinner at home. <br /><br />Bathroom: <br />The bathroom comes with essentials: shower gel, shampoo, conditioner, fresh towels, hairdryer, and toilet paper. A brand-new washer with a built-in dryer, making longer stays effortless.<br /><br />Prime Location: <br />My loft is ideally situated in the heart of Reykjavik, close to all the must-see attractions, restaurants, and entertainment. Whether you're strolling along the bustling streets, exploring cultural landmarks, or enjoying the city's vibrant nightlife, you'll find everything just steps away from your front door.<br /><br />Summary: <br />Experience the allure of staying in a historic old house while enjoying the modern comforts of my cozy loft. This enchanting hideaway promises a restful night's sleep in a comfortable bed, the joy of preparing meals in the well-equipped kitchen, and a convenient location that puts all of Reykjavik's treasures within easy reach. Providing the perfect base for your Icelandic adventures.<br /><br /><b>Guest access</b><br />If you want to check in when you arrive in Reykjavík before the check-in time, I recommend you to book the day before, and I will offer you a 20% discount for that day.<br /><br />Personalized guidebook with hand-picked local recommendations.<br /><br /><b>Other things to note</b><br />The loft is accessed via 14 stairs. While the stairs can feel steep when carrying luggage, I believe the cozy retreat awaiting you will make it worthwhile. Please consider this when making your booking.",Entire loft,entire_home,https://a0.muscache.com/im/pictures/hosting/Hosting-U3RheVN1cHBseUxpc3Rpbmc6Njc5NTI0Mw==/original/72cac982-0622-4924-bd05-99733be5c03c.jpeg,16,"https://a0.muscache.com/im/pictures/hosting/Hosting-U3RheVN1cHBseUxpc3Rpbmc6Njc5NTI0Mw==/original/72cac982-0622-4924-bd05-99733be5c03c.jpeg,https://a0.muscache.com/im/pictures/hosting/Hosting-U3RheVN1cHBseUxpc3Rpbmc6Njc5NTI0Mw==/original/538e9d4f-5b6e-4e54-9269-3d2eb7dc8959.jpeg,https://a0.muscache.com/im/pictures/hosting/Hosting-U3RheVN1cHBseUxpc3Rpbmc6Njc5NTI0Mw==/original/39b315e3-701a-4ddf-9f84-376d595e6a39.jpeg,https://a0.muscache.com/im/pictures/hosting/Hosting-U3RheVN1cHBseUxpc3Rpbmc6Njc5NTI0Mw==/original/4f3c95e9-5cef-4237-847e-8dd28cfa718f.jpeg,https://a0.muscache.com/im/pictures/hosting/Hosting-U3RheVN1cHBseUxpc3Rpbmc6Njc5NTI0Mw==/original/36fc800a-391c-4379-8cfa-7acc7ed8bbb6.jpeg,https://a0.muscache.com/im/pictures/hosting/Hosting-U3RheVN1cHBseUxpc3Rpbmc6Njc5NTI0Mw==/original/a6e43d56-12d6-42f4-a291-00bdab490747.jpeg,https://a0.muscache.com/im/pictures/hosting/Hosting-U3RheVN1cHBseUxpc3Rpbmc6Njc5NTI0Mw==/original/b232c783-5d56-4a28-b9ca-68eda5e8369d.jpeg,https://a0.muscache.com/im/pictures/hosting/Hosting-U3RheVN1cHBseUxpc3Rpbmc6Njc5NTI0Mw==/original/d0085177-6255-4656-ae3b-69c7a4c73595.jpeg,https://a0.muscache.com/im/pictures/hosting/Hosting-U3RheVN1cHBseUxpc3Rpbmc6Njc5NTI0Mw==/original/7dc8cd43-5fca-4b66-a693-d4fcdf1e5dc1.jpeg,https://a0.muscache.com/im/pictures/hosting/Hosting-U3RheVN1cHBseUxpc3Rpbmc6Njc5NTI0Mw==/original/41ebfb01-41ea-43a1-81c1-3fd4df67b837.jpeg,https://a0.muscache.com/im/pictures/miso/Hosting-6795243/original/82cc7397-249d-47f1-bcd0-92f0b0474901.jpeg,https://a0.muscache.com/im/pictures/hosting/Hosting-U3RheVN1cHBseUxpc3Rpbmc6Njc5NTI0Mw==/original/5e86876e-fe75-4b6e-a8c1-affd5830f0db.jpeg,https://a0.muscache.com/im/pictures/hosting/Hosting-U3RheVN1cHBseUxpc3Rpbmc6Njc5NTI0Mw%3D%3D/original/41a27ed4-fd88-479a-9f9d-27426969dc32.jpeg,https://a0.muscache.com/im/pictures/hosting/Hosting-U3RheVN1cHBseUxpc3Rpbmc6Njc5NTI0Mw==/original/2552f08e-4665-478d-b42f-a1756f4509fd.jpeg,https://a0.muscache.com/im/pictures/hosting/Hosting-U3RheVN1cHBseUxpc3Rpbmc6Njc5NTI0Mw==/original/fe201496-8c25-47a0-814e-dc0c522d0377.jpeg,https://a0.muscache.com/im/pictures/hosting/Hosting-U3RheVN1cHBseUxpc3Rpbmc6Njc5NTI0Mw==/original/075e634d-0ee1-4d2e-a88a-671f7bef2aeb.jpeg",35562425,Jóhanna,"","",true,64.1426,-21.9269,2,1,1,1.0,false,"Hair dryer,Shampoo,Conditioner,Body soap,Hot water,Shower gel,Washer,Dryer,Essentials,Hangers,Room-darkening shades,Drying rack for clothing,Clothing storage,TV,Heating,Smoke alarm,Fire extinguisher,First aid kit,Wifi,Kitchen,Cooking basics,Dishes and silverware,Mini fridge,Dishwasher,Stove,Oven,Hot water kettle,Coffee maker,Wine glasses,Toaster,Baking sheet,Dining table,Coffee,Private entrance,Laundromat nearby,Backyard,Paid parking off premises,Luggage dropoff allowed,Long term stays allowed",,false,4,Firm,4:00 PM,11:00 AM,true,false,ISK,45,0,true,224,4.96,5.0,5.0,4.9,5.0,5.0,4.9,63558.0,8117306.0,177.1,22625.9,0.929,0.936,164.8,21046.9,166.1,21221.4,3.5,4.1,339,3,26,365,14788.0,1881759.0,169.2,21536.2,0.922,0.954,155.8,19826.9,161.2,20510.5,3.7,4.9,83,3,7,90
6798696,Cosy Downtown Apartment • Prime Location,"Welcome to your dream stay in the heart of downtown Reykjavík! My charming apartment is in a storybook-style historic house, steps away from the city’s best restaurants, cafés, shops, and iconic attractions. To make your arrival comfortable, I offer:<br />- Secure bag drop-off for early arrivals or late departures<br />– Free public parking & nearby convenient spots<br />– Clear Flybus directions straight to the apartment<br />– Hassle-free 24-hour self check-in<br />Special discount: 10% off weekly stays.<br /><br /><b>The space</b><br />Living room:<br />Unwind in the cozy living room equipped with a comfortable sleeper sofa, brand new TV, and a dining table for two. The street-facing window provides a charming spot for people-watching ;)<br /><br />Bedroom:<br />Sleep comfortably in the bedroom with a queen-size bed and a spacious wardrobe.<br /><br />Kitchen:<br />Fully equipped kitchen, designed to make meal preparation a breeze. Whether you're preparing breakfast or a simple dinner, everything you need is right here. A brand-new washer with a built-in dryer, making longer stays effortless.<br /><br />Bathroom:<br />The bathroom is compact, though it has all the essentials. I provide shower gel, shampoo, conditioner, towels, and a hair dryer. <br /><br />Summary: <br />Stay in a century-old storybook house that blends historic charm with modern comforts and your own private entrance. You’ll enjoy peaceful rest, the option to cook at home, and a prime downtown location just steps from Reykjavík’s best restaurants, cafés, and attractions. <br />I take great joy in hosting and making sure every guest has a memorable stay.<br /><br /><b>Guest access</b><br />If you want to check in when you arrive in Reykjavík before the check-in time, I recommend booking the day before, and I will offer you a 20% discount for that day.<br /><br />Personalized guidebook with hand-picked local recommendations.",Entire rental unit,entire_home,https://a0.muscache.com/im/pictures/miso/Hosting-6798696/original/19069aaa-2fec-4990-8e2f-3df27b5a5a65.jpeg,11,"https://a0.muscache.com/im/pictures/miso/Hosting-6798696/original/19069aaa-2fec-4990-8e2f-3df27b5a5a65.jpeg,https://a0.muscache.com/im/pictures/miso/Hosting-6798696/original/3d6c23ac-f87f-4653-973a-70d461134c68.jpeg,https://a0.muscache.com/im/pictures/miso/Hosting-6798696/original/45d36bb8-e89b-458e-a5eb-483998f8495e.jpeg,https://a0.muscache.com/im/pictures/miso/Hosting-6798696/original/823ffac5-ee4e-49dd-9f4a-ce0d94c6b66e.jpeg,https://a0.muscache.com/im/pictures/miso/Hosting-6798696/original/0586b563-8caf-44aa-8d2d-cfae79247dd4.jpeg,https://a0.muscache.com/im/pictures/miso/Hosting-6798696/original/bf77c746-46fa-4a8d-bfb5-3c72bc9f74f9.jpeg,https://a0.muscache.com/im/pictures/hosting/Hosting-6798696/original/4471ba17-2e0a-4219-b369-48e71388206d.jpeg,https://a0.muscache.com/im/pictures/hosting/Hosting-6798696/original/3d19e10e-b47b-4630-b02c-630bf05374d9.jpeg,https://a0.muscache.com/im/pictures/hosting/Hosting-6798696/original/192e8ee9-3a66-403e-b826-d8279f9232a9.png,https://a0.muscache.com/im/pictures/miso/Hosting-6798696/original/e31acb30-1380-412f-93a3-d62d2ae7763e.jpeg,https://a0.muscache.com/im/pictures/105202485/f7eb3d23_original.jpg",35562425,Jóhanna,"","",true,64.1444,-21.9258,2,1,1,1.0,false,"Hair dryer,Cleaning products,Shampoo,Conditioner,Body soap,Hot water,Shower gel,Washer,Dryer,Essentials,Hangers,Room-darkening shades,Drying rack for clothing,Clothing storage,TV,Books and reading material,Board games,Heating,Smoke alarm,Carbon monoxide alarm,Fire extinguisher,First aid kit,Wifi,Kitchen,Refrigerator,Microwave,Cooking basics,Dishes and silverware,Mini fridge,Freezer,Dishwasher,Stove,Oven,Hot water kettle,Coffee maker,Wine glasses,Baking sheet,Dining table,Coffee,Private entrance,Laundromat nearby,Backyard,Luggage dropoff allowed,Long term stays allowed",,false,4,Firm,4:00 PM,11:00 AM,true,false,ISK,45,0,true,528,4.92,4.9,5.0,4.9,5.0,5.0,4.8,66028.0,8432932.0,182.4,23302.1,0.94,0.94,171.9,21958.7,171.9,21958.7,3.6,4.2,343,0,22,365,15720.0,2000356.0,172.6,21959.0,0.956,0.956,165.7,21081.0,165.7,21081.0,3.6,4.3,86,0,4,90
6814969,Dreamy Hideaway • Downtown Reykjavik,"Welcome to my dreamy cozy hideaway with a cottage feel, in a storybook-style historic house in the vibrant heart of downtown Reykjavik!<br />Just steps from the city’s best restaurants, cafés, shops, and attractions.<br />To make your stay easy and comfortable, I offer:<br />- Secure bag drop-off for early arrivals or late departures <br />– Free public parking & nearby convenient spots<br />– Clear Flybus directions straight to the apartment<br />– Hassle-free 24-hour self check-in<br />Special discount: 10% off weekly stays.<br /><br /><b>The space</b><br />Living Area:<br />Beneath exposed wooden beams and the soft glow of fairy lights, unwind in a cozy space that feels like stepping into a fairytale. Curl up with a book or enjoy a meal at the quaint round table, while the street-facing window offers a charming view of the world passing by. Sleep soundly in the queen-sized bed.<br /><br />Kitchen:<br />Create delightful meals in the fully equipped kitchen, where vintage charm meets practicality. A well-loved cookbook and a view of the garden, often visited by tiny birds.<br /><br />Bathroom:<br />Compact yet thoughtfully designed, with shower essentials, shampoo, conditioner, towels, and a hairdryer for your comfort. Please note: the bathroom is small but efficiently laid out.<br /><br />Overview:<br />Step into a century-old home where every corner tells a story, blending old-world character with modern comforts. With your own private entrance, you can enjoy peaceful rest, the pleasure of home cooking, and a location that puts Reykjavik’s wonders at your fingertips. I look forward to helping make your Icelandic journey unforgettable.<br /><br /><b>Guest access</b><br />If you want to check in when you arrive in Reykjavík before the check-in time, I recommend booking the day before, and I will offer you a 20% discount for that day.<br /><br /><b>Other things to note</b><br />Kindly note the bathroom is compact yet thoughtfully arranged.",Entire rental unit,entire_home,https://a0.muscache.com/im/pictures/hosting/Hosting-U3RheVN1cHBseUxpc3Rpbmc6NjgxNDk2OQ==/original/432ffa6b-0f22-4734-b757-959db5325714.jpeg,11,"https://a0.muscache.com/im/pictures/hosting/Hosting-U3RheVN1cHBseUxpc3Rpbmc6NjgxNDk2OQ==/original/432ffa6b-0f22-4734-b757-959db5325714.jpeg,https://a0.muscache.com/im/pictures/hosting/Hosting-U3RheVN1cHBseUxpc3Rpbmc6NjgxNDk2OQ==/original/80020f8e-4cc9-4446-b05a-ced9c35f43bb.jpeg,https://a0.muscache.com/im/pictures/hosting/Hosting-U3RheVN1cHBseUxpc3Rpbmc6NjgxNDk2OQ==/original/896c98d0-a738-40ba-be50-f0c6f4136470.jpeg,https://a0.muscache.com/im/pictures/hosting/Hosting-U3RheVN1cHBseUxpc3Rpbmc6NjgxNDk2OQ==/original/d06d241f-ef12-47a2-a58c-8b93e9829f11.jpeg,https://a0.muscache.com/im/pictures/hosting/Hosting-U3RheVN1cHBseUxpc3Rpbmc6NjgxNDk2OQ==/original/86436304-72b7-4e3a-9843-017d7a9daefe.jpeg,https://a0.muscache.com/im/pictures/hosting/Hosting-U3RheVN1cHBseUxpc3Rpbmc6NjgxNDk2OQ==/original/a29a8888-142e-41be-8ebc-222250d42639.jpeg,https://a0.muscache.com/im/pictures/hosting/Hosting-U3RheVN1cHBseUxpc3Rpbmc6NjgxNDk2OQ==/original/506c510d-d8c7-4ee2-a598-ff040851faf3.jpeg,https://a0.muscache.com/im/pictures/hosting/Hosting-U3RheVN1cHBseUxpc3Rpbmc6NjgxNDk2OQ==/original/280fb2fc-4cc2-442e-9716-e67d05dca8e8.jpeg,https://a0.muscache.com/im/pictures/hosting/Hosting-U3RheVN1cHBseUxpc3Rpbmc6NjgxNDk2OQ==/original/52c96375-3da9-4975-b71c-2ec9992142fa.jpeg,https://a0.muscache.com/im/pictures/hosting/Hosting-U3RheVN1cHBseUxpc3Rpbmc6NjgxNDk2OQ==/original/852e994d-372b-4fed-aa05-36f0bb1c1322.jpeg,https://a0.muscache.com/im/pictures/hosting/Hosting-U3RheVN1cHBseUxpc3Rpbmc6NjgxNDk2OQ==/original/57f997f7-41db-4e02-be77-05dba0d3154e.jpeg",35562425,Jóhanna,"","",true,64.1433,-21.9272,2,1,1,1.0,false,"Hair dryer,Shampoo,Conditioner,Body soap,Hot water,Shower gel,Essentials,Hangers,Bed linens,Extra pillows and blankets,Room-darkening shades,TV,Sound system,Books and reading material,Theme room,Heating,Smoke alarm,Fire extinguisher,First aid kit,Wifi,Kitchen,Refrigerator,Cooking basics,Dishes and silverware,Freezer,Stove,Oven,Hot water kettle,Coffee maker,Wine glasses,Toaster,Baking sheet,Dining table,Coffee,Private entrance,Laundromat nearby,Patio or balcony,Backyard,Luggage dropoff allowed,Long term stays allowed",,false,3,Firm,4:00 PM,11:00 AM,true,false,ISK,45,0,true,149,4.97,5.0,5.0,5.0,5.0,5.0,4.9,44026.0,5615242.0,174.3,22286.2,0.658,0.906,113.2,14443.0,155.9,19893.1,3.3,3.7,240,100,125,365,13326.0,1695723.0,150.5,19149.6,0.922,0.922,138.1,17568.9,138.1,17568.9,3.0,4.0,83,0,7,90
6875839,Bright Family apt. in the Heart of Reykjavik,"Welcome to our charming and comfortable apartment, ideally situated in the heart of Reykjavik. This bright and cozy space is perfect for families, featuring an additional bedroom for two children and a baby crib.<br />Close to green spaces, playgrounds, and day trip starting points. Small terrace, fully equipped kitchen, BBQ, and free WiFi. Nearby: Mall, groceries, bakery, pharmacies. Short trip to city center. Book now for an unforgettable stay in Iceland's capital.<br /><br /><b>The space</b><br />Spacious and inviting apartment in a prime Reykjavik location. Additional bedroom for two children and a baby crib for a comfortable family stay.<br /><br />The apartment boasts a small terrace, offering a delightful spot to relax and soak up the refreshing Icelandic air. Inside, you'll find a fully equipped kitchen, ensuring you have everything you need to prepare delicious meals and snacks during your stay. Additionally, there's an outdoor BBQ area available, perfect for enjoying a grilled feast with your loved ones.<br /><br /><b>Other things to note</b><br />Location-wise, you couldn't ask for more. Our apartment is nestled in a fantastic central area, providing easy access to a variety of amazing green spaces, playgrounds, and parks, ideal for outdoor activities and picnics. It's also the perfect starting point for memorable day trips from Reykjavik, allowing you to explore the breathtaking natural beauty of Iceland.<br /><br />Stay connected throughout your visit with our complimentary high-speed WiFi, allowing you to easily share your memorable experiences and stay in touch with friends and family back home.<br /><br />Convenience is key, and our location provides easy access to various amenities. You'll find a shopping mall, grocery stores, a bakery, and pharmacies within close proximity, ensuring you have everything you need just a stone's throw away. If you wish to explore Reykjavik's vibrant city center, it's just a short trip away, allowing you to immerse yourself in the city's rich culture, indulge in delectable cuisine, and explore its vibrant nightlife.<br /><br />Key Features:<br /><br />-Proximity to green spaces, playgrounds, and parks for outdoor enjoyment<br />-Small terrace to relax and savor the Icelandic atmosphere<br />-Fully equipped kitchen for convenient meal preparation<br />-Outdoor BBQ area for enjoyable grilling experiences<br />-Free high-speed WiFi for staying connected<br />-Close to shopping mall, grocery stores, bakery, and pharmacies-<br />-Easy access to Reykjavik City Center for cultural and entertainment attractions<br /><br />We look forward to hosting you and ensuring your stay in Reykjavik is a truly memorable one. Book now and start creating unforgettable memories in Iceland's capital city.",Entire condo,entire_home,https://a0.muscache.com/im/pictures/753554d4-55b6-404b-aafb-e92835e4dc71.jpg,21,"https://a0.muscache.com/im/pictures/753554d4-55b6-404b-aafb-e92835e4dc71.jpg,https://a0.muscache.com/im/pictures/56786f76-4a44-4ed5-9ac4-789f204adf0f.jpg,https://a0.muscache.com/im/pictures/miso/Hosting-6875839/original/b813bad6-a32b-4aea-b6d2-e556b62c4071.jpeg,https://a0.muscache.com/im/pictures/miso/Hosting-6875839/original/66b18361-2c35-4a1d-bc01-0870f09f5b71.jpeg,https://a0.muscache.com/im/pictures/e863315c-d741-47de-947a-2ffcea9f09f0.jpg,https://a0.muscache.com/im/pictures/3842f487-0b65-4c97-ac31-112dabe87c50.jpg,https://a0.muscache.com/im/pictures/71a04a0f-a5c6-42a5-b2c2-d281c88fbbee.jpg,https://a0.muscache.com/im/pictures/a5d2c7a9-ec13-4968-96b1-3239ea17ac52.jpg,https://a0.muscache.com/im/pictures/692e0b74-b2aa-4eea-bfde-841e8e1a4058.jpg,https://a0.muscache.com/im/pictures/f0d1b5f5-f96b-46f3-a87f-d5b0d642bbd4.jpg,https://a0.muscache.com/im/pictures/miso/Hosting-6875839/original/3e0627e6-06b1-4dfd-abed-d258cdaf8cb9.jpeg,https://a0.muscache.com/im/pictures/f441bd44-640c-4e56-90ae-7483154f209a.jpg,https://a0.muscache.com/im/pictures/miso/Hosting-6875839/original/bde5cbf9-5163-4e82-aed9-b71240d7c1ce.jpeg,https://a0.muscache.com/im/pictures/miso/Hosting-6875839/original/5b8313a4-8c33-42cb-bbca-f77810a1e361.jpeg,https://a0.muscache.com/im/pictures/miso/Hosting-6875839/original/6daa2ecc-3474-469b-8320-feebf9587617.jpeg,https://a0.muscache.com/im/pictures/miso/Hosting-6875839/original/5c33de27-40d1-4460-9fa9-93998c04f6ef.jpeg,https://a0.muscache.com/im/pictures/88419e21-46d7-4b04-bcc1-656c194b2ab8.jpg,https://a0.muscache.com/im/pictures/hosting/Hosting-6875839/original/5257cc99-1636-419e-be6d-aba0486363c2.jpeg,https://a0.muscache.com/im/pictures/hosting/Hosting-6875839/original/048968bb-ca98-4842-8814-d6dfd241bb1d.jpeg,https://a0.muscache.com/im/pictures/hosting/Hosting-6875839/original/c29fed49-8a25-4ebe-ac60-8e8837c47095.jpeg,https://a0.muscache.com/im/pictures/hosting/Hosting-6875839/original/2f3caea4-a6dc-4381-a702-adfbe1595178.jpeg",9269446,Þorleifur,16061665,Thelma Sif Olsen,false,64.1200,-21.8697,5,2,3,1.0,false,"Bathtub,Hair dryer,Cleaning products,Body soap,Hot water,Shower gel,Washer,Dryer,Essentials,Hangers,Bed linens,Extra pillows and blankets,Iron,Drying rack for clothing,Clothing storage,Ethernet connection,TV,Books and reading material,Crib,Pack ’n play/Travel crib,Children’s books and toys,High chair,Children’s dinnerware,Board games,Children's playroom,Outdoor playground,Heating,Smoke alarm,Fire extinguisher,Wifi,Dedicated workspace,Kitchen,Refrigerator,Cooking basics,Dishes and silverware,Freezer,Dishwasher,Stove,Oven,Hot water kettle,Coffee maker,Wine glasses,Toaster,Baking sheet,Blender,Barbecue utensils,Dining table,Coffee,Patio or balcony,Backyard,Outdoor furniture,BBQ grill,Free parking on premises,Free street parking,Single level home",,false,3,Flexible,2:00 PM,12:00 PM,true,false,ISK,76,0,true,26,4.96,4.9,5.0,5.0,5.0,4.9,4.9,11545.0,1488609.0,213.7,27312.4,0.145,0.344,29.8,3839.9,70.5,9101.1,3.1,5.9,53,211,312,365,0.0,0.0,233.1,29656.4,0.0,0.0,0.0,0.0,0.0,0.0,3.0,0.0,0,0,90,90
6881387,Pósthússtræti-Downtown Charm 2 bedrooms w/ balcony,"Beautiful apartment located downtown in the heart of Reykjavik. Great view from the balcony over the Austurvöllur garden the central of Reykjavik, next to the Parliament and the Cathedral. You will be at the heart of Reykjavik, and just in a walking distance to nice many restaurants and cafés´, and places that you must visit when in Reykjavik like the Harpa Conference Hall, many museums, City hall, Tjörnin and the Flea market etc.<br /><br /><b>The space</b><br />Nice apartment with balcony, newly renovated, brand new furnishings, new shower, high quality beds, with the charm of the old atmosphere. Professional photos by Gunnar Steinn, are on the walls of our beautiful country. The prior owner of this nice apartment is the musician, Damon Albarn.<br /><br /><b>Guest access</b><br />The balcony, is directly to the nice area of Austurvöllur, where you can sit both inside and outside and enjoy the scenery. Our guests have access to Apple TV and high speed Wi Fi A free parking space is in the basement. Check in time after 14:00 Check out time before 12:00<br /><br /><b>Other things to note</b><br />Note that we have SELF SERVICE Check In :) <br />There is no free parking on the street, but free parking is available on premises/by the building. Only prepaid parking on the streets on weekdays until 6pm. Paid parking is required from 10am-4pm on Saturdays. Free on Sundays.<br />The property is located in downtown Reykjavik so it can be little more noisy during night in the summer days.",Entire rental unit,entire_home,https://a0.muscache.com/im/pictures/airflow/Hosting-6881387/original/23b0b922-db45-4d97-b30c-7efe6e86d34a.jpg,58,"https://a0.muscache.com/im/pictures/airflow/Hosting-6881387/original/23b0b922-db45-4d97-b30c-7efe6e86d34a.jpg,https://a0.muscache.com/im/pictures/prohost-api/Hosting-6881387/original/e51b40ad-c2db-4ae4-9655-916676a5bb02.png,https://a0.muscache.com/im/pictures/prohost-api/Hosting-6881387/original/eb4adf06-9156-4161-85e9-6345eb9b7a24.png,https://a0.muscache.com/im/pictures/airflow/Hosting-6881387/original/db92247d-8234-4f7f-8bff-e90eadd425e1.jpg,https://a0.muscache.com/im/pictures/airflow/Hosting-6881387/original/7e519a2e-06b4-4e3c-9267-48a3c4fe16ef.jpg,https://a0.muscache.com/im/pictures/airflow/Hosting-6881387/original/f251bef9-1515-463d-be60-dff7de731a6c.jpg,https://a0.muscache.com/im/pictures/airflow/Hosting-6881387/original/2c7423be-6713-4018-8714-9c1fee225962.jpg,https://a0.muscache.com/im/pictures/airflow/Hosting-6881387/original/ed88ca79-bc0b-4fed-b24e-b895d1d1ff03.jpg,https://a0.muscache.com/im/pictures/airflow/Hosting-6881387/original/47448f73-f3c3-4813-a6c4-c156a1ba3f1f.jpg,https://a0.muscache.com/im/pictures/airflow/Hosting-6881387/original/461fa4d5-02aa-4c96-81b9-1c19df6fbe5e.jpg,https://a0.muscache.com/im/pictures/airflow/Hosting-6881387/original/96102e2c-7036-4ba5-8f6f-3ecdf1797117.jpg,https://a0.muscache.com/im/pictures/airflow/Hosting-6881387/original/a36dc862-2cca-473c-b70c-76f9bfc6624d.jpg,https://a0.muscache.com/im/pictures/airflow/Hosting-6881387/original/6cdd9c13-406e-4448-a33b-ece4c4f7a5fb.jpg,https://a0.muscache.com/im/pictures/airflow/Hosting-6881387/original/8e0ccb54-520d-4b21-96c7-6dccaa94dd0c.jpg,https://a0.muscache.com/im/pictures/airflow/Hosting-6881387/original/5efc2e32-bcd9-43af-b51e-378b48664b18.jpg,https://a0.muscache.com/im/pictures/airflow/Hosting-6881387/original/f3243f2b-c3ec-4455-80f6-cd8f84807f8d.jpg,https://a0.muscache.com/im/pictures/airflow/Hosting-6881387/original/93196621-a212-439c-bd7f-e7c2d33a68f5.jpg,https://a0.muscache.com/im/pictures/airflow/Hosting-6881387/original/26270881-c03f-4219-91a1-d3c6fba282fa.jpg,https://a0.muscache.com/im/pictures/airflow/Hosting-6881387/original/35e3596c-b9a2-4236-b702-98730ca11f9c.jpg,https://a0.muscache.com/im/pictures/airflow/Hosting-6881387/original/2c237442-e330-4ab8-9a53-d1f0afe1f100.jpg,https://a0.muscache.com/im/pictures/airflow/Hosting-6881387/original/703b3375-27e8-4d1c-991e-cb79c3994900.jpg,https://a0.muscache.com/im/pictures/airflow/Hosting-6881387/original/0f2fed00-d77b-455b-b07c-04558263e803.jpg,https://a0.muscache.com/im/pictures/airflow/Hosting-6881387/original/8bb3e74d-579e-4a77-8ffa-5bd0f97d4dae.jpg,https://a0.muscache.com/im/pictures/airflow/Hosting-6881387/original/81aba754-44a1-4e3a-aa44-2683ba3c21d9.jpg,https://a0.muscache.com/im/pictures/airflow/Hosting-6881387/original/961f93da-921f-4d92-a97a-3f5d83adbaee.jpg,https://a0.muscache.com/im/pictures/airflow/Hosting-6881387/original/a473d14a-b43e-4cc3-bb0d-dfdb21b24f6f.jpg,https://a0.muscache.com/im/pictures/airflow/Hosting-6881387/original/eddd31ef-d8d1-4f5a-b45d-08364c28ec7e.jpg,https://a0.muscache.com/im/pictures/airflow/Hosting-6881387/original/156051a4-de73-4959-9e29-7a14fa10ebc7.jpg,https://a0.muscache.com/im/pictures/airflow/Hosting-6881387/original/9601ee1c-01b2-4e12-a578-6420caea223d.jpg,https://a0.muscache.com/im/pictures/airflow/Hosting-6881387/original/9b950168-b681-4b33-909e-b32bdd0a431d.jpg,https://a0.muscache.com/im/pictures/airflow/Hosting-6881387/original/dfdcaeeb-b9a0-4631-ac87-e47f1417d8c2.jpg,https://a0.muscache.com/im/pictures/airflow/Hosting-6881387/original/e6249d12-72a9-46b9-b303-858135de3823.jpg,https://a0.muscache.com/im/pictures/airflow/Hosting-6881387/original/0f918511-af3d-4af9-bd1a-65a35c4c542f.jpg,https://a0.muscache.com/im/pictures/airflow/Hosting-6881387/original/8f55973b-5f1b-4a66-88f0-ae44f884de2c.jpg,https://a0.muscache.com/im/pictures/airflow/Hosting-6881387/original/52617d51-f264-486b-8209-db935dcbb786.jpg,https://a0.muscache.com/im/pictures/airflow/Hosting-6881387/original/f79865ab-2613-47c3-b4a8-3c340bdd4d35.jpg,https://a0.muscache.com/im/pictures/airflow/Hosting-6881387/original/fffea393-14a6-48f4-93f2-6e9f1efb7f27.jpg,https://a0.muscache.com/im/pictures/airflow/Hosting-6881387/original/e3e15c9f-c2de-4f0d-b007-33ad6bf0e678.jpg,https://a0.muscache.com/im/pictures/airflow/Hosting-6881387/original/0afc5762-afd1-4e2c-8ee9-5312548ebad3.jpg,https://a0.muscache.com/im/pictures/airflow/Hosting-6881387/original/b3c38029-8e22-4ffd-892d-16caaa1b3d15.jpg,https://a0.muscache.com/im/pictures/airflow/Hosting-6881387/original/286e2774-e1cb-4fc6-8fac-c2d8d37a84df.jpg,https://a0.muscache.com/im/pictures/airflow/Hosting-6881387/original/f5eb4acc-c7c4-4390-87d2-5f83f0394c67.jpg,https://a0.muscache.com/im/pictures/airflow/Hosting-6881387/original/89ff2823-5e38-48fb-9c85-35d340630268.jpg,https://a0.muscache.com/im/pictures/airflow/Hosting-6881387/original/5acefe3e-ab06-4668-8302-d5626c5c529d.jpg,https://a0.muscache.com/im/pictures/airflow/Hosting-6881387/original/48f69074-1ea5-4b32-a9ea-4445dc70be67.jpg,https://a0.muscache.com/im/pictures/airflow/Hosting-6881387/original/b7c88be4-3f7c-4e88-930d-ba625b950e84.jpg,https://a0.muscache.com/im/pictures/airflow/Hosting-6881387/original/0645ed69-0134-42bc-8499-d2f595019e5c.jpg,https://a0.muscache.com/im/pictures/airflow/Hosting-6881387/original/297bba8a-1b1e-43e0-889c-331d0ed5ee74.jpg,https://a0.muscache.com/im/pictures/airflow/Hosting-6881387/original/3d016b4d-0297-4956-8808-06c2efaa7b1d.jpg,https://a0.muscache.com/im/pictures/airflow/Hosting-6881387/original/f8f3c7e3-52d3-494e-bcf5-e36e145da9a4.jpg,https://a0.muscache.com/im/pictures/prohost-api/Hosting-6881387/original/f6c91a3f-9c6f-4222-bce2-e36633425380.png,https://a0.muscache.com/im/pictures/prohost-api/Hosting-6881387/original/4b625781-37dd-4d7f-9c8f-7e9525b0676e.png,https://a0.muscache.com/im/pictures/prohost-api/Hosting-6881387/original/7d56ef6f-412f-4ba5-a345-6f4b65ddfd35.png,https://a0.muscache.com/im/pictures/prohost-api/Hosting-6881387/original/d4b1bd82-9ba3-4711-80ca-5e53c4769c50.png,https://a0.muscache.com/im/pictures/prohost-api/Hosting-6881387/original/94fb5915-e6bc-466c-8278-4346b0d45030.png,https://a0.muscache.com/im/pictures/prohost-api/Hosting-6881387/original/734c41c4-2cef-4ea0-b27d-d0c35888eb32.png,https://a0.muscache.com/im/pictures/prohost-api/Hosting-6881387/original/01591b64-fe80-48cf-aa8c-5e29d7f1827b.png,https://a0.muscache.com/im/pictures/prohost-api/Hosting-6881387/original/1a1221e9-57c7-49f8-bfa2-3e58bb6e73d0.png",3126955,Daníel & Ólöf,115198751,Kristina,false,64.1461,-21.9422,4,2,3,1.0,false,"Hair dryer,Shampoo,Body soap,Washer,Essentials,Bed linens,Iron,Crib,Air conditioning,Heating,Smoke alarm,Wifi,Dedicated workspace,Kitchen,Refrigerator,Microwave,Cooking basics,Freezer,Stove,Toaster,Patio or balcony,Outdoor dining area,Free parking on premises",,false,2,Strict,3:00 PM,11:00 AM,false,false,ISK,140,0,true,372,4.77,4.8,4.6,4.7,4.9,5.0,4.7,110716.0,1.4139312E7,352.1,45036.2,0.753,0.753,269.6,34442.7,269.6,34442.7,2.0,2.6,275,0,90,365,19132.0,2434542.0,265.0,33719.7,0.678,0.678,179.9,22893.6,179.9,22893.6,2.0,2.8,61,0,29,90
6973542,Family Friendly House with Jacuzzi,"The house has a fully equipped kitchen, laundry facilities and jacuzzi in the garden, making it ideal for families that are looking for relaxation and self-catering accommodation in Reykjavik. Just about 10 minutes drive from the city center and a great location if you want to visit the countryside by car, such as the Blue lagoon, Thingvellir, Geysir, Gullfoss or the Northen lights.  Free wifi.<br /><br /><b>Registration Details</b><br />HG-00017239",Entire townhouse,entire_home,https://a0.muscache.com/im/pictures/miso/Hosting-6973542/original/ba989bf6-9c5e-4b8b-9bf1-deabf44ae693.jpeg,26,"https://a0.muscache.com/im/pictures/miso/Hosting-6973542/original/ba989bf6-9c5e-4b8b-9bf1-deabf44ae693.jpeg,https://a0.muscache.com/im/pictures/miso/Hosting-6973542/original/4031daab-8079-4fed-87d5-e416d41b432c.jpeg,https://a0.muscache.com/im/pictures/88392048/8a819e7e_original.jpg,https://a0.muscache.com/im/pictures/88392042/08a8c0fc_original.jpg,https://a0.muscache.com/im/pictures/88392057/d4ab2d03_original.jpg,https://a0.muscache.com/im/pictures/88392060/3e12ec73_original.jpg,https://a0.muscache.com/im/pictures/88392081/29282e1c_original.jpg,https://a0.muscache.com/im/pictures/88392089/e9ddd5ea_original.jpg,https://a0.muscache.com/im/pictures/34b0609d-e4f7-4daf-9952-aafc18ce779c.jpg,https://a0.muscache.com/im/pictures/89426319/0494c570_original.jpg,https://a0.muscache.com/im/pictures/83fefe05-baaf-446e-91d7-7e093e66adb9.jpg,https://a0.muscache.com/im/pictures/9fe3ee4a-3609-4b8f-a51e-d627a90950f0.jpg,https://a0.muscache.com/im/pictures/41d4fbea-6715-4c0c-ac27-d057a832b8e4.jpg,https://a0.muscache.com/im/pictures/de7dc03b-b426-4c07-a32a-694fb4a18f3c.jpg,https://a0.muscache.com/im/pictures/89426005/3d73a42a_original.jpg,https://a0.muscache.com/im/pictures/89424621/1aa7d816_original.jpg,https://a0.muscache.com/im/pictures/miso/Hosting-6973542/original/58b2da4e-5c1f-4a69-a98f-4615d5c46119.jpeg,https://a0.muscache.com/im/pictures/miso/Hosting-6973542/original/68e5e03b-c037-426e-8878-30fa66610dad.jpeg,https://a0.muscache.com/im/pictures/89424451/7f62a908_original.jpg,https://a0.muscache.com/im/pictures/89424488/86ae5421_original.jpg,https://a0.muscache.com/im/pictures/89426892/297fc87a_original.jpg,https://a0.muscache.com/im/pictures/89426505/b055f2c8_original.jpg,https://a0.muscache.com/im/pictures/89424396/316ffe23_original.jpg,https://a0.muscache.com/im/pictures/412ea2ef-462e-4404-8820-bdf9cda43712.jpg,https://a0.muscache.com/im/pictures/hosting/Hosting-6973542/original/bda79642-40a9-44f3-ac8f-daf7f727865f.jpeg,https://a0.muscache.com/im/pictures/hosting/Hosting-6973542/original/57a61ee8-56f5-44ef-aca1-b2095bb2adb8.jpeg",36565504,Sigurdur,"","",false,64.1077,-21.8377,6,3,3,2.0,true,"Hair dryer,Hot water,Washer,Dryer,Essentials,Hangers,Iron,TV,Pack ’n play/Travel crib,Indoor fireplace,Heating,Smoke alarm,Fire extinguisher,First aid kit,Wifi,Dedicated workspace,Kitchen,Refrigerator,Coffee maker,Backyard,Fire pit,Outdoor furniture,Outdoor dining area,BBQ grill,Free parking on premises,Hot tub",,false,3,Moderate,4:00 PM,11:00 AM,true,false,ISK,70,0,true,38,4.76,4.9,5.0,5.0,5.0,4.7,4.8,23406.0,2978404.0,524.1,67006.4,0.123,0.123,63.2,8038.0,63.2,8038.0,3.0,1.7,45,0,320,365,1532.0,194947.0,550.6,70067.9,0.033,0.033,17.0,2166.1,17.0,2166.1,3.0,1.0,3,0,87,90
7053698,Located in 101 Reykjavík HG00000271,"Nice and comfortable 3rd floor apartment located in downtown Reykjavík. It has one bedroom with a double queen sized bed and a living room with a pull out, double sized sleeping sofa. Very well equipped kitchen with everything you need.<br /><br /><b>The space</b><br />Nice and comfortable 3rd floor apartment located in downtown Reykjavík. It has one bedroom with a double queen sized bed and a living room with a pull out, double sized (website hidden) and Wi-fi included.<br />Very well equipped kitchen with everything you need…. coffee maker, stove, oven, refrigerator, dishwasher and more.<br />Washing machine on the ground floor. Where you can wash and dry your laundry.<br />Bedroom with queen sized double bed, clean linen and towels..<br />Bathroom with shower, hairdryer, soup, toilet paper included. Clean towels and washing cloths.<br />The apartment has recently been redone so everything is new inside.<br /><br /><b>Guest access</b><br />The whole apartment on third floor and a shared laundry room on the ground floor.<br /><br /><b>Other things to note</b><br />The rental time is 3 days at a time minimum.",Entire rental unit,entire_home,https://a0.muscache.com/im/pictures/89593202/bfa3dee0_original.jpg,9,"https://a0.muscache.com/im/pictures/89593202/bfa3dee0_original.jpg,https://a0.muscache.com/im/pictures/89593034/ded1d080_original.jpg,https://a0.muscache.com/im/pictures/89593793/a1daa4e2_original.jpg,https://a0.muscache.com/im/pictures/89593673/1b6eb06a_original.jpg,https://a0.muscache.com/im/pictures/89592771/a70a6077_original.jpg,https://a0.muscache.com/im/pictures/89592895/7f07bdec_original.jpg,https://a0.muscache.com/im/pictures/89593549/ef6b0a29_original.jpg,https://a0.muscache.com/im/pictures/89593295/fb37a198_original.jpg,https://a0.muscache.com/im/pictures/89593421/492a6587_original.jpg",29239612,Erna,"","",true,64.1486,-21.9606,3,1,2,1.0,false,"Hair dryer,Shampoo,Hot water,Washer,Essentials,Hangers,TV,Heating,Smoke alarm,Fire extinguisher,First aid kit,Wifi,Kitchen,Refrigerator,Cooking basics,Dishes and silverware,Oven,Coffee maker,Free street parking",,false,4,Strict,4:00 PM,1:00 PM,true,false,ISK,58,0,true,55,4.93,4.9,4.9,5.0,4.9,4.8,4.8,2621.0,333520.0,180.4,23055.3,0.038,0.038,6.9,873.3,6.9,873.3,4.4,7.0,14,0,351,365,1124.0,143028.0,208.3,26500.4,0.056,0.056,11.8,1507.2,11.8,1507.2,5.0,5.0,5,0,85,90
7202908,"Basement apt. near city C, in heart of Reykjavik","The apartment is all  all newly refurbished with exit to the garden. 2 beds in the bedroom, 1 bed in the living room. Small kitchen and bathroom with shower.<br /><br /><b>Other things to note</b><br />License number: HG-00003455<br />This apartment is situated in the heart of Reykjavik, in the triangle that connects the new city center, the historic and the business district of the city. Giving all the best there is to offer, main shopping mall in Reykjavík is only 5 minutes away, restaurants, bars and historical monuments.<br />All of Reykjavik's main attractions are just minutes away, making these locations ideally placed to get the very best from the capital. Within ten minutes’ walk is the Laugardalur outdoor activity park, boasting one of Reykjavik's best outdoor swimming pools, sprawling botanical gardens, amusement park and animal zoo, as well as Iceland's main sport center.<br />Buses in all directions within walking distance, grocery and pharmacy next to the apartment.<br /><br /><b>Registration Details</b><br />HG-00003455",Entire condo,entire_home,https://a0.muscache.com/im/pictures/miso/Hosting-7202908/original/cd8eab6b-e3bc-4699-9407-1a56e9584426.jpeg,19,"https://a0.muscache.com/im/pictures/miso/Hosting-7202908/original/cd8eab6b-e3bc-4699-9407-1a56e9584426.jpeg,https://a0.muscache.com/im/pictures/91343256/381f4a0b_original.jpg,https://a0.muscache.com/im/pictures/miso/Hosting-7202908/original/af43df53-e74b-44d5-b154-c6287837ff29.jpeg,https://a0.muscache.com/im/pictures/miso/Hosting-7202908/original/a94b0255-7a53-40d3-b58f-44aa6b76e430.jpeg,https://a0.muscache.com/im/pictures/miso/Hosting-7202908/original/d139613d-214f-4565-9e93-0ec0941cc199.jpeg,https://a0.muscache.com/im/pictures/miso/Hosting-7202908/original/5d3ec837-2b65-4dd9-98d0-41dc5f4417c7.jpeg,https://a0.muscache.com/im/pictures/miso/Hosting-7202908/original/ffba5f3a-e3c9-4eaa-9798-25e991513b38.jpeg,https://a0.muscache.com/im/pictures/miso/Hosting-7202908/original/c20205fd-d965-4fb0-921b-ef6b6b62108b.jpeg,https://a0.muscache.com/im/pictures/3966698a-1d94-4d6d-a829-810770b6ff26.jpg,https://a0.muscache.com/im/pictures/miso/Hosting-7202908/original/01fbd539-5d28-4a5c-afd8-181c6f01d63b.jpeg,https://a0.muscache.com/im/pictures/miso/Hosting-7202908/original/6e5e7714-b01d-4c53-8efa-104791655f88.jpeg,https://a0.muscache.com/im/pictures/miso/Hosting-7202908/original/4bab7e20-c2a5-419c-8873-ad99fac7ced9.jpeg,https://a0.muscache.com/im/pictures/2c13e7ef-e35f-4ea3-9e8e-b8b3070be7c1.jpg,https://a0.muscache.com/im/pictures/miso/Hosting-7202908/original/860c4098-78ff-48d0-abe2-da5dae72a1ba.jpeg,https://a0.muscache.com/im/pictures/cd285e51-2846-4049-8435-5c91a7fc59b7.jpg,https://a0.muscache.com/im/pictures/eee78627-b209-48aa-80c9-5041bcc9218e.jpg,https://a0.muscache.com/im/pictures/miso/Hosting-7202908/original/1508bde4-2c77-4a6a-bf5c-050140aba4d9.jpeg,https://a0.muscache.com/im/pictures/miso/Hosting-7202908/original/0ca3da50-d9fa-41a1-9db5-69a80f35df63.jpeg,https://a0.muscache.com/im/pictures/hosting/Hosting-7202908/original/f6d2d5d7-cf6e-466f-bf51-c22674f676ac.jpeg",37715452,Þröstur,"","",false,64.1292,-21.8858,3,1,3,1.0,true,"Hair dryer,Shampoo,Hot water,Washer,Dryer,Essentials,Hangers,TV,Heating,Smoke alarm,Fire extinguisher,First aid kit,Wifi,Dedicated workspace,Kitchen,Refrigerator,Microwave,Cooking basics,Dishes and silverware,Mini fridge,Freezer,Stove,Oven,Hot water kettle,Coffee maker,Wine glasses,Toaster,Trash compactor,Dining table,Private entrance,Backyard,Free parking on premises,Luggage dropoff allowed",,false,2,Firm,1:00 PM,11:00 AM,true,false,ISK,99,0,true,142,4.92,5.0,5.0,4.9,5.0,4.8,4.9,2693.0,354584.0,166.3,21325.2,0.044,0.044,6.6,867.9,6.6,867.9,2.0,5.3,16,0,349,365,0.0,0.0,0.0,0.0,0.0,0.0,0.0,0.0,0.0,0.0,2.0,0.0,0,0,90,90
7292848,Perfect space for low price,,Entire rental unit,entire_home,https://a0.muscache.com/im/pictures/95882383/e05b2d40_original.jpg,13,,953381,Þorsteinn Daði,55808771,Jón,true,64.1496,-21.9449,2,1,1,1.0,false,"Wifi,Air conditioning,Kitchen,Hot water,Bed linens,Extra pillows and blankets,Outdoor furniture,Coffee maker,Refrigerator,Dishes and silverware,Heating,Cooking basics,Oven,Stove,Washer,Dryer,Smoke alarm,BBQ grill,Carbon monoxide alarm,Patio or balcony,First aid kit,Backyard,Fire extinguisher,Essentials,Shampoo,Hangers,Hair dryer,Iron",true,,2,Moderate,,,,,ISK,68,0,,93,4.82,4.9,4.9,4.9,4.9,4.9,4.8,2979.0,379077.0,176.0,22575.4,0.041,0.057,7.6,967.4,10.5,1337.6,2.0,5.0,15,101,350,365,0.0,0.0,0.0,0.0,0.0,0.0,0.0,0.0,0.0,0.0,2.0,0.0,0,0,90,90
7380130,Stylish Apartment in Downtown Reykjavik,,Entire rental unit,entire_home,https://a0.muscache.com/im/pictures/miso/Hosting-7380130/original/ff2a9587-fa2e-456c-88d4-f8e883ba28f3.jpeg,16,,38661055,Ingi,"","",true,64.1497,-21.9420,3,1,3,1.0,true,"Kitchen,Pets allowed,Gym,Hair dryer,Cleaning products,Shampoo,Body soap,Hot water,Shower gel,Washer,Dryer,Essentials,Hangers,Bed linens,Room-darkening shades,Iron,Drying rack for clothing,Clothing storage,TV,Books and reading material,Board games,Heating,Smoke alarm,Fire extinguisher,First aid kit,Wifi,Kitchen,Refrigerator,Microwave,Cooking basics,Dishes and silverware,Freezer,Dishwasher,Stove,Oven,Hot water kettle,Coffee maker,Wine glasses,Toaster,Baking sheet,Dining table,Coffee,Waterfront,Private entrance,Patio or balcony,Elevator,Paid parking off premises,Single level home,Luggage dropoff allowed",,false,2,Moderate,,,,,ISK,65,0,,294,4.87,4.9,5.0,4.8,5.0,5.0,4.8,75840.0,9703580.0,259.2,33137.5,0.734,0.947,198.2,25361.5,255.6,32710.1,2.0,4.0,268,82,97,365,1172.0,149135.0,225.0,28628.3,0.056,0.625,12.3,1565.2,138.4,17608.0,2.0,5.0,5,82,85,90
7435479,Perfect housing for low price,,Entire rental unit,entire_home,https://a0.muscache.com/im/pictures/miso/Hosting-7435479/original/9d701d9e-a7ac-46d1-ba1f-796e797f0e13.jpeg,12,,953381,Þorsteinn Daði,"41395133,55808771","Þorsteinn,Jón",true,64.1495,-21.9448,2,1,1,1.0,false,"Wifi,Air conditioning,Kitchen,Pack ’n play/Travel crib,Room-darkening shades,Hot water kettle,Hot water,Bed linens,Extra pillows and blankets,Microwave,Cleaning products,Coffee maker,Refrigerator,Dishes and silverware,Heating,Cooking basics,Coffee,Clothing storage,Stove,Wine glasses,Washer,Dryer,Smoke alarm,Shower gel,Carbon monoxide alarm,First aid kit,Backyard,Fire extinguisher,Luggage dropoff allowed,Essentials,Shampoo,Hangers,Hair dryer,Toaster",true,,3,Moderate,,,,,ISK,85,0,,348,4.81,4.9,4.9,4.9,5.0,5.0,4.8,8461.0,1076655.0,157.7,20227.0,0.134,0.161,21.1,2683.0,25.3,3221.4,3.0,4.5,49,61,316,365,0.0,0.0,0.0,0.0,0.0,0.0,0.0,0.0,0.0,0.0,3.0,0.0,0,0,90,90
7525781,Central. The location is perfect,"Cozy Downtown Apartment in the Heart of Reykjavík.<br />Welcome to your home away from home! This charming and comfortable apartment is located close to Reykjavik city center with everything you need just steps away. Whether you're here to explore the vibrant city center, enjoy local cafes and shops or take a stroll along the scenic streets, you’ll love being able to walk everywhere.<br />The neighborhood is quiet and friendly. It’s the perfect base for anyone looking to experience Reykjavik like a local.<br /><br /><b>The space</b><br />Bright & Spacious 3-Bedroom Apartment in Reykjavík<br /><br />Welcome to your home away from home! This 113 m² apartment is perfect for families, friends, or business travelers seeking space, comfort, and a great location in Reykjavík.<br /><br />📍 Great Location<br />Just a 15-minute walk to downtown Reykjavík. A map with directions to the city center and nearby grocery stores is provided upon arrival.<br /><br />🏡 Quiet, Safe Neighborhood<br />Located in a peaceful, family-friendly area - ideal for a relaxing stay while still being close to the city's highlights.<br /><br />🗝 Full Apartment Access<br />Guests have exclusive use of the entire apartment.<br /><br />🕓 Flexible Check-In/Out<br />We offer flexible check-in and check-out times to suit your travel plans.<br /><br />💇 Extras for Your Comfort<br />A hairdryer is available, along with other essentials to make your stay as convenient as possible.<br /><br />🌟 What You’ll Love:<br />🛏 Three Comfortable Bedrooms<br /><br />1 bedroom with a double bed (180x200 cm)<br /><br />2 bedrooms with single beds (90x200 cm each)<br />Ideal for up to 4 guests.<br /><br />🍳 Modern Kitchen<br />Fully renovated and equipped with an oven, cooktop, fridge and a dishwasher - perfect for home-cooked meals.<br /><br />🛁 Stylish Bathroom<br />Relax with a hot shower or bath. Fresh towels, shampoo, and endless geothermal hot water is provided.<br /><br />🛋 Cozy Living Room<br />Enjoy a 75” smart TV and high-speed Wi-Fi - great for movie nights or remote work.<br /><br />🧺 Laundry Facilities<br />Washer and dryer available in the basement for guest use.<br /><br />🌞 Private Balcony<br />South-facing balcony off the kitchen—perfect for morning coffee or evening unwinding.<br /><br />🅿️ Free Private Parking<br />One dedicated space behind the building—no hassle with street parking.<br /><br />🗣 Multilingual Hosts<br />We also speak French! / On parle aussi français !<br /><br />Whether you’re here to explore the city, work remotely, or just unwind, this apartment has everything you need for a memorable and comfortable stay in Reykjavík.<br /><br /><b>Guest access</b><br />Guests have full, private access to the entire apartment during their stay, including:<br /><br />All three bedrooms<br /><br />Kitchen and living area<br /><br />Bathroom<br /><br />Private south-facing balcony<br /><br />Free private parking space behind the building<br /><br />Laundry facilities (washer and dryer) located in the basement<br /><br />We are always available if you need any assistance during your stay.<br /><br /><b>Other things to note</b><br />Within walking distance, you’ll find:<br /><br />Iceland’s largest shopping mall with shops, restaurants, and a cinema  (15 minutes walk) <br />kringlan dot is/english <br /><br />A popular local swimming pool with geothermal hot tubs and saunas (15-20 minutes)<br />sundlaugar dot is/en/sundlaugasafn/sundholl-reykjavikur/<br /><br />A spacious outdoor playground—great for families (5 minutes)<br />There you will find a Museum - Café - Artwork - Benches - Gardening - Playground - Soccer field - Disc golf course - Basketball court - Beach volleyball court - Architecture.<br />reykjavik dot is/en/klambratun  <br /><br />I am unable to add links here so you will need to replace the dot with an actual . <br /><br />Whether you’re here with kids or looking for fun and convenience close by, the area offers something for everyone.",Entire rental unit,entire_home,https://a0.muscache.com/im/pictures/hosting/Hosting-U3RheVN1cHBseUxpc3Rpbmc6NzUyNTc4MQ==/original/e41103ef-2865-418d-bfc9-1ce68bc463d9.jpeg,13,"https://a0.muscache.com/im/pictures/hosting/Hosting-U3RheVN1cHBseUxpc3Rpbmc6NzUyNTc4MQ==/original/e41103ef-2865-418d-bfc9-1ce68bc463d9.jpeg,https://a0.muscache.com/im/pictures/hosting/Hosting-U3RheVN1cHBseUxpc3Rpbmc6NzUyNTc4MQ==/original/e221e7cb-873c-4e78-950f-078ae85c7426.jpeg,https://a0.muscache.com/im/pictures/hosting/Hosting-U3RheVN1cHBseUxpc3Rpbmc6NzUyNTc4MQ==/original/f1c4f68d-e1d9-4044-817c-009c48662fd3.jpeg,https://a0.muscache.com/im/pictures/hosting/Hosting-U3RheVN1cHBseUxpc3Rpbmc6NzUyNTc4MQ==/original/41b5a9b2-4743-4177-9d07-36f6c6c3cbfc.jpeg,https://a0.muscache.com/im/pictures/hosting/Hosting-U3RheVN1cHBseUxpc3Rpbmc6NzUyNTc4MQ==/original/e12e8866-e19c-42a4-a5f5-66bfbf5ffddb.jpeg,https://a0.muscache.com/im/pictures/hosting/Hosting-U3RheVN1cHBseUxpc3Rpbmc6NzUyNTc4MQ==/original/24b5ea98-ef5e-4fc9-9b13-3da1ceb55ae8.jpeg,https://a0.muscache.com/im/pictures/hosting/Hosting-U3RheVN1cHBseUxpc3Rpbmc6NzUyNTc4MQ==/original/328f635f-0c42-49db-893c-667e2ab106c2.jpeg,https://a0.muscache.com/im/pictures/hosting/Hosting-U3RheVN1cHBseUxpc3Rpbmc6NzUyNTc4MQ==/original/d97380b1-6a7d-4d1e-ab1c-1237427c3858.jpeg,https://a0.muscache.com/im/pictures/hosting/Hosting-U3RheVN1cHBseUxpc3Rpbmc6NzUyNTc4MQ==/original/c226f53d-6f89-4ba0-8d76-93d3803ec285.jpeg,https://a0.muscache.com/im/pictures/hosting/Hosting-U3RheVN1cHBseUxpc3Rpbmc6NzUyNTc4MQ==/original/bc1137d4-d4ea-494b-92fb-d0f3bc0e8bfa.jpeg,https://a0.muscache.com/im/pictures/hosting/Hosting-U3RheVN1cHBseUxpc3Rpbmc6NzUyNTc4MQ==/original/09052a94-ce27-438c-a31b-f5d3a99a6d9e.jpeg,https://a0.muscache.com/im/pictures/95443667/570202dc_original.jpg,https://a0.muscache.com/im/pictures/95443722/fa096a99_original.jpg",30728834,Kristjan,"","",false,64.1331,-21.9141,4,3,3,1.0,false,"Bathtub,Hair dryer,Shampoo,Hot water,Washer,Dryer,Essentials,Hangers,Bed linens,Extra pillows and blankets,Room-darkening shades,Iron,Ethernet connection,TV,Air conditioning,Heating,Smoke alarm,Fire extinguisher,Wifi,Kitchen,Refrigerator,Microwave,Cooking basics,Dishes and silverware,Dishwasher,Stove,Oven,Coffee maker,Patio or balcony,Free parking on premises,Free street parking,Luggage dropoff allowed",,false,3,Moderate,,,true,false,ISK,37,0,false,29,4.86,4.9,4.9,4.9,5.0,4.8,4.9,18850.0,2398652.0,333.6,42635.8,0.164,0.606,50.7,6455.6,187.0,23800.8,3.0,5.0,60,266,305,365,0.0,0.0,349.1,44421.5,0.0,0.0,0.0,0.0,0.0,0.0,3.0,0.0,0,86,90,90
7547261,CLOSE TO NATURE - LOVELY VIEW,,Private room in rental unit,private_room,https://a0.muscache.com/im/pictures/25b3c5bc-acd7-4119-a5cd-8537ccf80e3f.jpg,49,,6152658,Inga,"","",true,64.1574,-21.7560,,,2,0.0,true,"TV,Wifi,Waterfront,Lake access,Ski-in/Ski-out,Kitchen,Free parking on premises,Hot water kettle,Books and reading material,Pets allowed,Conditioner,Trash compactor,Free street parking,Laundromat nearby,Outdoor furniture,Cleaning products,Indoor fireplace,Drying rack for clothing,Heating,Clothing storage,Wine glasses,Beach access,Smoke alarm,First aid kit,Bidet,Essentials,Shampoo,Lock on bedroom door,Hangers,Bowling alley,Hair dryer,Iron,Dedicated workspace,Outdoor dining area,Freezer,Outlet covers,Bathtub,Blender,Crib,Room-darkening shades,Movie theater,Hot water,Body soap,Bed linens,Extra pillows and blankets,Microwave,Coffee maker,Refrigerator,Dishwasher,Dishes and silverware,Cooking basics,Oven,Stove,EV charger,BBQ grill,Shower gel,Patio or balcony,Luggage dropoff allowed,Long term stays allowed,Safe,Cleaning before checkout,Dining table,Outdoor playground,Baking sheet,Barbecue utensils,Bread maker,Toaster",true,false,2,Flexible,,,,,ISK,11,0,,69,4.96,5.0,5.0,5.0,5.0,4.9,4.9,1417.0,180311.0,97.4,12492.6,0.041,0.048,3.9,490.2,4.5,568.0,2.0,15.0,15,50,350,365,0.0,0.0,0.0,0.0,0.0,0.0,0.0,0.0,0.0,0.0,2.0,0.0,0,0,90,90
7547852,CLOSE TO NATURE - LOVELY VIEW ROOM 2,"The bedroom is the biggest in the apartment and also has the biggest bed (160 cm x 200 cm). Another bed which a single bed can also be provide when you need it.<br /><br /><b>The space</b><br />Like a normal home.<br /><br /><b>Guest access</b><br />Shared balcony, shared kitchen, shared restroom and your own bedroom (which is the biggest in the apartment).<br /><br /><b>During your stay</b><br />When needed.<br /><br /><b>Other things to note</b><br />We have great swimmingpools in the area and and a 18 hole golfcourse. Just 5 minutes drive to the countryside - short to banks, ATM, groserystores and other service that you need. Easy accsess to the local bus see. bus.is <br />It is very easy to see the Northern lights from here and also short distrance to one of Icelands most famous mountain Esja where you can walk up to the top.",Private room in rental unit,private_room,https://a0.muscache.com/im/pictures/aa0933a2-b31b-4d3d-a827-376f6e1438f3.jpg,17,"https://a0.muscache.com/im/pictures/aa0933a2-b31b-4d3d-a827-376f6e1438f3.jpg,https://a0.muscache.com/im/pictures/96126787/3bc03028_original.jpg,https://a0.muscache.com/im/pictures/96126961/2e42c2c5_original.jpg,https://a0.muscache.com/im/pictures/96126928/2a331fd1_original.jpg,https://a0.muscache.com/im/pictures/96126831/103ab629_original.jpg,https://a0.muscache.com/im/pictures/miso/Hosting-7547852/original/c49de4bd-a995-44f3-b20b-34b74c6ed5db.jpeg,https://a0.muscache.com/im/pictures/miso/Hosting-7547852/original/434678c2-e17b-48fd-9a89-c80b5e689250.jpeg,https://a0.muscache.com/im/pictures/miso/Hosting-7547852/original/6d1b3f48-858a-462a-a84f-18974d156980.jpeg,https://a0.muscache.com/im/pictures/miso/Hosting-7547852/original/28549582-e488-4a47-be44-9a59088c1bf7.jpeg,https://a0.muscache.com/im/pictures/miso/Hosting-7547852/original/dfa062f3-537f-4e58-b87d-19e780785aa4.jpeg,https://a0.muscache.com/im/pictures/miso/Hosting-7547852/original/9cc99458-f1d8-4ce0-ba85-46e6ad724487.jpeg,https://a0.muscache.com/im/pictures/miso/Hosting-7547852/original/bbee69c2-6288-4c5a-8a90-f5f3506619b1.jpeg,https://a0.muscache.com/im/pictures/miso/Hosting-7547852/original/c5a58d0d-2da8-4d6a-ba35-1e8d69c15738.jpeg,https://a0.muscache.com/im/pictures/2c32c4e5-d718-4fae-a61d-78fe47884738.jpg,https://a0.muscache.com/im/pictures/1b066f57-891f-4361-ad18-3a842e58ac8f.jpg,https://a0.muscache.com/im/pictures/miso/Hosting-7547852/original/1ac754e6-d50f-42fb-b6de-c72ef8d5dd51.jpeg,https://a0.muscache.com/im/pictures/miso/Hosting-7547852/original/adf825b8-5c56-43d5-84d4-2c3b982db0c7.jpeg",6152658,Inga,"","",true,64.1883,-21.7876,,,1,0.0,false,"Pool,Cable TV,Wifi,Air conditioning,Gym,Pets allowed,Kitchen,TV,Hair dryer,Shampoo,Hot water,Washer,Dryer,Essentials,Iron,TV,Crib,Children’s books and toys,Air conditioning,Heating,Fire extinguisher,First aid kit,Wifi,Dedicated workspace,Kitchen,Refrigerator,Microwave,Cooking basics,Dishes and silverware,Coffee maker,Patio or balcony,Free parking on premises,Pets allowed,Smoking allowed",,false,2,Moderate,12:00 PM,11:00 AM,true,true,ISK,25,23,false,76,4.97,4.9,4.9,5.0,5.0,4.9,4.9,14465.0,1840639.0,100.7,12867.3,0.397,0.537,38.6,4912.1,52.2,6640.5,2.1,9.1,145,95,220,365,0.0,0.0,114.1,14516.2,0.0,0.0,0.0,0.0,0.0,0.0,2.0,0.0,0,88,90,90
7547865,CLOSE TO NATURE - LOVELY VIEW ROOM 1,"The bedroom has 1 double 120 cm bed, desk and chair.<br /><br /><b>The space</b><br />Like a normal home.<br /><br /><b>Guest access</b><br />Shared balcony, shared kitchen, shared restroom and your own bedroom.<br /><br /><b>During your stay</b><br />When needed.<br /><br /><b>Other things to note</b><br />We have great swimmingpools in the area and a 18 hole golfcourse, bowling and skating hall and also a Cinema and library. We have popular Salmon fishing river,  seals in the  ocean few minutes walk and you can see them from the coast, a lot of burds and the history of Korpúlfstaðir as previously was one of the most advanced and largest cubes in the Nordic region. Just 5 minutes drive to the countryside - short to banks, ATM, groserystores and other service that you need. Easy accsess to the local bus Website straeto.is or bus. is.<br />It is very easy to see the Northern lights from my balcony and also short distrance to one of Icelands most famous mountain Esja where you can walk up to the top.",Private room in rental unit,private_room,https://a0.muscache.com/im/pictures/ca70aaff-5eaf-4cb4-af88-121ab0d2759b.jpg,18,"https://a0.muscache.com/im/pictures/ca70aaff-5eaf-4cb4-af88-121ab0d2759b.jpg,https://a0.muscache.com/im/pictures/96107722/d8f294c8_original.jpg,https://a0.muscache.com/im/pictures/96107783/ba73302f_original.jpg,https://a0.muscache.com/im/pictures/miso/Hosting-7547865/original/40d8b942-9e8a-45af-9552-bfa76e35906a.jpeg,https://a0.muscache.com/im/pictures/miso/Hosting-7547865/original/7e10b41f-e94b-4c15-a4d8-f0a62f578c62.jpeg,https://a0.muscache.com/im/pictures/miso/Hosting-7547865/original/5ea5cba7-e0d7-4299-b0a5-03121b8d7ddf.jpeg,https://a0.muscache.com/im/pictures/miso/Hosting-7547865/original/b277c8a8-216e-4ed1-a51a-14647ce1d8af.jpeg,https://a0.muscache.com/im/pictures/miso/Hosting-7547865/original/20eea600-d40a-484d-bcef-acec4d0f56c2.jpeg,https://a0.muscache.com/im/pictures/miso/Hosting-7547865/original/ef6e825a-bd49-4c36-84ba-20594c890e2b.jpeg,https://a0.muscache.com/im/pictures/miso/Hosting-7547865/original/7d184eef-0256-4ea4-8109-40349a9bb7be.jpeg,https://a0.muscache.com/im/pictures/miso/Hosting-7547865/original/707cfbe8-4362-428a-a587-80dd1fa7c33b.jpeg,https://a0.muscache.com/im/pictures/52af9e8f-db60-4504-a9c7-b323a416f79c.jpg,https://a0.muscache.com/im/pictures/50cce1eb-5ea7-4e33-83a9-5b4b2956e676.jpg,https://a0.muscache.com/im/pictures/63297776-51c5-470a-b5ac-89598405970c.jpg,https://a0.muscache.com/im/pictures/2bd1afa9-08a3-4729-9ea7-429da67779fd.jpg,https://a0.muscache.com/im/pictures/1b6467af-4353-4ba9-beb9-143a74f769d7.jpg,https://a0.muscache.com/im/pictures/d45733b1-c3f0-4fca-a281-383344ac8924.jpg,https://a0.muscache.com/im/pictures/becc64cf-d739-47b8-ab77-48eb0cf49dc4.jpg",6152658,Inga,"","",true,64.1576,-21.7550,,,1,0.0,false,"TV,Cable TV,Wifi,Pool,Kitchen,Free parking on premises,Pets allowed,Gym,Bathtub,Hair dryer,Washer,Dryer,Iron,TV,Crib,Children’s books and toys,Air conditioning,Heating,Heating,Fire extinguisher,First aid kit,Wifi,Dedicated workspace,Refrigerator,Cooking basics,Dishes and silverware,Stove,Oven,Lake access,Private entrance,Outdoor furniture,Outdoor dining area,Free parking on premises,Free street parking,EV charger,Single level home,Pets allowed,Smoking allowed,Long term stays allowed",,false,2,Flexible,12:00 PM,11:00 AM,true,true,ISK,23,23,true,145,4.91,4.9,5.0,5.0,4.9,4.9,4.9,16954.0,2163797.0,113.8,14545.4,0.392,0.392,45.3,5775.8,45.3,5775.8,2.0,7.2,143,0,222,365,1163.0,147990.0,114.2,14530.4,0.111,0.111,12.7,1611.8,12.7,1611.8,2.0,10.0,10,0,80,90
7581843,Private studio apartment in Reykjavik,"A studio aparment with a queen size bed for 2 persons. And then 2 can sleep in the sofa bed . Small kitchen area with a washing machine, bathroom with a shower <br />and a sitting area with TV. Free WiFi included.<br /><br />8 minutes walk to the next swimming pool. Grafarvogs sundlaug<br />5 minutes walk to small shopping center pharmacy. Rimaapótek<br />12 minutes walk to shopping mall center. Spöngin<br /><br /><b>The space</b><br />The house is 190m2 in a quiet family friendly suburb area of Reykjavík.<br /><br /><b>Guest access</b><br />The studio aparment(30 m2) is a part of the house with a seperate entrence to the side.<br /><br />Do not hesitate to contact us with questions.<br /><br /><b>Registration Details</b><br />HG-00016503",Entire condo,entire_home,https://a0.muscache.com/im/pictures/96217270/fd8af739_original.jpg,55,"https://a0.muscache.com/im/pictures/96217270/fd8af739_original.jpg,https://a0.muscache.com/im/pictures/96217252/c7ac3bbc_original.jpg,https://a0.muscache.com/im/pictures/81da415d-e0e9-485d-8049-57b4099563bb.jpg,https://a0.muscache.com/im/pictures/d6f51531-aac7-44c6-b75e-4eae37858328.jpg,https://a0.muscache.com/im/pictures/b7779f0a-1d66-4acc-ba68-5caaf1c9130c.jpg,https://a0.muscache.com/im/pictures/4c754212-eda4-493f-a7ad-1127d58331b0.jpg,https://a0.muscache.com/im/pictures/3a8b2188-8090-4d48-be23-6f27ae8273f8.jpg,https://a0.muscache.com/im/pictures/304a0223-0006-4c98-8e1f-d12f5df8cb03.jpg,https://a0.muscache.com/im/pictures/9b856f06-248e-48dd-9b3d-0d8ec81c46d4.jpg,https://a0.muscache.com/im/pictures/60c20d31-a350-42c5-a942-5e77e94058e3.jpg,https://a0.muscache.com/im/pictures/163df7a3-1d03-4ba2-80e9-2c1d4ddf70e7.jpg,https://a0.muscache.com/im/pictures/737738f7-e00a-4f15-a09b-af3428150e42.jpg,https://a0.muscache.com/im/pictures/3b8d55a4-4164-4760-abac-9e3a313b1b54.jpg,https://a0.muscache.com/im/pictures/a2687226-885e-4dbe-87cb-d50d1157d21d.jpg,https://a0.muscache.com/im/pictures/89d6929b-08c2-433b-bf2e-4481c83cbfae.jpg,https://a0.muscache.com/im/pictures/6f375c4a-c018-4e19-ba89-8609ef6bbe42.jpg,https://a0.muscache.com/im/pictures/3fd5a5d9-f4f2-437b-929c-e3a39fff5b1b.jpg,https://a0.muscache.com/im/pictures/b95ae5a7-a2fb-4a2e-b550-ccfa98793980.jpg,https://a0.muscache.com/im/pictures/ce07f8bb-84bc-4871-a00d-647547af60d0.jpg,https://a0.muscache.com/im/pictures/4eb52aaa-148b-4844-8de1-549d7b870c26.jpg,https://a0.muscache.com/im/pictures/bcd6c9a3-39fe-48a7-be25-21e611ac7e9a.jpg,https://a0.muscache.com/im/pictures/6ec0d4f0-9333-43a5-a781-18a037b31a14.jpg,https://a0.muscache.com/im/pictures/hosting/Hosting-7581843/original/c27c1235-58b5-48c9-bf50-ff7d1edd9bba.jpeg,https://a0.muscache.com/im/pictures/0d5adeb0-24af-4fdc-bff4-c73adac704c2.jpg,https://a0.muscache.com/im/pictures/e101a9ab-a0ff-465a-9b02-3e23b6e9a67a.jpg,https://a0.muscache.com/im/pictures/9672d2ff-2f82-4ab4-a7c4-2ad31dbed5f8.jpg,https://a0.muscache.com/im/pictures/e74d4e06-62be-483d-bdfd-7429b08fa975.jpg,https://a0.muscache.com/im/pictures/96422796/553f5a9b_original.jpg,https://a0.muscache.com/im/pictures/96422763/b31bc4e1_original.jpg,https://a0.muscache.com/im/pictures/miso/Hosting-7581843/original/8bbe6ef0-a423-408d-bf04-58659d1bb47e.jpeg,https://a0.muscache.com/im/pictures/828e910f-29b1-4881-ae73-421a44c31703.jpg,https://a0.muscache.com/im/pictures/8ce5826b-69d9-4033-9a58-10145098cee6.jpg,https://a0.muscache.com/im/pictures/hosting/Hosting-7581843/original/978e7db0-5f85-44f2-bee6-5de62e6708f7.jpeg,https://a0.muscache.com/im/pictures/750cf3b3-de72-4baa-816f-4054510cb049.jpg,https://a0.muscache.com/im/pictures/2687b35b-c7b1-4cab-b949-a1e0ee7ce25c.jpg,https://a0.muscache.com/im/pictures/miso/Hosting-7581843/original/31868a44-9195-4ebb-aa81-54221ea06089.jpeg,https://a0.muscache.com/im/pictures/miso/Hosting-7581843/original/503500d5-6bb1-4008-aded-9bc056ab376f.jpeg,https://a0.muscache.com/im/pictures/miso/Hosting-7581843/original/5ff90873-03b4-4f79-b436-91b2f2726e96.jpeg,https://a0.muscache.com/im/pictures/miso/Hosting-7581843/original/f2a3b3f4-c8c1-4495-8af2-95b56dd0e8a7.jpeg,https://a0.muscache.com/im/pictures/miso/Hosting-7581843/original/29232c67-9163-4959-9633-ac0a7d8ae90c.jpeg,https://a0.muscache.com/im/pictures/miso/Hosting-7581843/original/80408efa-3bb5-4ae6-b964-713319175d6b.jpeg,https://a0.muscache.com/im/pictures/283d2486-7c48-47a9-942c-496f1c967461.jpg,https://a0.muscache.com/im/pictures/miso/Hosting-7581843/original/9cd8486d-7c08-443b-b9b0-e17c1316affa.jpeg,https://a0.muscache.com/im/pictures/miso/Hosting-7581843/original/395fbeff-f031-42d7-9223-6c85ef8e572b.jpeg,https://a0.muscache.com/im/pictures/miso/Hosting-7581843/original/d6bd1e5f-4052-4804-b03e-c6fbd69a5e45.jpeg,https://a0.muscache.com/im/pictures/miso/Hosting-7581843/original/a9588a62-719f-49f4-bdea-c68cc8dfca8d.jpeg,https://a0.muscache.com/im/pictures/miso/Hosting-7581843/original/51b8f23b-d8d4-40a1-9f8f-fc614fbac14e.jpeg,https://a0.muscache.com/im/pictures/hosting/Hosting-7581843/original/25d77048-c8e7-4f79-b8b3-697dd69cae47.jpeg,https://a0.muscache.com/im/pictures/hosting/Hosting-7581843/original/ac2c993b-f858-49df-889d-b79dc510432a.jpeg,https://a0.muscache.com/im/pictures/miso/Hosting-7581843/original/aae34487-093a-4ab5-b1a2-cb6a11dbead8.jpeg,https://a0.muscache.com/im/pictures/0cc29a66-ab24-47ee-ab63-b2cce91fb32e.jpg,https://a0.muscache.com/im/pictures/96224144/3246ea87_original.jpg,https://a0.muscache.com/im/pictures/96224149/d0d4a0ae_original.jpg,https://a0.muscache.com/im/pictures/f38c4bbd-5946-4cdd-8231-a2e8bf94d2e2.jpg,https://a0.muscache.com/im/pictures/3e64d26b-e6e1-4a87-aa2c-197bc77061b8.jpg",36059532,Friðrik,"","",true,64.1420,-21.7897,4,1,2,1.0,true,"Hair dryer,Hot water,Shower gel,Washer,Dryer,Essentials,Hangers,Bed linens,Extra pillows and blankets,Room-darkening shades,Drying rack for clothing,Clothing storage,TV,Air conditioning,Air conditioning,Portable fans,Heating,Exterior security cameras on property,Smoke alarm,Fire extinguisher,First aid kit,Wifi,Kitchen,Refrigerator,Microwave,Cooking basics,Dishes and silverware,Mini fridge,Freezer,Stove,Hot water kettle,Coffee maker,Wine glasses,Toaster,Coffee,Private entrance,Free street parking,Single level home,Long term stays allowed",,false,5,Firm,5:00 PM,11:00 AM,true,false,ISK,287,0,false,52,4.98,4.9,5.0,5.0,4.9,4.9,5.0,19652.0,2525097.0,114.1,14584.3,0.488,0.973,53.8,6918.1,107.4,13798.3,4.6,5.7,178,182,187,365,0.0,0.0,116.3,14803.2,0.0,0.0,0.0,0.0,0.0,0.0,5.0,0.0,0,90,90,90
7974581,Downtown RVK Apartment. ❤,"My apartment is cozy and stylish in just the best neighborhood. The 101 in the center of Reykjavík. 90 Square meters. A lot of original interiors. Two bedrooms, a living room with a small balcony and a fairly spacious kitchen. This is my home everyday so you will find everyday stuff around so maybe you treat it like your staying at a good friends house! 🤗<br /><br /><b>The space</b><br />It has an old feeling to it. Original interiors since the 1960's. The main bedroom has a king size bed with tempur mattress and a the other room a queen size normal bed.<br /><br /><b>Guest access</b><br />There is a laundromat and a dryer for the apartment in the basement.<br /><br /><b>Other things to note</b><br />Seeing this is our home everyday. We have put some stuff away in locked closets to make way for your stuff.<br /><br /><b>Registration Details</b><br />Skráningarnúmer: HG-00019314",Entire rental unit,entire_home,https://a0.muscache.com/im/pictures/hosting/Hosting-U3RheVN1cHBseUxpc3Rpbmc6Nzk3NDU4MQ%3D%3D/original/c32ae421-ab6a-4b7e-8970-a1a59889b185.jpeg,22,"https://a0.muscache.com/im/pictures/hosting/Hosting-U3RheVN1cHBseUxpc3Rpbmc6Nzk3NDU4MQ%3D%3D/original/c32ae421-ab6a-4b7e-8970-a1a59889b185.jpeg,https://a0.muscache.com/im/pictures/hosting/Hosting-7974581/original/9205be0d-b2a4-4461-8b74-0acf8c3beff9.jpeg,https://a0.muscache.com/im/pictures/hosting/Hosting-U3RheVN1cHBseUxpc3Rpbmc6Nzk3NDU4MQ%3D%3D/original/1e0ff45d-b10d-4844-8988-161fe4616d2e.jpeg,https://a0.muscache.com/im/pictures/hosting/Hosting-7974581/original/25c8ce31-0246-4652-9335-6a029db8e3e0.jpeg,https://a0.muscache.com/im/pictures/hosting/Hosting-7974581/original/b2a29a96-763a-42ac-bbf2-f47bb6abbd63.jpeg,https://a0.muscache.com/im/pictures/hosting/Hosting-7974581/original/42621bab-0b87-4c48-90af-ea160cd79e29.jpeg,https://a0.muscache.com/im/pictures/hosting/Hosting-7974581/original/b080bafb-8f5c-41ad-8e3c-d978db05f52b.jpeg,https://a0.muscache.com/im/pictures/hosting/Hosting-U3RheVN1cHBseUxpc3Rpbmc6Nzk3NDU4MQ%3D%3D/original/17828b7b-ee76-4a3c-b212-8eb1f3658811.jpeg,https://a0.muscache.com/im/pictures/hosting/Hosting-7974581/original/8dff689c-7375-433f-b645-bcc9b0d44703.png,https://a0.muscache.com/im/pictures/hosting/Hosting-7974581/original/476a08ad-63db-4579-ab34-b46c01bdb439.jpeg,https://a0.muscache.com/im/pictures/hosting/Hosting-U3RheVN1cHBseUxpc3Rpbmc6Nzk3NDU4MQ%3D%3D/original/f304fb53-c459-4007-9f5a-9539ffb9ee93.jpeg,https://a0.muscache.com/im/pictures/hosting/Hosting-U3RheVN1cHBseUxpc3Rpbmc6Nzk3NDU4MQ%3D%3D/original/c7fdd050-c006-4a00-acf1-d60150d404a8.jpeg,https://a0.muscache.com/im/pictures/hosting/Hosting-U3RheVN1cHBseUxpc3Rpbmc6Nzk3NDU4MQ%3D%3D/original/37451636-793c-4cc8-96fa-b8fb21176fb2.jpeg,https://a0.muscache.com/im/pictures/hosting/Hosting-U3RheVN1cHBseUxpc3Rpbmc6Nzk3NDU4MQ%3D%3D/original/e2c24f0b-9d38-4582-8682-e0859da39a3a.jpeg,https://a0.muscache.com/im/pictures/hosting/Hosting-7974581/original/8bbbe22a-2259-47ea-a23b-5cfffc8b9df9.jpeg,https://a0.muscache.com/im/pictures/hosting/Hosting-7974581/original/b9cd9801-4aad-4e44-8b24-8df34f4aaa1f.jpeg,https://a0.muscache.com/im/pictures/hosting/Hosting-7974581/original/7b72231f-07fc-4e90-a472-8f019802799a.jpeg,https://a0.muscache.com/im/pictures/hosting/Hosting-7974581/original/42a5cb2f-6c95-4e20-8436-a80a44b59861.jpeg,https://a0.muscache.com/im/pictures/5e2d264e-6620-42f4-997d-57be8620b309.jpg,https://a0.muscache.com/im/pictures/hosting/Hosting-U3RheVN1cHBseUxpc3Rpbmc6Nzk3NDU4MQ%3D%3D/original/a1165c34-ec3c-4a7f-b35b-e95fbae79042.jpeg,https://a0.muscache.com/im/pictures/c2b0b5e0-57e3-4b45-9cdb-c7346c896e75.jpg,https://a0.muscache.com/im/pictures/hosting/Hosting-U3RheVN1cHBseUxpc3Rpbmc6Nzk3NDU4MQ%3D%3D/original/70a4664b-9ef4-4db0-a382-93e94bbdbbcd.jpeg",42087609,Eilífur,"","",true,64.1508,-21.9568,4,2,2,1.0,true,"Bathtub,Shampoo,Hot water,Washer,Dryer,Essentials,Hangers,Room-darkening shades,Iron,Safe,Clothing storage,Sound system,Books and reading material,Crib,Heating,Smoke alarm,Carbon monoxide alarm,Wifi,Kitchen,Refrigerator,Microwave,Cooking basics,Dishes and silverware,Freezer,Dishwasher,Stove,Oven,Hot water kettle,Coffee maker,Wine glasses,Toaster,Baking sheet,Blender,Trash compactor,Dining table,Patio or balcony,Free street parking",,false,4,Firm,1:00 PM,10:00 AM,true,false,ISK,30,0,true,20,4.8,4.8,4.9,4.7,4.9,5.0,4.6,34967.0,4469892.0,235.0,30046.8,0.4,0.798,94.2,12047.6,188.0,24029.3,4.1,7.0,146,182,219,365,0.0,0.0,232.9,29635.0,0.0,0.0,0.0,0.0,0.0,0.0,4.0,0.0,0,89,90,90
8000919,STUDIO AURORA,"Very cosy and peaceful studio with a nice garden view, situated next to the beach in a very Icelandic neighbourhood. The city center is a 20 min walk away. In the area there are cafés and some of Reykjavík's most fantastic pools to swim in all year round. Good for one or two people. Fast wi-fi.",Entire condo,entire_home,https://a0.muscache.com/im/pictures/miso/Hosting-8000919/original/e38730f0-58e0-4bc9-93de-e5bc1bb4e6ed.jpeg,22,"https://a0.muscache.com/im/pictures/miso/Hosting-8000919/original/e38730f0-58e0-4bc9-93de-e5bc1bb4e6ed.jpeg,https://a0.muscache.com/im/pictures/miso/Hosting-8000919/original/0c869d44-62f5-4d4c-953f-3e4fa9a93f7d.jpeg,https://a0.muscache.com/im/pictures/miso/Hosting-8000919/original/e725da13-4616-42c1-bb68-eeafdfcfd7cf.jpeg,https://a0.muscache.com/im/pictures/miso/Hosting-8000919/original/c250f2d5-e4ca-4af1-8c79-3d85a0ff010a.jpeg,https://a0.muscache.com/im/pictures/miso/Hosting-8000919/original/a8baba09-9a32-4b1a-a6ad-422f3411f900.jpeg,https://a0.muscache.com/im/pictures/miso/Hosting-8000919/original/e24f1e8c-0715-48c5-ba2c-1228a9b3f765.jpeg,https://a0.muscache.com/im/pictures/miso/Hosting-8000919/original/1be17463-28d1-4a4b-ac75-f8b6c1e11a85.jpeg,https://a0.muscache.com/im/pictures/miso/Hosting-8000919/original/c23c27f1-edbb-4758-9582-df025e99bdfe.jpeg,https://a0.muscache.com/im/pictures/miso/Hosting-8000919/original/b4b09cb5-b20c-486d-90c9-adf2e1b50458.jpeg,https://a0.muscache.com/im/pictures/miso/Hosting-8000919/original/b8cc20e9-add5-453f-9a9f-c08ff4bb1588.jpeg,https://a0.muscache.com/im/pictures/miso/Hosting-8000919/original/d7604c3d-27c0-4d3a-ae3e-404ce2a54ae5.jpeg,https://a0.muscache.com/im/pictures/miso/Hosting-8000919/original/1d12f350-9f9f-4e34-982b-46625f5eab72.jpeg,https://a0.muscache.com/im/pictures/miso/Hosting-8000919/original/5b27c9e1-c97c-4d77-b343-6ce60d05cbc4.jpeg,https://a0.muscache.com/im/pictures/miso/Hosting-8000919/original/39c57d8a-8b4b-4820-a2ac-b1e83178ac2c.jpeg,https://a0.muscache.com/im/pictures/miso/Hosting-8000919/original/ce45713b-d3ba-40c6-8364-e04b5d605868.jpeg,https://a0.muscache.com/im/pictures/hosting/Hosting-U3RheVN1cHBseUxpc3Rpbmc6ODAwMDkxOQ==/original/80082c2d-2c33-4915-aa6a-0228dd9c6a06.jpeg,https://a0.muscache.com/im/pictures/hosting/Hosting-U3RheVN1cHBseUxpc3Rpbmc6ODAwMDkxOQ==/original/0e43e78e-6730-4696-9e49-73f92ab6dd5e.jpeg,https://a0.muscache.com/im/pictures/hosting/Hosting-U3RheVN1cHBseUxpc3Rpbmc6ODAwMDkxOQ==/original/6b6b3d44-3076-40c7-b33f-39290b4b89ca.jpeg,https://a0.muscache.com/im/pictures/hosting/Hosting-U3RheVN1cHBseUxpc3Rpbmc6ODAwMDkxOQ==/original/5c6c6fef-4919-4926-91b3-d46fa9cd3302.jpeg,https://a0.muscache.com/im/pictures/hosting/Hosting-U3RheVN1cHBseUxpc3Rpbmc6ODAwMDkxOQ==/original/32850f7e-70e2-430a-ac69-90d6332c63d8.jpeg,https://a0.muscache.com/im/pictures/hosting/Hosting-U3RheVN1cHBseUxpc3Rpbmc6ODAwMDkxOQ==/original/92eddaf1-f435-4b94-812f-65b9bba30705.jpeg,https://a0.muscache.com/im/pictures/hosting/Hosting-U3RheVN1cHBseUxpc3Rpbmc6ODAwMDkxOQ==/original/2f50ddd3-1733-4020-8bd0-dc514593b472.jpeg",15519612,Helgi,"","",true,64.1445,-21.9727,2,1,6,1.0,false,"Hair dryer,Cleaning products,Body soap,Bidet,Hot water,Shower gel,Dryer,Hangers,Bed linens,Room-darkening shades,Clothing storage,Ethernet connection,Record player,Sound system,Books and reading material,Life size games,Board games,Air conditioning,Heating,Smoke alarm,Fire extinguisher,First aid kit,Wifi,Dedicated workspace,Kitchen,Refrigerator,Cooking basics,Dishes and silverware,Mini fridge,Freezer,Stove,Oven,Coffee maker,Wine glasses,Toaster,Blender,Trash compactor,Dining table,Coffee,Waterfront,Beach access,Lake access,Private entrance,Laundromat nearby,Resort access,Patio or balcony,Backyard,Outdoor furniture,Outdoor dining area,Free parking on premises,Free street parking,Paid parking off premises,Luggage dropoff allowed,Long term stays allowed",,false,3,Firm,3:00 PM,11:00 AM,true,true,ISK,52,0,false,68,4.94,5.0,5.0,4.8,4.9,4.9,4.9,23617.0,3019293.0,196.7,25158.2,0.315,0.444,61.9,7909.5,87.2,11146.5,3.0,5.8,115,106,250,365,0.0,0.0,199.2,25342.4,0.0,0.0,0.0,0.0,0.0,0.0,3.0,0.0,0,90,90,90
8005981,Great location - Amazing view,"The apartment is located in Reykjavik 107 by the seaside. Walking distance to the city center only 15-20 minutes. Bus stop right outside the building every 15 minutes during winter time and 30 minutes during summer time.<br /><br /><b>The space</b><br />3 bedrooms (two with double beds,  and one with a mattress). One bathroom with shower and bathtube. Washer machine and dryer in the flat (website hidden) (Channels f.e. Sky News, DR1, National Geographic, History Channel and local channels), coffee machine, big fridge and all tableware.<br /><br /><b>Other things to note</b><br />Garbage disposal trough garbage chute right outside apartment door. All paper must be carried down to the garbage disposal beside the main door of the building.",Entire rental unit,entire_home,https://a0.muscache.com/im/pictures/aa1a6416-6259-4277-b98a-712861407fc8.jpg,21,"https://a0.muscache.com/im/pictures/aa1a6416-6259-4277-b98a-712861407fc8.jpg,https://a0.muscache.com/im/pictures/102056096/09e32463_original.jpg,https://a0.muscache.com/im/pictures/16a479df-c9d8-47b5-929b-4cc1b9fbc20e.jpg,https://a0.muscache.com/im/pictures/102053916/697bb3d2_original.jpg,https://a0.muscache.com/im/pictures/59132f1c-cf2d-47a8-88fc-b24afc1df500.jpg,https://a0.muscache.com/im/pictures/102053797/22b42afe_original.jpg,https://a0.muscache.com/im/pictures/0b5fb5d1-0796-46bb-83aa-e9fd2bf064b5.jpg,https://a0.muscache.com/im/pictures/102054088/a0f73139_original.jpg,https://a0.muscache.com/im/pictures/7ccfba1b-9bf8-4d9a-a756-2603caf7a633.jpg,https://a0.muscache.com/im/pictures/65520cff-2739-4aee-8a8b-be1e8a665e70.jpg,https://a0.muscache.com/im/pictures/6d415146-1268-4e93-99e2-8be6a2c5bd38.jpg,https://a0.muscache.com/im/pictures/d2bd75a2-2c82-4df7-9c75-d55d9195f524.jpg,https://a0.muscache.com/im/pictures/0865d0a4-becd-4bd0-b444-6a40106ecfb0.jpg,https://a0.muscache.com/im/pictures/a4d36b42-df7c-45bd-97a5-fba09f9ddf37.jpg,https://a0.muscache.com/im/pictures/a2e49d7d-ab1f-4c51-8fdd-42b86b7017d6.jpg,https://a0.muscache.com/im/pictures/1f02956d-2995-4db6-a6f2-4d0c081e3cc3.jpg,https://a0.muscache.com/im/pictures/48bfae1b-f1df-41a3-b8d4-9ca680cb7608.jpg,https://a0.muscache.com/im/pictures/525223fc-7c9a-42fc-af31-9ca5ab58a0dc.jpg,https://a0.muscache.com/im/pictures/0dd23831-958c-4e4f-a39a-2dfd89314973.jpg,https://a0.muscache.com/im/pictures/0b638bd5-2512-4c5e-b4ad-3aa47d6f6661.jpg,https://a0.muscache.com/im/pictures/da92dc34-c145-4b6b-8417-c5a13a3934d1.jpg",42268243,Gunnþóra,"","",false,64.1487,-21.9769,5,3,2,1.0,false,"Bathtub,Hair dryer,Hot water,Washer,Dryer,Essentials,Hangers,Room-darkening shades,Iron,TV,Crib,Pack ’n play/Travel crib,Children’s books and toys,High chair,Children’s dinnerware,Heating,Smoke alarm,Fire extinguisher,First aid kit,Wifi,Kitchen,Beach access,Free parking on premises,Long term stays allowed",,false,4,Firm,4:00 PM,11:00 AM,true,false,ISK,53,0,true,81,4.78,4.9,5.0,4.8,4.9,4.8,4.8,23782.0,3026247.0,266.9,34137.8,0.236,0.869,64.0,8143.3,235.9,30023.2,3.5,10.8,86,266,279,365,0.0,0.0,260.0,33087.7,0.0,0.0,0.0,0.0,0.0,0.0,3.9,0.0,0,90,90,90
8011067,A cozy guesthouse in Laugardalur,"A great studio apartment in Laugardalur district with a private entrance. Close to one of the biggest pools in Reykjavík Laugardalslaug, the Zoo and the botanical gardens.<br /><br /><b>The space</b><br />The studio has recently been renovated and furnished. A fully equipped kitchen with a stove and a fridge. In the kitchen we also have a washer.<br />A bathroom with a shower, toilet and a washbasin. In the bedroom we have a bed 160 x 200.<br /><br /><b>Guest access</b><br />Check in is at 2:00 PM and check-out is at 11:00 AM<br /><br /><b>Registration Details</b><br />HG-522750",Entire guesthouse,entire_home,https://a0.muscache.com/im/pictures/hosting/Hosting-U3RheVN1cHBseUxpc3Rpbmc6ODAxMTA2Nw%3D%3D/original/25dde126-39c4-4ed6-a984-989b376a8931.jpeg,40,"https://a0.muscache.com/im/pictures/hosting/Hosting-U3RheVN1cHBseUxpc3Rpbmc6ODAxMTA2Nw%3D%3D/original/25dde126-39c4-4ed6-a984-989b376a8931.jpeg,https://a0.muscache.com/im/pictures/102362836/d9006bd2_original.jpg,https://a0.muscache.com/im/pictures/104300153/dfd7b852_original.jpg,https://a0.muscache.com/im/pictures/102159765/33dfd493_original.jpg,https://a0.muscache.com/im/pictures/66d79415-615a-4040-80ed-85d5f9a77a60.jpg,https://a0.muscache.com/im/pictures/hosting/Hosting-U3RheVN1cHBseUxpc3Rpbmc6ODAxMTA2Nw%3D%3D/original/94cd4a7f-ad5c-41e0-8815-418069c851b7.jpeg,https://a0.muscache.com/im/pictures/hosting/Hosting-U3RheVN1cHBseUxpc3Rpbmc6ODAxMTA2Nw%3D%3D/original/ea11b6dc-8bfb-48e8-92b7-922b129fc8fb.jpeg,https://a0.muscache.com/im/pictures/e8ea1118-4c30-416e-969f-1f49b5d517f8.jpg,https://a0.muscache.com/im/pictures/102159762/4d34cb9c_original.jpg,https://a0.muscache.com/im/pictures/102159768/0b10561e_original.jpg,https://a0.muscache.com/im/pictures/102159758/5f410ab8_original.jpg,https://a0.muscache.com/im/pictures/102159755/9d42ba0f_original.jpg,https://a0.muscache.com/im/pictures/hosting/Hosting-U3RheVN1cHBseUxpc3Rpbmc6ODAxMTA2Nw%3D%3D/original/2159f901-8abd-43ff-8a6d-58100d1b8959.jpeg,https://a0.muscache.com/im/pictures/hosting/Hosting-U3RheVN1cHBseUxpc3Rpbmc6ODAxMTA2Nw%3D%3D/original/4952bbf9-e2f4-4ba4-90db-4cd6098e3677.jpeg,https://a0.muscache.com/im/pictures/hosting/Hosting-U3RheVN1cHBseUxpc3Rpbmc6ODAxMTA2Nw%3D%3D/original/0a15d5b0-650d-47c4-9229-61bb1788e11c.jpeg,https://a0.muscache.com/im/pictures/hosting/Hosting-U3RheVN1cHBseUxpc3Rpbmc6ODAxMTA2Nw%3D%3D/original/130decec-65f4-434a-80b3-48a4fbc00c9d.jpeg,https://a0.muscache.com/im/pictures/hosting/Hosting-U3RheVN1cHBseUxpc3Rpbmc6ODAxMTA2Nw%3D%3D/original/5c442a6a-a9e1-4bba-b793-db67f2ec2362.jpeg,https://a0.muscache.com/im/pictures/hosting/Hosting-U3RheVN1cHBseUxpc3Rpbmc6ODAxMTA2Nw%3D%3D/original/02b4143c-522c-4d60-8bff-d1eedfb27025.jpeg,https://a0.muscache.com/im/pictures/hosting/Hosting-U3RheVN1cHBseUxpc3Rpbmc6ODAxMTA2Nw%3D%3D/original/a905ca0c-ec0c-40f6-94e0-356ab8f90181.jpeg,https://a0.muscache.com/im/pictures/hosting/Hosting-U3RheVN1cHBseUxpc3Rpbmc6ODAxMTA2Nw%3D%3D/original/c0d79de5-9cb4-4eb8-a4f5-02f8c809f4b7.jpeg,https://a0.muscache.com/im/pictures/hosting/Hosting-U3RheVN1cHBseUxpc3Rpbmc6ODAxMTA2Nw%3D%3D/original/b7cbcca2-66d7-48f5-81f4-085c2be4c97a.jpeg,https://a0.muscache.com/im/pictures/hosting/Hosting-U3RheVN1cHBseUxpc3Rpbmc6ODAxMTA2Nw%3D%3D/original/39ff21ad-8e8a-4944-9252-a707ac915a86.jpeg,https://a0.muscache.com/im/pictures/hosting/Hosting-U3RheVN1cHBseUxpc3Rpbmc6ODAxMTA2Nw%3D%3D/original/10cdec97-990d-48d5-8586-e4e245a045ae.jpeg,https://a0.muscache.com/im/pictures/hosting/Hosting-U3RheVN1cHBseUxpc3Rpbmc6ODAxMTA2Nw%3D%3D/original/112ac9f5-5671-48b0-91d1-cfc9b083384e.jpeg,https://a0.muscache.com/im/pictures/hosting/Hosting-U3RheVN1cHBseUxpc3Rpbmc6ODAxMTA2Nw%3D%3D/original/5a1cebc4-e6c1-4fdd-ad62-c5d60cfbb17b.jpeg,https://a0.muscache.com/im/pictures/hosting/Hosting-U3RheVN1cHBseUxpc3Rpbmc6ODAxMTA2Nw%3D%3D/original/60d58c2e-58a8-4f08-ab47-28967aa75b00.jpeg,https://a0.muscache.com/im/pictures/hosting/Hosting-U3RheVN1cHBseUxpc3Rpbmc6ODAxMTA2Nw%3D%3D/original/e93f1392-fcd3-4bb0-bbe8-d460d083fe8a.jpeg,https://a0.muscache.com/im/pictures/hosting/Hosting-U3RheVN1cHBseUxpc3Rpbmc6ODAxMTA2Nw%3D%3D/original/ea982169-370e-4e65-88b1-d9ce8810259a.jpeg,https://a0.muscache.com/im/pictures/hosting/Hosting-U3RheVN1cHBseUxpc3Rpbmc6ODAxMTA2Nw%3D%3D/original/c9e6fdf8-9343-4973-a1ea-2a7725f20a27.jpeg,https://a0.muscache.com/im/pictures/hosting/Hosting-U3RheVN1cHBseUxpc3Rpbmc6ODAxMTA2Nw%3D%3D/original/1ee4daeb-d68d-49a1-972e-95111a6a6e55.jpeg,https://a0.muscache.com/im/pictures/hosting/Hosting-U3RheVN1cHBseUxpc3Rpbmc6ODAxMTA2Nw%3D%3D/original/e6cb3122-882a-464a-99b6-00a91912f4fe.jpeg,https://a0.muscache.com/im/pictures/hosting/Hosting-U3RheVN1cHBseUxpc3Rpbmc6ODAxMTA2Nw%3D%3D/original/6f49a8ce-5fb3-4210-84fa-854f9477606c.jpeg,https://a0.muscache.com/im/pictures/hosting/Hosting-U3RheVN1cHBseUxpc3Rpbmc6ODAxMTA2Nw%3D%3D/original/2a4a8e75-922c-4202-b335-3eea06931133.jpeg,https://a0.muscache.com/im/pictures/hosting/Hosting-U3RheVN1cHBseUxpc3Rpbmc6ODAxMTA2Nw%3D%3D/original/1a544e69-b972-47a6-b275-baf0eb4edb7b.jpeg,https://a0.muscache.com/im/pictures/hosting/Hosting-U3RheVN1cHBseUxpc3Rpbmc6ODAxMTA2Nw%3D%3D/original/e0016b24-4891-44e1-9efe-57c8b41f1a5d.jpeg,https://a0.muscache.com/im/pictures/hosting/Hosting-U3RheVN1cHBseUxpc3Rpbmc6ODAxMTA2Nw%3D%3D/original/e0ba8322-07e5-4a23-8f62-7cc6a962a300.jpeg,https://a0.muscache.com/im/pictures/hosting/Hosting-U3RheVN1cHBseUxpc3Rpbmc6ODAxMTA2Nw%3D%3D/original/9295c838-9e60-4daf-890c-f4cdca23d15b.jpeg,https://a0.muscache.com/im/pictures/hosting/Hosting-U3RheVN1cHBseUxpc3Rpbmc6ODAxMTA2Nw%3D%3D/original/8129914f-f1f7-426e-8c49-b236676bcba4.jpeg,https://a0.muscache.com/im/pictures/hosting/Hosting-U3RheVN1cHBseUxpc3Rpbmc6ODAxMTA2Nw%3D%3D/original/0e7f8b02-cae2-48f5-bde9-2a9a2dd6bc33.jpeg,https://a0.muscache.com/im/pictures/hosting/Hosting-U3RheVN1cHBseUxpc3Rpbmc6ODAxMTA2Nw%3D%3D/original/ec0c853c-c895-4883-9e50-572150087b1a.jpeg",3288889,Fríða,53295602,Arnar Geir,false,64.1419,-21.8856,2,,2,1.0,true,"Hair dryer,Cleaning products,Shampoo,Conditioner,Body soap,Hot water,Washer,Essentials,Hangers,Bed linens,Extra pillows and blankets,Room-darkening shades,TV,Sound system,Heating,Smoke alarm,Carbon monoxide alarm,First aid kit,Wifi,Kitchen,Refrigerator,Cooking basics,Dishes and silverware,Mini fridge,Freezer,Stove,Oven,Hot water kettle,Coffee maker,Wine glasses,Blender,Dining table,Coffee,Private entrance,Backyard,Free parking on premises,Free street parking,Single level home",,false,6,Flexible,2:00 PM,11:00 AM,true,false,ISK,127,0,false,173,4.77,4.9,4.9,4.8,4.8,4.7,4.8,13447.0,1722059.0,124.9,15960.6,0.244,0.274,32.3,4142.4,36.3,4652.2,6.2,5.9,89,40,276,365,0.0,0.0,117.2,14910.8,0.0,0.0,0.0,0.0,0.0,0.0,6.0,0.0,0,40,90,90
8249967,"Bright flat, sunset balconies","The top floor in a 3 story house. Three bedrooms. Sunset balconies, view to the sea and mountains. Big bathroom with shower and bathtub. Kitchenette and living room in a open space with balconies. Two mins walk to geothermal SPA pool with jacuzzis, sauna and steam bath, 2 mins walk to the sea! 15 mins walk to the City Center.<br /><br /><b>The space</b><br />We have licence to rent the flat to tourists.<br />This top floor was built 2008 <br />The space is 70 m3 on the top floor on 3 story house. It has 3 double  bedrooms one with king bed one with a queen bed and the third with two singles. The flat is on 3rd floor and we live on the 2nd floor. Great view, nice balconies.<br /><br /><b>Guest access</b><br />The flat is with private entrance door but the entrance to the house is common with our flat on 2nd floor where we live. Washing machine is not in the flat but for those guest who are staying one week or longer we provide access to our washing room in the basement!<br /><br /><b>Other things to note</b><br />Late check in no problem! We have a locked key box by the front door where we put the house key for late arrivals",Entire rental unit,entire_home,https://a0.muscache.com/im/pictures/miso/Hosting-8249967/original/7568b839-d68c-49dc-8982-f2f6e552323b.jpeg,44,"https://a0.muscache.com/im/pictures/miso/Hosting-8249967/original/7568b839-d68c-49dc-8982-f2f6e552323b.jpeg,https://a0.muscache.com/im/pictures/105445597/e9d441db_original.jpg,https://a0.muscache.com/im/pictures/miso/Hosting-8249967/original/1bd05c94-88d3-4111-a3d6-12d012b3b1f7.jpeg,https://a0.muscache.com/im/pictures/miso/Hosting-8249967/original/b12d27df-5e46-4522-85b2-03946dbd15ec.jpeg,https://a0.muscache.com/im/pictures/miso/Hosting-8249967/original/dad82c0d-0bd2-497d-addd-b780ed5e917f.jpeg,https://a0.muscache.com/im/pictures/miso/Hosting-8249967/original/314bd4ff-8a15-429f-b9d2-f433b32efa6e.jpeg,https://a0.muscache.com/im/pictures/miso/Hosting-8249967/original/993cb7c9-9d6b-43ce-8ae6-1051976286e7.jpeg,https://a0.muscache.com/im/pictures/miso/Hosting-8249967/original/7096efd5-15ce-4ed2-b573-8d688cbb9271.jpeg,https://a0.muscache.com/im/pictures/miso/Hosting-8249967/original/d8cf0e8d-f7b6-403e-8e80-a66d820106d2.jpeg,https://a0.muscache.com/im/pictures/miso/Hosting-8249967/original/3dffe9d1-3ebe-4dd0-b4c3-f87f5ff38f97.jpeg,https://a0.muscache.com/im/pictures/miso/Hosting-8249967/original/30a95ce4-09b4-4252-8cdd-0799414e382c.jpeg,https://a0.muscache.com/im/pictures/c0ba1bf1-7f99-4002-bfc0-1184ccc0ec67.jpg,https://a0.muscache.com/im/pictures/miso/Hosting-8249967/original/0bbb433a-944a-44cc-bfb0-89dd007bf0e2.jpeg,https://a0.muscache.com/im/pictures/ae9166ce-3077-43bc-949d-f75a200ccc61.jpg,https://a0.muscache.com/im/pictures/b78fd5e2-d674-4ca4-818f-639ac2136441.jpg,https://a0.muscache.com/im/pictures/miso/Hosting-8249967/original/5075a1e6-f847-40bf-82b7-81d1ccca4661.jpeg,https://a0.muscache.com/im/pictures/b2d80fcf-332e-4e25-8cd8-60c2fc915c55.jpg,https://a0.muscache.com/im/pictures/miso/Hosting-8249967/original/bb2b1794-3998-40d0-a5ec-1a4f91aa20d5.jpeg,https://a0.muscache.com/im/pictures/miso/Hosting-8249967/original/4c3c515c-ce57-4b41-a0fb-c47aa8d3dc18.jpeg,https://a0.muscache.com/im/pictures/5f1b2130-9a8d-4936-a8c1-100473a57540.jpg,https://a0.muscache.com/im/pictures/miso/Hosting-8249967/original/231307d7-8b73-4f53-a462-c0542dc0767d.jpeg,https://a0.muscache.com/im/pictures/a1c8d826-c1e8-4e1d-b2bc-12f1c6254507.jpg,https://a0.muscache.com/im/pictures/bb7d1ce7-8146-480a-9650-121ff7f58926.jpg,https://a0.muscache.com/im/pictures/e0a966e2-5afb-4795-a33c-c6e9b6881302.jpg,https://a0.muscache.com/im/pictures/6c7b24d7-f248-44c6-b707-01fef14c6268.jpg,https://a0.muscache.com/im/pictures/92feeb5d-49bc-4d87-9778-9bd984b160f6.jpg,https://a0.muscache.com/im/pictures/058f69b7-7627-452d-85de-90b2447ab0aa.jpg,https://a0.muscache.com/im/pictures/e04be9e2-a9c5-474c-88a6-fda86329fb2e.jpg,https://a0.muscache.com/im/pictures/105456489/afeb0175_original.jpg,https://a0.muscache.com/im/pictures/105456810/a19052e2_original.jpg,https://a0.muscache.com/im/pictures/hosting/Hosting-8249967/original/1908d994-76cb-40bb-87fe-0471332e5958.jpeg,https://a0.muscache.com/im/pictures/hosting/Hosting-8249967/original/42058289-5f1a-458a-b43a-47754f55c35e.jpeg,https://a0.muscache.com/im/pictures/hosting/Hosting-8249967/original/bf8b343e-1b29-41a5-b778-ed92d3ce60d0.jpeg,https://a0.muscache.com/im/pictures/miso/Hosting-8249967/original/048057f7-e300-476b-a746-ba7fee6f6e08.jpeg,https://a0.muscache.com/im/pictures/8eeb0fc0-3fdd-487a-8559-6481ac929848.jpg,https://a0.muscache.com/im/pictures/7b1a8d09-6ccf-4e2e-9732-2fec217aafc1.jpg,https://a0.muscache.com/im/pictures/b8587f74-7906-4b7b-8569-4a86c9278024.jpg,https://a0.muscache.com/im/pictures/f95f8875-d3b6-41e9-8a5f-b8b9a421911c.jpg,https://a0.muscache.com/im/pictures/hosting/Hosting-8249967/original/d3d42eec-6728-4467-acc0-e201bf4c923a.jpeg,https://a0.muscache.com/im/pictures/hosting/Hosting-8249967/original/83122f7e-ee83-4ef4-86e5-71a623c9760c.jpeg,https://a0.muscache.com/im/pictures/hosting/Hosting-8249967/original/c813323b-a26f-4b16-afae-6e33750882ef.jpeg,https://a0.muscache.com/im/pictures/hosting/Hosting-8249967/original/5fbd9f7d-2254-4921-be99-41886972a6b8.jpeg,https://a0.muscache.com/im/pictures/hosting/Hosting-8249967/original/969dcf73-b69e-4f52-9e39-dd9a3383dc05.jpeg,https://a0.muscache.com/im/pictures/56eb713e-df79-4e7a-aa69-0510b805603b.jpg",10965706,Edda,"","",true,64.1434,-21.9635,6,4,4,1.0,false,"TV,Wifi,Air conditioning,Pets allowed,Gym,Bathtub,Hair dryer,Cleaning products,Shampoo,Hot water,Shower gel,Essentials,Hangers,Iron,Drying rack for clothing,Board games,Heating,Smoke alarm,Fire extinguisher,Wifi,Dedicated workspace,Kitchen,Refrigerator,Microwave,Cooking basics,Dishes and silverware,Mini fridge,Dishwasher,Stove,Oven,Hot water kettle,Coffee maker,Wine glasses,Toaster,Baking sheet,Dining table,Coffee,Beach access,Patio or balcony,Backyard,Outdoor furniture,Free parking on premises,Free street parking,Pool,Luggage dropoff allowed,Long term stays allowed,Cleaning before checkout",,false,3,Strict,4:00 PM,9:00 AM,true,true,ISK,175,0,true,357,4.88,4.9,5.0,4.9,5.0,4.9,4.8,95350.0,1.2183968E7,276.5,35341.0,0.825,0.825,229.6,29354.0,229.6,29354.0,3.0,4.4,301,0,64,365,17857.0,2272295.0,226.3,28796.5,0.767,0.767,173.1,22031.1,173.1,22031.1,3.0,4.6,69,0,21,90
8299284,Private  and  spacious room,"Very bright and comfy family size room with a double bed and a private balcony that has access to the rest of the apartment, kitchen, bathroom and living room. The apartment is located in quiet  but central area and is in a walking distance from downtown.<br /><br /><b>The space</b><br />Spacious and comfy room with double bed and private balcony. It is in a downstairs apartment of a two-family home situated in nice neighbourhood but not far from the downtown city.<br />The biggest geothermally heated  swimming pool in Reykjavík is across the road and just right of the swimming pool is Reykjavik City hostel where the Flybus stops and all the tourist buses go from.<br /><br /><b>Guest access</b><br />The guest in the room have access to the rest of the apartment which is spacious and well equipped with everything that the quests might need, <br />Bathroom with shower and bathtub, an eat-in kitchen and a dining area in the big living room with a huge sofa and tv Access wireless network that is reliable. There is a big backyard that the guests can use if they want.<br /><br /><b>During your stay</b><br />The room is part of a family apartment where other friendly Icelanders live in. The guest can have as much privacy as they want but they have to share the rest of the apartment with three family members.<br /><br /><b>Registration Details</b><br />HG-00004960",Private room in townhouse,private_room,https://a0.muscache.com/im/pictures/airflow/Hosting-8299284/original/0bd03795-2d2f-4d5c-8cf2-47ddaa7fa2bf.jpg,16,"https://a0.muscache.com/im/pictures/airflow/Hosting-8299284/original/0bd03795-2d2f-4d5c-8cf2-47ddaa7fa2bf.jpg,https://a0.muscache.com/im/pictures/miso/Hosting-8299284/original/8708ce5a-84da-43e8-9dd5-f249e9536811.jpeg,https://a0.muscache.com/im/pictures/airflow/Hosting-8299284/original/b7f238ec-8465-4fed-8111-7281d4e119b8.jpg,https://a0.muscache.com/im/pictures/miso/Hosting-8299284/original/60e60bfd-2769-43f1-897f-dcff6c56ccae.jpeg,https://a0.muscache.com/im/pictures/airflow/Hosting-8299284/original/97dafb7d-9d81-47dd-9728-4f4c9b76eb0b.jpg,https://a0.muscache.com/im/pictures/miso/Hosting-8299284/original/933afc07-5e93-4ae8-8cad-9ef190ca50e5.jpeg,https://a0.muscache.com/im/pictures/airflow/Hosting-8299284/original/3c811ae5-10bd-4e07-8763-88d29b81ebf3.jpg,https://a0.muscache.com/im/pictures/airflow/Hosting-8299284/original/853f5e5f-bec8-4bff-87e9-c93932a4ecb7.jpg,https://a0.muscache.com/im/pictures/airflow/Hosting-8299284/original/1c387b9e-6cdb-46d3-be04-a7f0f8e2919a.jpg,https://a0.muscache.com/im/pictures/148437a7-83a3-4140-a150-bd3b86a111f8.jpg,https://a0.muscache.com/im/pictures/105661646/0f4c1761_original.jpg,https://a0.muscache.com/im/pictures/airflow/Hosting-8299284/original/3c0334b9-3c27-4da9-9c50-9f0a1e384c21.jpg,https://a0.muscache.com/im/pictures/airflow/Hosting-8299284/original/bf75fd86-c929-4cbe-a0db-0b16f0b6d19a.jpg,https://a0.muscache.com/im/pictures/airflow/Hosting-8299284/original/8c52a858-3ecd-4df5-96ab-4e287f7e8205.jpg,https://a0.muscache.com/im/pictures/airflow/Hosting-8299284/original/bc10495a-99ba-492c-8360-5d8d2f0ca126.jpg,https://a0.muscache.com/im/pictures/airflow/Hosting-8299284/original/51632a63-5a40-459b-8c42-13e516279298.jpg",6749251,Ásdís,"","",true,64.1462,-21.8826,,,1,0.0,true,"Bathtub,Hair dryer,Shampoo,Hot water,Washer,Dryer,Essentials,Hangers,Bed linens,Extra pillows and blankets,Room-darkening shades,Iron,Heating,Smoke alarm,Carbon monoxide alarm,Wifi,Kitchen,Refrigerator,Microwave,Cooking basics,Dishes and silverware,Dishwasher,Stove,Oven,Coffee maker,Patio or balcony,Backyard,Free parking on premises,Free street parking,Single level home,Luggage dropoff allowed,Cleaning before checkout",,false,1,Moderate,2:00 PM,11:00 AM,false,true,ISK,11,21,true,410,4.83,4.9,5.0,4.7,4.9,4.7,4.8,20395.0,2611002.0,98.1,12530.9,0.556,0.868,55.2,7061.4,86.0,11014.5,1.0,4.8,203,131,162,365,0.0,0.0,95.7,12180.5,0.0,0.0,0.0,0.0,0.0,0.0,1.0,0.0,0,83,90,90
8449476,Historic Villa in Downtown Reykjavik,"5 BEDROOMS | 2 ½ BATHROOMS | 10 GUESTS<br /><br />This 5 bedroom luxurious villa is the is ideal for both short and extended stays. <br /><br />The location is the best in Reykjavik, conveniently located just steps away from major attractions, top-tier restaurants, shops, entertainment venues, and landmarks. <br /><br />The villa is spacious, comfortable, luxurious and has been featured in international design magazines. <br /><br />It an old family house in the center of Reykjavik with a Chef’s Kitchen.<br /><br /><b>The space</b><br />✔ 5 Comfortable Bedrooms <br />✔ 3 Bathrooms<br />✔ Premium Beds <br />✔ High-Quality Linens <br />✔ Best location in Downtown Reykjavik <br />✔ Open-Plan Living Area <br />✔ Fully Equipped Chef’s Kitchen <br />✔ Private Garden <br />✔ Smart TV <br />✔ High-Speed Wi-Fi <br />✔ Free Private Parking Space<br /><br />Additional parking for multiple cars is available on the surrounding streets with paid parking enforced from 9 AM to 9 PM.<br /><br />Add-on services available:<br /><br />✔ Cleaning available during stay<br />✔ Kitchen pre-stoking<br />✔ Full breakfast service<br />✔ Dinner service<br /><br /><br />As you enter this expansive villa, you are greeted by a stylish and cozy living area, designed to complement its fantastic central location in Reykjavik. <br /><br />The fully equipped kitchen and adjacent dining area offer the perfect setting to prepare and enjoy meals with loved ones. <br /><br />The living room invites relaxation and memorable evenings. Large windows flood the space with natural light throughout the day, highlighting the wooden floors and enhancing the soothing ambiance.<br /><br />When it's time to rest, retreat to one of the five comfortable bedrooms, to ensure a restful night's sleep after a day of exploring.<br /><br />The private garden provides a unique opportunity to enjoy fresh air, relax, and take in the city views—a rare find in downtown Reykjavík.<br /><br />LIVING ROOM<br /><br />This spacious, inviting living room is perfect for relaxation. Settle into the comfortable sofa, enjoy a good book, or gather with family and friends to discuss your plans for the day.<br /><br />✔ Comfortable Sofa <br />✔ Lounge area<br />✔ Smart TV with Netflix<br /><br />KITCHEN & DINING<br /><br />The kitchen is fully equipped with top of the line appliances, suitable for any meal, whether a simple breakfast or a gourmet dinner. This chef’s kitchen, designed by the owner—a professional chef and cookbook author—has been featured in cooking shows, including the popular South Korean TV show \"Jinny’s Kitchen\" (season 2).<br /><br />✔ Chef’s Kitchen <br />✔ Gas Stove <br />✔ Two Ovens <br />✔ Toaster <br />✔ Large Refrigerator<br />✔ Freezer <br />✔ Dishwasher <br />✔ Coffee Maker (French Press and Nespresso) <br />✔ Hot Water Kettle <br />✔ Sink with Hot & Cold Water <br />✔ Cooking Utensils <br />✔ Essential Tableware <br />✔ Essential Cookware<br />✔ Glassware <br />✔ Silverware <br />✔ Pots & Pans<br />✔ Dining Table with Seating for 10 guests.<br /><br />BEDROOMS<br /><br />After an exciting day of city adventures, these comfortable bedrooms await to provide a restful night’s sleep.<br /><br />✔ Bedroom 1: Euro King Size Bed <br />✔ Bedroom 2: 2 Single Beds <br />✔ Bedroom 3: Euro King Size Bed <br />✔ Bedroom 4: 2 Single Beds <br />✔ Bedroom 5: 2 Single Beds<br /><br />Two bedrooms are on the main floor, and three are on the second floor. Please note that Bedroom #5 is a railroad style.<br /><br />✔ Premium Pillows, Linens, and Sheets <br />✔ Black-Out Shades <br />✔ Hangers and Shelves <br />✔ Nightstands with Reading Lights <br />✔ Travel Cot for Babies (Available Upon Request)<br /><br />BATHROOMS<br /><br />The villa includes three bathrooms: a large bathroom on the upper floor with a washer and dryer, a full bathroom on the main floor, and a half bathroom. Each bathroom is stocked with fresh towels and essential toiletries.<br /><br />✔ Vanity <br />✔ Mirror <br />✔ Luxury Toilet <br />✔ Rain forrest showers<br />✔ Shampoo <br />✔ Conditioner <br />✔ Towels <br />✔ Hair Dryer <br />✔ Essential Toiletries<br /><br /><b>Guest access</b><br />The villa is exclusively yours for the duration of your stay. Relax, unwind, and make yourself at home. But please note that there are two smaller units on the ground floor facing the street. <br /><br />Additional amenities include:<br /><br />✔ High-Speed Wi-Fi <br />✔ 24-Hour Self Check-In (Lockbox) <br />✔ Private garden<br />✔ Heating<br />✔ Washer/Dryer <br />✔ Iron/Board <br />✔ One Free Parking Spot<br /><br /><b>Other things to note</b><br />ABOUT THE PROPERTY<br /><br />The Villa is a landmark building in Reykjavik and an essential part of the city’s history. It has been carefully restored over the last few years where the focus has been on replacing as little as possible, paying homage to its historical and cultural significance.<br /><br />In 2019 the house received an award from the mayor of Reykjavik for outstanding renovations.<br /><br />OTHER THINGS TO NOTE:<br /><br />★ Please note that we are NOT interested in renting this property to loud drunken groups. <br /><br />★ Guests can not smoke inside the house nor vape. If guests need to smoke they are asked to use the street entrance - not the garden.<br /><br />★ As per Icelandic customs we take our shoes off. The floors are 140 years old wooden floors.<br /><br />★ Guests are asked to keep in mind that any water spillage can damage the floor so please be mindful of that.<br /><br />★ Please note that there are two smaller rental units in the basement.<br /><br />NO PARTIES/EVENTS<br /><br />Noise complaints will be taken seriously, and parties will result in a $2000 fine and immediate termination of the rental agreement. Respecting the neighbors is our top priority.<br /><br />The house should be quiet between 11PM - 7AM. It is a quiet family neighborhood, but if you are in the mood for a party, you are only a two minute walk away from Reykjavík's finest nightlife.<br /><br />Thank you for understanding.<br /><br /><b>Registration Details</b><br />REK-2021-028028",Entire villa,entire_home,https://a0.muscache.com/im/pictures/4643010e-a34c-4269-a758-2b7f44be6a94.jpg,38,"https://a0.muscache.com/im/pictures/4643010e-a34c-4269-a758-2b7f44be6a94.jpg,https://a0.muscache.com/im/pictures/006c3558-0ed9-4a4e-bdf1-ad3412962441.jpg,https://a0.muscache.com/im/pictures/5338ef54-a098-49cf-8b8d-f5e9a0499a53.jpg,https://a0.muscache.com/im/pictures/miso/Hosting-8449476/original/6899f444-ce85-46c2-8741-60479d2008c4.jpeg,https://a0.muscache.com/im/pictures/miso/Hosting-8449476/original/918b91c5-1e31-47e7-981d-ba1bb1ad2abb.jpeg,https://a0.muscache.com/im/pictures/41b3dfb4-2f6b-4d31-b954-bda577adbe5d.jpg,https://a0.muscache.com/im/pictures/fa675061-14e6-4031-a2a2-732d29df6d3d.jpg,https://a0.muscache.com/im/pictures/5259267e-a8eb-4a65-a384-3bde4f1f3bd1.jpg,https://a0.muscache.com/im/pictures/2172e8e4-195a-4a08-a2e0-03bb7509ef23.jpg,https://a0.muscache.com/im/pictures/1a30ef8d-92db-4859-ab03-443b36655636.jpg,https://a0.muscache.com/im/pictures/4638b10b-21e4-4a2d-94c0-56eb9182c5a2.jpg,https://a0.muscache.com/im/pictures/1433d240-b966-4aa7-a113-1effde689897.jpg,https://a0.muscache.com/im/pictures/miso/Hosting-8449476/original/8a012c98-a92c-475b-b0e9-2e6f753e5ba3.jpeg,https://a0.muscache.com/im/pictures/miso/Hosting-8449476/original/2dbacc2b-28f3-4d54-a795-adb02344f114.jpeg,https://a0.muscache.com/im/pictures/miso/Hosting-8449476/original/f3dc3053-4a56-4880-9688-aa01a4aa53aa.jpeg,https://a0.muscache.com/im/pictures/miso/Hosting-8449476/original/b01b0417-820a-479e-ac70-27d53667c701.jpeg,https://a0.muscache.com/im/pictures/miso/Hosting-8449476/original/b1d3ca6b-8ea0-4dc7-bbe5-caa162500cce.jpeg,https://a0.muscache.com/im/pictures/miso/Hosting-8449476/original/15be5545-e284-46ef-b5f8-24b678789f07.jpeg,https://a0.muscache.com/im/pictures/miso/Hosting-8449476/original/57cc6455-a28c-4e69-989e-bfce89c6345a.jpeg,https://a0.muscache.com/im/pictures/miso/Hosting-8449476/original/dd214d53-3469-433a-945d-86147d2c1924.jpeg,https://a0.muscache.com/im/pictures/ca24fcce-a933-49a6-bd40-f4c2a9d7dcdc.jpg,https://a0.muscache.com/im/pictures/18ac8914-f133-403c-83e5-6930dbad53de.jpg,https://a0.muscache.com/im/pictures/miso/Hosting-8449476/original/79bcf6d0-e0c9-4d1e-97a5-6730bab165da.jpeg,https://a0.muscache.com/im/pictures/miso/Hosting-8449476/original/16e867d7-73d1-4755-8bae-cd71ac369c9c.jpeg,https://a0.muscache.com/im/pictures/miso/Hosting-8449476/original/48ac5ab3-71c9-43bb-a104-09936fc60ad5.jpeg,https://a0.muscache.com/im/pictures/miso/Hosting-8449476/original/f37a1d43-f1b1-409e-8071-9a165a1f0074.jpeg,https://a0.muscache.com/im/pictures/miso/Hosting-8449476/original/7fb0a9e6-ce47-4024-bb23-cc0aa2932334.jpeg,https://a0.muscache.com/im/pictures/miso/Hosting-8449476/original/366c0fd4-7b75-46c9-b296-a04b82ed4be4.jpeg,https://a0.muscache.com/im/pictures/miso/Hosting-8449476/original/83a56062-8daf-4a0b-b590-2703d18a1da6.jpeg,https://a0.muscache.com/im/pictures/miso/Hosting-8449476/original/f6e21a57-8c18-4bd7-a840-ac2245615f23.png,https://a0.muscache.com/im/pictures/miso/Hosting-8449476/original/721a0e75-348c-4f18-8044-3581712de95e.jpeg,https://a0.muscache.com/im/pictures/miso/Hosting-8449476/original/e99c84d6-dbb6-4ce0-bf24-61a71a7811f2.png,https://a0.muscache.com/im/pictures/miso/Hosting-8449476/original/b01ec82b-cc12-4bbc-a7c8-1830b3d1a3d8.png,https://a0.muscache.com/im/pictures/miso/Hosting-8449476/original/bc3b145e-1960-40bc-a9ec-da99e77c407f.png,https://a0.muscache.com/im/pictures/miso/Hosting-8449476/original/6b9e2ef5-a388-4fe2-8c48-f5b2c0370b3c.png,https://a0.muscache.com/im/pictures/miso/Hosting-8449476/original/c9c93551-1029-48f9-b14b-441e224be571.png,https://a0.muscache.com/im/pictures/hosting/Hosting-U3RheVN1cHBseUxpc3Rpbmc6ODQ0OTQ3Ng%3D%3D/original/875bf3f7-fa2d-4a15-a71a-7acbc4aaf000.jpeg,https://a0.muscache.com/im/pictures/hosting/Hosting-U3RheVN1cHBseUxpc3Rpbmc6ODQ0OTQ3Ng%3D%3D/original/8af28891-5806-4a64-8723-77258a2fb3dd.jpeg",44482105,Thora,136177905,Völundur,true,64.1463,-21.9363,10,5,8,2.5,true,"Wifi,Hair dryer,Shampoo,Hot water,Washer,Dryer,Essentials,Hangers,Iron,TV,Crib,Pack ’n play/Travel crib,High chair,Board games,Indoor fireplace,Heating,Exterior security cameras on property,Smoke alarm,Carbon monoxide alarm,Fire extinguisher,First aid kit,Wifi,Dedicated workspace,Kitchen,Refrigerator,Cooking basics,Dishes and silverware,Coffee maker,Patio or balcony,Backyard,Outdoor furniture,Outdoor dining area,BBQ grill,Free parking on premises",,false,2,Strict,3:00 PM,11:00 AM,true,false,ISK,177,0,true,172,4.92,4.8,4.9,5.0,4.9,5.0,4.7,233138.0,2.9684639E7,1568.6,200512.5,0.367,0.367,620.8,79044.6,620.8,79044.6,2.0,3.5,134,0,231,365,29368.0,3737069.0,1435.5,182664.2,0.211,0.211,312.5,39771.2,312.5,39771.2,1.7,2.7,19,0,71,90
8485555,Fabulous Penthouse Apartment in the Heart of Reykjavik,"This fabulous penthouse apartment is on the 4th floor with an incredible oceanview over the old harbor. Our apartment is located in downtown, the best location possible location in Reykjavik. <br />The 200 m2 apartment is with amazing view of the old harbor and Hallgrímskirkja. <br />The kitchen is open and fully equipped with all the kitchen appliances you need. Dishwasher, coffee machine etc. Adjoining the kitchen is the dining area with a very large table for up to 20 people where you can enjoy the expectacular view. <br />Along the dining area is one of the living rooms decorated with comfortable but stylish furniture's. The other living room big sofa, TV and walkable to the balcony. The balcony is very spacious with great view over the midtown and Hallgrímskirkja<br />The apartment has three bedrooms are approx. 25 fm2 with queen size beds and spacious closets. All bedrooms have smartTV and private bathrooms with showers. <br />There is heat in the floor, very high ceilings and the apartment is located on the 4th floor with very nice neighbours. On the first floor is an art Gallery.<br />You will have access to all you might need, free WIFI, clean towels and necessities for cooking, oil, sugar, coffee, spices etc. <br />The check out time is at 12:00 noon and check in at 15:00 or later if you wish. This is the common rule but we take other times into consideration if requested.<br />We are very hospitable and friendly owners so please do not hesitate to contact us.<br /><br />Set in the city centre by the old harbor, the flat is a stone’s throw away from the Reykjavik Art Museum and The National Gallery of Iceland, as well as shops and cafes. Take a stroll along the Sculpture and Shore Walk, then stop at Kopar for dinner.<br /><br /><b>The space</b><br />This fabulous penthouse apartment is on the 4th floor with an incredible oceanview over the old harbor. Our apartment is located in downtown, the best location possible location in Reykjavik. <br />The 200 m2 apartment is with amazing view of the old harbor and Hallgrímskirkja. <br />The kitchen is open and fully equipped with all the kitchen appliances you need. Dishwasher, coffee machine etc. Adjoining the kitchen is the dining area with a very large table for up to 20 people where you can enjoy the expectacular view. <br />Along the dining area is one of the living rooms decorated with comfortable but stylish furniture's. The other living room big sofa, TV and walkable to the balcony. The balcony is very spacious with great view over the midtown and Hallgrímskirkja<br />The apartment has three bedrooms are approx. 25 fm2 with queen size beds and spacious closets. All bedrooms have smartTV and private bathrooms with showers. <br />There is heat in the floor, very high ceilings and the apartment is located on the 4th floor with very nice neighbours. On the first floor is an art Gallery.<br />You will have access to all you might need, free WIFI, clean towels and necessities for cooking, oil, sugar, coffee, spices etc. <br />The check out time is at 12:00 noon and check in at 15:00 or later if you wish. This is the common rule but we take other times into consideration if requested.<br />We are very hospitable and friendly owners so please do not hesitate to contact us.",Entire rental unit,entire_home,https://a0.muscache.com/im/pictures/47b19bd4-3c02-486d-b32b-926e79f79f36.jpg,41,"https://a0.muscache.com/im/pictures/47b19bd4-3c02-486d-b32b-926e79f79f36.jpg,https://a0.muscache.com/im/pictures/6155ac70-9a3f-47cb-8065-f10f52fb2131.jpg,https://a0.muscache.com/im/pictures/f2617879-c72a-4d15-b8bb-45a564154d06.jpg,https://a0.muscache.com/im/pictures/e60c84bc-8342-4c14-b33e-a304f8c24752.jpg,https://a0.muscache.com/im/pictures/cb1065a1-015c-4dac-b332-7934e050f0ad.jpg,https://a0.muscache.com/im/pictures/fe6897ca-365a-4570-bab2-0849334f5d90.jpg,https://a0.muscache.com/im/pictures/a27d7a46-f7f6-44b9-86ae-a4a6c4662da1.jpg,https://a0.muscache.com/im/pictures/f3ceac37-bcbe-47ec-bf59-8deefbb5642f.jpg,https://a0.muscache.com/im/pictures/27af67a7-fad4-4179-b300-7632bcb7e7f0.jpg,https://a0.muscache.com/im/pictures/27024da1-66eb-4f04-b106-9e358c0e3f14.jpg,https://a0.muscache.com/im/pictures/4f3f672d-9fea-470f-9504-190585a7cc9e.jpg,https://a0.muscache.com/im/pictures/83bdf645-7916-427a-b39d-f6e6f0d7cbb4.jpg,https://a0.muscache.com/im/pictures/2c00fbe0-2c06-471d-84d6-4f5c7763227e.jpg,https://a0.muscache.com/im/pictures/9111352b-ad97-4761-8eb7-765fe1803e19.jpg,https://a0.muscache.com/im/pictures/9cd93655-784c-47a2-a5ad-6301fa4c7a30.jpg,https://a0.muscache.com/im/pictures/cd064eb2-ccc7-4e8f-aee0-a1d2885ea541.jpg,https://a0.muscache.com/im/pictures/71f6732d-41ec-4856-885a-2da85227eb95.jpg,https://a0.muscache.com/im/pictures/36bf1fb0-7ace-4289-8f62-a5ad3844b850.jpg,https://a0.muscache.com/im/pictures/502f9740-7aa8-4db0-9106-645cbda73437.jpg,https://a0.muscache.com/im/pictures/c5cf7d68-6aae-4a74-bf89-6520dda22fc2.jpg,https://a0.muscache.com/im/pictures/982992e9-9bbe-40e6-bba0-862f12562fb1.jpg,https://a0.muscache.com/im/pictures/a07087bd-41bc-4e3f-bff4-e97eec255d1d.jpg,https://a0.muscache.com/im/pictures/7d207584-6b9f-4b7f-89bf-9f53dc287b04.jpg,https://a0.muscache.com/im/pictures/30c8e4db-5588-4fb1-a7b6-faf0f7761869.jpg,https://a0.muscache.com/im/pictures/4bf177da-9d64-4e1f-bb04-dd2819651611.jpg,https://a0.muscache.com/im/pictures/510bb104-dd1e-4ede-a379-09fa4cc01433.jpg,https://a0.muscache.com/im/pictures/02f58f45-3379-45df-b730-b7f13c57e3ad.jpg,https://a0.muscache.com/im/pictures/18da1b82-78d4-4bb0-a1df-b3f0c3425a81.jpg,https://a0.muscache.com/im/pictures/1092bdfa-c6b1-474c-9694-4079c58cbefc.jpg,https://a0.muscache.com/im/pictures/defeeade-b367-4f1f-a853-fdf8ebf9cb3a.jpg,https://a0.muscache.com/im/pictures/fa590941-dc37-4ed7-b4f5-216c6ec7eda1.jpg,https://a0.muscache.com/im/pictures/76c40bf8-c7a1-44fd-8c61-723e7e3b8a39.jpg,https://a0.muscache.com/im/pictures/30a136ea-1ebf-4b46-90a6-b6c8402511ce.jpg,https://a0.muscache.com/im/pictures/77d16db0-18d1-4431-a5d7-453e74684831.jpg,https://a0.muscache.com/im/pictures/37dcad18-18bb-493c-8586-9d02c92a6a8a.jpg,https://a0.muscache.com/im/pictures/f199cdfc-6e44-4cb2-ae32-9053c4fb21ba.jpg,https://a0.muscache.com/im/pictures/bf097633-10e8-4f67-bcb1-5f3ffb140d08.jpg,https://a0.muscache.com/im/pictures/f9b403c4-63a4-4621-be5b-1238ad761a93.jpg,https://a0.muscache.com/im/pictures/8b7b7be9-4906-4883-abf7-578a4afd7df5.jpg,https://a0.muscache.com/im/pictures/7d663df9-b179-45d6-8fa9-aa4eed299994.jpg,https://a0.muscache.com/im/pictures/9fb19e4d-84d2-4088-a3b8-b20777fccb4f.jpg",44690942,Ásdís/Þórhalla,"","",true,64.1502,-21.9442,6,3,4,3.0,false,"Hair dryer,Cleaning products,Shampoo,Conditioner,Body soap,Hot water,Shower gel,Washer,Dryer,Essentials,Hangers,Bed linens,Extra pillows and blankets,Room-darkening shades,Iron,Drying rack for clothing,Clothing storage,TV,Books and reading material,Pack ’n play/Travel crib,High chair,Heating,Smoke alarm,Carbon monoxide alarm,Fire extinguisher,First aid kit,Wifi,Kitchen,Refrigerator,Microwave,Cooking basics,Dishes and silverware,Freezer,Dishwasher,Stove,Oven,Hot water kettle,Coffee maker,Wine glasses,Toaster,Dining table,Coffee,Patio or balcony,Outdoor furniture,Elevator,Paid parking off premises,Single level home,Luggage dropoff allowed,Long term stays allowed",,false,2,Flexible,3:00 PM,12:00 PM,true,false,ISK,234,0,true,421,4.98,5.0,5.0,5.0,4.9,5.0,4.9,195824.0,2.4970201E7,842.1,107586.6,0.595,0.595,496.1,63272.1,496.1,63272.1,2.0,3.1,217,0,148,365,36844.0,4688390.0,974.0,123938.6,0.4,0.4,386.0,49115.6,386.0,49115.6,2.0,3.3,36,0,54,90
8794330,"Downtown-New-Design-Studio-Apartment\"free parking\"","The studio is in the basement on a separate and private part of a four floor building. The house is in front of a primary school which I love because it is so alive when the children go out to play. The school started at 08:30 and you might hear the bell ringing and children and parents coming to school.<br /><br />Free public parking across the street.<br /><br /><b>The space</b><br />New 30m2 Studio Apartment for 2 people. Designed by Italian architects 2015.<br /> very comfortable bed, computer, and high-speed wireless internet, fully equipped kitchen, heat in the floors, very nice shower with high water pressure and enough hot water.<br /><br /><b>Guest access</b><br />The apartment is new and has a very comfortable bed, computer, and high-speed wireless internet, fully equipped kitchen, heat in the floors, very nice shower with high water pressure and enough hot water. There is a thermostat that allows you to adjust the heat as needed. The apartment is in the basement but has a very big window which is protected with a film that prevents people to look inside while you have the curtain up, so it is very private.<br /><br /><b>Other things to note</b><br />As it is at street level you might also hear cars passing by, and people talking while walking.<br /><br /><b>Registration Details</b><br />REK-2021-013070",Entire rental unit,entire_home,https://a0.muscache.com/im/pictures/955f9666-5b64-438e-8bac-5eabf3c8fc1d.jpg,37,"https://a0.muscache.com/im/pictures/955f9666-5b64-438e-8bac-5eabf3c8fc1d.jpg,https://a0.muscache.com/im/pictures/e4d19ed6-bc25-428d-9228-026aa47d77e7.jpg,https://a0.muscache.com/im/pictures/afce1f42-6b18-4ede-b8c7-6241b595bc2e.jpg,https://a0.muscache.com/im/pictures/716f9c87-e64e-43e1-ae5d-265159c7c2f5.jpg,https://a0.muscache.com/im/pictures/2ac8976b-82fc-491f-a4cf-16487520f6f5.jpg,https://a0.muscache.com/im/pictures/666fd35f-f05d-4a6e-98c4-2f79e62fe9ea.jpg,https://a0.muscache.com/im/pictures/ee709bad-5daa-4be8-a0ec-5f5ebbc5e304.jpg,https://a0.muscache.com/im/pictures/bf164e88-7620-4bb5-9438-2880e01992e5.jpg,https://a0.muscache.com/im/pictures/5a587a0a-6723-4785-9ec1-2456f4df1878.jpg,https://a0.muscache.com/im/pictures/bedea525-41b5-40dd-8365-350b5d249d2d.jpg,https://a0.muscache.com/im/pictures/7dc9c36b-214e-4e63-8f83-39ccf9ccb893.jpg,https://a0.muscache.com/im/pictures/c900fa86-03e7-4e19-af17-6ca3154dea7f.jpg,https://a0.muscache.com/im/pictures/68885362-6a98-4781-a795-1f22ebf2436c.jpg,https://a0.muscache.com/im/pictures/029fd93c-4afc-425c-9e8f-065d8f4155f0.jpg,https://a0.muscache.com/im/pictures/6852a2d0-d026-45cd-9d70-f28fa72dac86.jpg,https://a0.muscache.com/im/pictures/43ce7922-77a0-4eaa-ad15-c88ee811319d.jpg,https://a0.muscache.com/im/pictures/111691562/d2fc246d_original.jpg,https://a0.muscache.com/im/pictures/1ee166f3-e665-41f4-be65-23bf7bb4a560.jpg,https://a0.muscache.com/im/pictures/111691293/33f15af0_original.jpg,https://a0.muscache.com/im/pictures/111691312/bec62027_original.jpg,https://a0.muscache.com/im/pictures/111691389/1bebe2b3_original.jpg,https://a0.muscache.com/im/pictures/111691415/46485ef6_original.jpg,https://a0.muscache.com/im/pictures/111691431/20f7d861_original.jpg,https://a0.muscache.com/im/pictures/111691457/4bc646e0_original.jpg,https://a0.muscache.com/im/pictures/111691495/3443d5fb_original.jpg,https://a0.muscache.com/im/pictures/111691500/6923edd9_original.jpg,https://a0.muscache.com/im/pictures/111691528/d191ac8b_original.jpg,https://a0.muscache.com/im/pictures/111691610/9d7a1208_original.jpg,https://a0.muscache.com/im/pictures/111691655/2104af03_original.jpg,https://a0.muscache.com/im/pictures/50e6d12a-9b5d-44d9-8d0c-27e6df76a4c8.jpg,https://a0.muscache.com/im/pictures/849306f2-946d-4ed4-891f-cf2d537ab3a8.jpg,https://a0.muscache.com/im/pictures/7d4c70e2-7f05-4bd2-8950-c8b717d890dd.jpg,https://a0.muscache.com/im/pictures/037b75cc-b120-4a0a-a8c8-ab8cc006681c.jpg,https://a0.muscache.com/im/pictures/bb9d10cb-abbe-4ec0-9dcf-73884cbdec24.jpg,https://a0.muscache.com/im/pictures/3e4f681a-ab0b-4a15-95df-c21f4d5d126e.jpg,https://a0.muscache.com/im/pictures/e459920d-585a-4b44-a91c-3db577496e98.jpg,https://a0.muscache.com/im/pictures/5a8621fa-493a-4d18-8c43-ea14c141db56.jpg",6413199,Maria,"","",true,64.1499,-21.9573,2,1,1,1.0,true,"Hair dryer,Cleaning products,Shampoo,Body soap,Hot water,Shower gel,Essentials,Hangers,Bed linens,Extra pillows and blankets,Room-darkening shades,Iron,Drying rack for clothing,Clothing storage,Ethernet connection,Books and reading material,Crib,Pack ’n play/Travel crib,High chair,Window guards,Board games,Heating,Smoke alarm,Carbon monoxide alarm,Fire extinguisher,First aid kit,Wifi,Dedicated workspace,Kitchen,Refrigerator,Microwave,Cooking basics,Dishes and silverware,Stove,Hot water kettle,Coffee maker,Wine glasses,Toaster,Dining table,Coffee,Private entrance,Laundromat nearby,Free street parking,Single level home,Luggage dropoff allowed,Long term stays allowed",,false,1,Moderate,4:00 PM,10:00 AM,true,true,ISK,0,0,true,1021,4.82,4.9,4.9,4.9,4.9,4.8,4.7,65110.0,8313483.0,207.8,26546.7,0.838,0.838,178.4,22776.7,178.4,22776.7,1.0,1.4,306,0,59,365,12800.0,1628795.0,171.2,21783.7,0.822,0.822,142.2,18097.7,142.2,18097.7,1.0,1.5,74,0,16,90
8993501,Downtown apartment in city center,,Entire rental unit,entire_home,https://a0.muscache.com/im/pictures/2c7fb40a-d33f-46af-859e-5e695fc8ccce.jpg,27,,16351678,Arnór,"","",true,64.1429,-21.9231,6,2,2,1.0,false,"TV,Cable TV,Wifi,Kitchen,Hot water kettle,Conditioner,Laundromat nearby,Heating,Paid parking on premises,Clothing storage,Wine glasses,Smoke alarm,Carbon monoxide alarm,First aid kit,Fire extinguisher,Essentials,Shampoo,Hangers,Hair dryer,Iron,Freezer,Private entrance,Sound system,Baby bath,Children’s books and toys,Crib,Pack ’n play/Travel crib,Children’s dinnerware,Hot water,Bed linens,Extra pillows and blankets,Microwave,Coffee maker,Refrigerator,Dishwasher,Dishes and silverware,Cooking basics,Oven,Stove,Patio or balcony,Luggage dropoff allowed,Long term stays allowed,Cleaning before checkout,Toaster",,false,2,Strict,,,,,ISK,0,0,,27,4.85,4.9,4.9,4.7,5.0,5.0,4.8,20423.0,2598818.0,537.9,68768.7,0.11,0.138,56.0,7120.0,70.4,8961.4,2.0,2.4,40,75,325,365,14779.0,1880621.0,495.6,63062.1,0.333,0.349,164.2,20895.8,171.8,21867.7,2.0,2.7,30,4,60,90
9023967,The Warm & Bright Downtown Apartment,"This bright and warm apartment is located right in the central of Reykjavik. 1 min walk to the main street. Two bedrooms with double or twin bed setup each. Fully equipped kitchen. Supermarket across the street.<br /><br /><b>The space</b><br />Located in the older part of Reykjavik's city center, this apartment is equipped to make your stay as pleasant as possible.  <br /><br />Two double bedrooms, with ample closet space and hangers, which both can be made as twin bedrooms. Baby crib available upon request.<br /><br />The living room is bright and open.  It has a TV and a radio as well as chairs and sofa. <br /><br />The dining area seats six and the kitchen is fully equipped.  Salt/pepper, sugar and coffee available. The balcony can be reached from the kitchen.<br /><br />The bathroom has a shower and most of the toiletries (q-tips, cotton pads, soap and shampoo) as well as a hairdryer, a washing machine, a laundry rack and a bin for used towels.",Entire apartment,entire_home,https://a0.muscache.com/im/pictures/d49ba27d-6bfc-4c58-b0c5-37dedef61b99.jpg,29,"https://a0.muscache.com/im/pictures/d49ba27d-6bfc-4c58-b0c5-37dedef61b99.jpg,https://a0.muscache.com/im/pictures/b68f4ee8-896f-40bf-b6c4-79b6ce949523.jpg,https://a0.muscache.com/im/pictures/a22e69c6-2d8a-4e5e-a395-4dbc7cb9f4a0.jpg,https://a0.muscache.com/im/pictures/0897a691-6e3c-4265-bf3b-e77d21645c36.jpg,https://a0.muscache.com/im/pictures/3eaefd21-badc-4378-8e08-44a8444cb702.jpg,https://a0.muscache.com/im/pictures/737a6f0c-4171-4586-a4e9-a23a3d78f5f1.jpg,https://a0.muscache.com/im/pictures/47f529bb-8367-4c49-9e85-c5e76575b576.jpg,https://a0.muscache.com/im/pictures/75635375-2f8b-4cb2-b792-b95d5bfb9117.jpg,https://a0.muscache.com/im/pictures/1daf40d7-902f-464a-b642-cfb38441222f.jpg,https://a0.muscache.com/im/pictures/925afe7e-163b-4806-a5d2-572c281c01e0.jpg,https://a0.muscache.com/im/pictures/488d7ec5-9c26-4e73-8a31-6c1dafc0f925.jpg,https://a0.muscache.com/im/pictures/9ad7e934-04ae-4743-99e0-5aa02a0642f0.jpg,https://a0.muscache.com/im/pictures/a355a7d2-860f-4833-9d3c-267a0eeabc23.jpg,https://a0.muscache.com/im/pictures/618c8fe6-d62d-40a7-b35d-8674e4ce22a1.jpg,https://a0.muscache.com/im/pictures/ad529c16-fb45-4d8c-aef1-8405f2fbf2e6.jpg,https://a0.muscache.com/im/pictures/484af609-4805-4039-b412-402f587c0cc6.jpg,https://a0.muscache.com/im/pictures/405f98c6-c0d1-449d-bc30-c65bd52b92be.jpg,https://a0.muscache.com/im/pictures/c0ff6c1b-b3f0-4f8f-a8ee-2abf5e7f979d.jpg,https://a0.muscache.com/im/pictures/75fd8382-3b41-483a-af4c-02695244ddc2.jpg,https://a0.muscache.com/im/pictures/27c44f31-17a0-4ce4-a950-6f150792bdb4.jpg,https://a0.muscache.com/im/pictures/14236afe-16a5-489a-9c67-d8715a086eb8.jpg,https://a0.muscache.com/im/pictures/49873616-ace0-443a-bf09-dfb18720d05b.jpg,https://a0.muscache.com/im/pictures/5c7d91ae-6f21-422f-a5ba-15e6d7f04e46.jpg,https://a0.muscache.com/im/pictures/37df94e5-d882-4260-be7f-73b2769dbf67.jpg,https://a0.muscache.com/im/pictures/a45afdb5-a99d-47df-a098-b8a98c5e1ceb.jpg,https://a0.muscache.com/im/pictures/b6790967-6fe4-4b16-a0fa-e41c2a4af0ce.jpg,https://a0.muscache.com/im/pictures/334bd035-55ca-4081-876e-3f1bcb69c569.jpg,https://a0.muscache.com/im/pictures/e59fb5d7-3fbf-4972-9907-893b3a68c720.jpg,https://a0.muscache.com/im/pictures/52650362-ebca-4c3f-9c8a-dae39ff113fc.jpg",38369089,⁨A.R.⁩,"","",true,64.1472,-21.9326,4,2,4,1.0,false,"Hair dryer,Shampoo,Hot water,Washer,Essentials,Hangers,TV,Crib,High chair,Heating,Smoke alarm,Fire extinguisher,First aid kit,Wifi,Kitchen,Refrigerator,Microwave,Cooking basics,Dishes and silverware,Stove,Oven,Coffee maker,Private entrance,Patio or balcony,Paid parking on premises,Long term stays allowed",,false,2,Moderate,3:00 PM,11:00 AM,true,false,ISK,57,0,true,361,4.92,5.0,5.0,4.9,5.0,5.0,4.9,61233.0,7813521.0,265.0,33883.3,0.603,0.603,161.0,20552.4,161.0,20552.4,2.0,4.3,220,0,145,365,16202.0,2061696.0,257.0,32704.6,0.667,0.667,171.8,21860.1,171.8,21860.1,2.0,3.2,60,0,30,90
9540749,Top Floor with ocean view close to city center,"Lovely 2 bedroom apartment close to city center with an ocean view that us super beautiful. In the summers you can see the sunsets on the ocean and winter you can see northern lights from the balcony. Everything you need is close by, restaurants, parks, the ocean strip. The apartment has everything you need :)<br /><br /><b>Registration Details</b><br />HG-00014895",Entire condo,entire_home,https://a0.muscache.com/im/pictures/miso/Hosting-9540749/original/95638b2f-c68a-41e3-b27b-e9bd6aec1782.jpeg,9,"https://a0.muscache.com/im/pictures/miso/Hosting-9540749/original/95638b2f-c68a-41e3-b27b-e9bd6aec1782.jpeg,https://a0.muscache.com/im/pictures/miso/Hosting-9540749/original/417cea52-8607-43d9-8a8f-1df4f7fe85a5.jpeg,https://a0.muscache.com/im/pictures/miso/Hosting-9540749/original/a7dfe9a5-17f9-4703-8017-f476877d89f5.jpeg,https://a0.muscache.com/im/pictures/miso/Hosting-9540749/original/35b6b1a3-2416-4048-a08b-ff23e5426a6e.jpeg,https://a0.muscache.com/im/pictures/miso/Hosting-9540749/original/1d408daf-b9d2-439d-99c0-796c15ed32b3.jpeg,https://a0.muscache.com/im/pictures/miso/Hosting-9540749/original/124f0a98-8738-42c6-b544-34184890593e.jpeg,https://a0.muscache.com/im/pictures/miso/Hosting-9540749/original/2860c777-b96e-4c15-9c8a-57b8b209039c.jpeg,https://a0.muscache.com/im/pictures/miso/Hosting-9540749/original/0dd8ec92-697f-46a4-8401-8b74843d0a0e.jpeg,https://a0.muscache.com/im/pictures/miso/Hosting-9540749/original/ed608f10-0984-41ac-8092-db4757502b5d.jpeg",38751528,Ingvar,"","",false,64.1464,-21.8923,4,2,2,1.0,true,"Pets allowed,TV,Cable TV,Smoking allowed,Hair dryer,Cleaning products,Hot water,Washer,Essentials,Hangers,Bed linens,Room-darkening shades,Iron,Drying rack for clothing,Clothing storage,Ethernet connection,TV,Sound system,Game console,Books and reading material,Board games,Air conditioning,Heating,Smoke alarm,Fire extinguisher,Wifi,Kitchen,Refrigerator,Microwave,Cooking basics,Dishes and silverware,Freezer,Dishwasher,Stove,Oven,Hot water kettle,Coffee maker,Wine glasses,Toaster,Blender,Dining table,Coffee,Beach access,Patio or balcony,Free parking on premises,Free street parking,Long term stays allowed",,false,4,Firm,,12:00 PM,true,false,ISK,49,0,true,6,5.0,5.0,5.0,4.7,5.0,4.7,4.8,14786.0,1881508.0,340.8,43591.7,0.112,0.117,38.6,4915.7,40.4,5141.0,4.0,2.7,41,16,324,365,2161.0,274986.0,332.8,42345.9,0.067,0.067,22.4,2847.6,22.4,2847.6,4.0,2.0,6,0,84,90
9583086,Downtown loft apartment with seaview,"Nest top floor apartment has a balcony and great view to Mount Esja.<br />The apartment is in a residential area in the centre of Reykjavik.<br />This apartment is fully licenced for short term leasing.<br /><br /><b>The space</b><br />Your perfect place to stay in Reykjavik, Nest Reykjavik Apartments is a charming apartment house in the centre of Reykjavik with 4 apartments, one on each floor with different combinations of rooms, with modern and nostalgic decor.<br />This apartment has great views and a balcony as a special bonus.<br /><br /><b>Guest access</b><br />The apartment is entirely for your use only.",Entire rental unit,entire_home,https://a0.muscache.com/im/pictures/fcf348f1-b29c-482f-96af-43254b87460a.jpg,17,"https://a0.muscache.com/im/pictures/fcf348f1-b29c-482f-96af-43254b87460a.jpg,https://a0.muscache.com/im/pictures/miso/Hosting-9583086/original/5ee13054-c8d0-4d5d-b7b8-3ce0098f2230.jpeg,https://a0.muscache.com/im/pictures/8cc19404-c3bb-4b24-ad26-2c11964e2b0b.jpg,https://a0.muscache.com/im/pictures/a291989a-a282-4d4d-88f1-343bdb1025c4.jpg,https://a0.muscache.com/im/pictures/19b7e1da-d10e-44be-bba3-67a940b2cfe4.jpg,https://a0.muscache.com/im/pictures/d4b7e264-de5e-444e-adac-29bf8710aead.jpg,https://a0.muscache.com/im/pictures/miso/Hosting-9583086/original/aa41f636-010f-44f8-89c4-13055556dcb8.jpeg,https://a0.muscache.com/im/pictures/32576ec1-c739-4426-bab3-748839efe4f3.jpg,https://a0.muscache.com/im/pictures/96655bbe-643b-4607-ab16-5c80b15724e6.jpg,https://a0.muscache.com/im/pictures/e6f74c70-0a10-4813-8051-ad90795f5160.jpg,https://a0.muscache.com/im/pictures/3eabd01d-5a77-4e25-bb3b-ba5788ccf0f8.jpg,https://a0.muscache.com/im/pictures/2ce8f879-7115-4f82-ab7d-0e17612cea0f.jpg,https://a0.muscache.com/im/pictures/miso/Hosting-9583086/original/e2a21e7f-fd47-4ad3-a4f5-249b33173b08.jpeg,https://a0.muscache.com/im/pictures/cad0eff7-07dc-4b83-b624-2faf3838771c.jpg,https://a0.muscache.com/im/pictures/12fae63a-8ac2-4ae4-829a-2d4fc79f00aa.jpg,https://a0.muscache.com/im/pictures/656ff356-b375-4440-872c-8946f13d2c1a.jpg,https://a0.muscache.com/im/pictures/miso/Hosting-9583086/original/0e95e952-6544-45c3-b6e1-f98aae45f0a7.jpeg",4529076,Björn,"","",true,64.1432,-21.9246,2,1,1,1.0,false,"Hair dryer,Shampoo,Hot water,Washer,Dryer,Essentials,Hangers,Bed linens,Extra pillows and blankets,Iron,Ethernet connection,TV,Crib,Pack ’n play/Travel crib,Heating,Smoke alarm,Carbon monoxide alarm,Fire extinguisher,Wifi,Kitchen,Refrigerator,Microwave,Cooking basics,Dishes and silverware,Dishwasher,Stove,Oven,Coffee maker,Patio or balcony,Paid parking on premises,Luggage dropoff allowed",,false,2,Firm,2:00 PM,11:00 AM,true,true,ISK,133,0,true,121,4.98,5.0,4.9,5.0,5.0,5.0,4.9,43637.0,5571681.0,273.4,34965.7,0.364,0.438,106.8,13642.0,128.2,16379.4,2.0,3.2,133,61,232,365,671.0,85385.0,245.2,31204.4,0.022,0.044,6.0,760.7,12.0,1521.4,2.0,1.0,2,45,88,90
9584700,"Room, Bright flat!City center 12 mins walk,Sea2min","We have licence to rent out our flat to tourists.<br />ONE Bedroom SHARING (with 2 other bedrooms) the top floor: Living area (sofa, microwave oven, fridge, mini grill oven, ONE cooking plate, kettle, coffee maker)- No real cooking possible. Bathroom (shower+bathtub). Sunset balconies with view to the Sea. Two mins walk to pool with jacuzzi, sauna and steam bath,  Sea 2 mins walk! City center 12 mins walk! This top floor was built in year 2008!<br /><br /><b>The space</b><br />ONE bedroom SHARING (with 2 rooms): Living area (sofa, microwave oven, fridge, mini grill oven, cooking plate, kettle)-Bathroom(shower+bathtub) Sunset balconies with view to the sea-Pool: 2 mins walk, 2 mins walk to the sea! City center 15 mins walk!<br />This top floor was built 2008 so everything is new up there. We have a home on two floors and at the moment we have no need for the upper floor as two of our four children has moved away from home.  That is why we rent this room and two other rooms on the same floor. We live down stairs and rent the upper floor. It is not a  flat just the upper floor of our home and that is why there is not a real kitchen up there. Just a kitchen corner. This top floor is 70 m 3  in a 3 storey house.<br /><br /><b>Guest access</b><br />All the flat with the guests in the 2 other bedrooms.The flat is private with private entrance door but the entrance to the house is common with our flat on 2nd floor where we live.<br /><br /><b>During your stay</b><br />We would love to host people from all over the world. We live down stairs and can help in any matter. But if you seek privacy you will be able to stay here with out any connection with us down stairs as both flats have private entrance although we us the same door in to the house.<br /><br /><b>Other things to note</b><br />There is no dishwasher!  so you have to do the dishes and glasses your selves. Washing up is NOT included in the cleaning fee!<br /><br />There is not a real kitchen in the flat. SO it is not suitable for real home cooking just very simple food heating. Look at the photos<br /><br />The cooker and the kettle can not be switched on at the same time<br /><br />Late check in no problem! We have a locked key box by the front door where we put the house key for late arrivals",Private room in rental unit,private_room,https://a0.muscache.com/im/pictures/846d2a0a-c42e-4fcf-946c-eb9bf1101d9e.jpg,22,"https://a0.muscache.com/im/pictures/846d2a0a-c42e-4fcf-946c-eb9bf1101d9e.jpg,https://a0.muscache.com/im/pictures/hosting/Hosting-U3RheVN1cHBseUxpc3Rpbmc6OTU4NDcwMA%3D%3D/original/16be3b74-9bc6-45b1-9e64-e09d12041424.jpeg,https://a0.muscache.com/im/pictures/hosting/Hosting-U3RheVN1cHBseUxpc3Rpbmc6OTU4NDcwMA%3D%3D/original/6b704542-5036-4103-a345-d118829c3fe7.jpeg,https://a0.muscache.com/im/pictures/hosting/Hosting-U3RheVN1cHBseUxpc3Rpbmc6OTU4NDcwMA%3D%3D/original/57355668-e83b-4786-9b33-9e6ed6d2e622.jpeg,https://a0.muscache.com/im/pictures/f5d41c9f-11f7-4cac-8ff1-3fa9110d146a.jpg,https://a0.muscache.com/im/pictures/hosting/Hosting-U3RheVN1cHBseUxpc3Rpbmc6OTU4NDcwMA%3D%3D/original/d9366c71-26d2-434a-81e6-b14e4f064577.jpeg,https://a0.muscache.com/im/pictures/hosting/Hosting-U3RheVN1cHBseUxpc3Rpbmc6OTU4NDcwMA%3D%3D/original/c0fff43b-1800-4d16-b41c-c974c3c083c9.jpeg,https://a0.muscache.com/im/pictures/hosting/Hosting-U3RheVN1cHBseUxpc3Rpbmc6OTU4NDcwMA%3D%3D/original/54a6712a-5b0c-454f-af79-1f5ab6c212cf.jpeg,https://a0.muscache.com/im/pictures/hosting/Hosting-U3RheVN1cHBseUxpc3Rpbmc6OTU4NDcwMA%3D%3D/original/de4d68d2-f8fd-4810-bde8-89584bf45774.jpeg,https://a0.muscache.com/im/pictures/hosting/Hosting-U3RheVN1cHBseUxpc3Rpbmc6OTU4NDcwMA%3D%3D/original/b85afc86-9838-4bd8-b96f-6194eccc8db6.jpeg,https://a0.muscache.com/im/pictures/387ed056-9366-46a9-bf59-c38f1d305481.jpg,https://a0.muscache.com/im/pictures/fbeb08ab-3eda-43d9-a7b3-57869af8c675.jpg,https://a0.muscache.com/im/pictures/4efe4d16-a979-4582-a6c9-e4d20b8c3385.jpg,https://a0.muscache.com/im/pictures/7eea8837-566e-4f24-898b-525d9a5dfb6f.jpg,https://a0.muscache.com/im/pictures/hosting/Hosting-U3RheVN1cHBseUxpc3Rpbmc6OTU4NDcwMA%3D%3D/original/8025275c-be96-4046-982f-2c5e41dce8e7.jpeg,https://a0.muscache.com/im/pictures/hosting/Hosting-U3RheVN1cHBseUxpc3Rpbmc6OTU4NDcwMA%3D%3D/original/56429ad3-9c9c-45a3-b0cb-beedce185d78.jpeg,https://a0.muscache.com/im/pictures/hosting/Hosting-U3RheVN1cHBseUxpc3Rpbmc6OTU4NDcwMA%3D%3D/original/f84ba72f-47e7-484d-bf18-8089524cc5c6.jpeg,https://a0.muscache.com/im/pictures/hosting/Hosting-U3RheVN1cHBseUxpc3Rpbmc6OTU4NDcwMA%3D%3D/original/eaa7eb27-a9f9-4521-b8a6-a771eb5b78f2.jpeg,https://a0.muscache.com/im/pictures/hosting/Hosting-U3RheVN1cHBseUxpc3Rpbmc6OTU4NDcwMA%3D%3D/original/aa26b8f5-00c1-4331-a59c-c6efd93b05d6.jpeg,https://a0.muscache.com/im/pictures/03606c6b-1676-41a5-804d-411ec5ee6539.jpg,https://a0.muscache.com/im/pictures/hosting/Hosting-U3RheVN1cHBseUxpc3Rpbmc6OTU4NDcwMA%3D%3D/original/ed811c3a-26fc-4524-bff5-ca296f48059f.jpeg,https://a0.muscache.com/im/pictures/0ef1d261-a652-4bb1-8e61-4da099430dfe.jpg",10965706,Edda,"","",true,64.1438,-21.9625,,,2,0.0,false,"Hair dryer,Hot water,Essentials,Hangers,Iron,Heating,Smoke alarm,Fire extinguisher,Wifi,Kitchen,Refrigerator,Microwave,Cooking basics,Dishes and silverware,Stove,Coffee maker,Waterfront,Patio or balcony,Backyard,Free street parking",,false,2,Strict,4:00 PM,9:00 AM,true,false,ISK,51,0,true,104,4.82,4.9,5.0,4.9,4.9,4.8,4.8,1441.0,187943.0,57.7,7404.2,0.063,0.063,3.4,443.8,3.4,443.8,2.0,5.8,23,0,342,365,0.0,0.0,0.0,0.0,0.0,0.0,0.0,0.0,0.0,0.0,2.0,0.0,0,0,90,90
9804766,Perfect Apartment in the Heart of Reykjavik,"An apartment with private entrance, 37 square meters, high ceiling, kitchen with table and chairs, bathroom with shower, small living room with sofa bed for two and a TV<br />Bedroom with two single beds which can be attached together, a laundry room - Everything you need<br />50/100 meters to restaurants, bars, super markets, bakery, churches, museums and 900 meters to world famous Harpa concert house, a car is not necessary<br /><br />Early check in whenever possible. Luggage store at the house<br />Street parking<br /><br /><b>The space</b><br />The perfect place to stay with all the comforts of home, and wonderfully central, down town but in a relatively quiet street.<br />Only 10 minutes walk to the Central bus station.<br /><br /><b>Guest access</b><br />It´s  private apartment with own entrance- and with access to laundry which is private for the guests.<br /><br /><b>Other things to note</b><br />You certainly do not need a taxi when you stay here. Early check in whenever it is possible and luggage store at the house with free of charge.<br /><br /><b>Registration Details</b><br />LG-REK-010253",Entire rental unit,entire_home,https://a0.muscache.com/im/pictures/ce108bbc-90f6-4f73-bd78-a6ee3aff01b0.jpg,22,"https://a0.muscache.com/im/pictures/ce108bbc-90f6-4f73-bd78-a6ee3aff01b0.jpg,https://a0.muscache.com/im/pictures/e706ab30-9b74-4ac0-b7c0-c3dcfb3e5031.jpg,https://a0.muscache.com/im/pictures/25568c7c-d524-4c63-8091-941b5a5f9308.jpg,https://a0.muscache.com/im/pictures/b1c3fead-0dad-4d36-85d6-e5f77510b77c.jpg,https://a0.muscache.com/im/pictures/277d99fc-a544-4c8a-8ec4-1ba790985390.jpg,https://a0.muscache.com/im/pictures/d25fb820-2ac8-4223-9e5b-195e2d26270f.jpg,https://a0.muscache.com/im/pictures/85d06d25-edb9-49ca-b882-085627a44f38.jpg,https://a0.muscache.com/im/pictures/e07817f9-cc59-4711-addd-53e31ab8e8e9.jpg,https://a0.muscache.com/im/pictures/643e2e40-ee2b-4130-89e5-0b10a2a169f8.jpg,https://a0.muscache.com/im/pictures/7b13643a-423e-4281-acda-b79f8e616c43.jpg,https://a0.muscache.com/im/pictures/aa115a67-09ef-4f6d-aa01-9533c28b36ac.jpg,https://a0.muscache.com/im/pictures/c72d2a01-cef1-4d33-a162-4549e987df1a.jpg,https://a0.muscache.com/im/pictures/04782806-a0b0-4be6-b7e1-080eafa5e31a.jpg,https://a0.muscache.com/im/pictures/miso/Hosting-9804766/original/7ad01b04-61ac-49c9-bbd6-1f671ef6cbdf.png,https://a0.muscache.com/im/pictures/miso/Hosting-9804766/original/a8b0012c-37ec-4925-ba8c-66ea62ddc46f.png,https://a0.muscache.com/im/pictures/ed896fd5-666f-46f3-8594-41fef319bb64.jpg,https://a0.muscache.com/im/pictures/9189cb8a-60ad-440c-8f18-eeee87cb2b00.jpg,https://a0.muscache.com/im/pictures/0f214660-ef9d-4a20-8bc2-a5022da5c641.jpg,https://a0.muscache.com/im/pictures/ddda5b40-ec8b-45d2-8793-8ece889c5459.jpg,https://a0.muscache.com/im/pictures/0f2026da-4e7c-4069-8aae-39fd4d1065ee.jpg,https://a0.muscache.com/im/pictures/667bc388-a158-4d73-b7b9-da9897824811.jpg,https://a0.muscache.com/im/pictures/d1fb6c6a-cc0e-47db-a71b-61756fc9728a.jpg",50470654,Svava,"","",true,64.1429,-21.9331,3,1,2,1.0,true,"Hair dryer,Shampoo,Hot water,Washer,Dryer,Essentials,Hangers,Bed linens,Extra pillows and blankets,Room-darkening shades,Iron,TV,Pack ’n play/Travel crib,Outlet covers,Heating,Smoke alarm,Carbon monoxide alarm,Fire extinguisher,First aid kit,Wifi,Dedicated workspace,Kitchen,Refrigerator,Microwave,Cooking basics,Dishes and silverware,Freezer,Stove,Oven,Hot water kettle,Coffee maker,Wine glasses,Toaster,Trash compactor,Dining table,Coffee,Private entrance,Free street parking,Single level home,Luggage dropoff allowed,Long term stays allowed,Cleaning before checkout",,false,2,Moderate,2:00 PM,11:00 AM,true,false,ISK,58,23,true,435,4.88,4.9,5.0,4.9,5.0,5.0,4.8,29697.0,3798737.0,159.8,20419.8,0.488,0.524,72.8,9315.7,78.1,10000.6,2.0,2.4,178,25,187,365,0.0,0.0,193.3,24598.8,0.0,0.0,0.0,0.0,0.0,0.0,2.0,0.0,0,0,90,90
9894234,Old Bicycle Shop - Budget Double or Triple room,"Niel's room, as we call it, is a large double room with a king-sized bed. It also has an additional single, so can be made up for a couple with a child or as three single beds for a small group.<br />We offer it for a slightly reduced cost because it is on the bottom floor, but interestingly is often requested by our regular visitors, of whom we have many, because it is discrete, snug, has good blackout blinds, and has a nice aspect out into the garden.<br /><br /><b>The space</b><br />The house is a traditional timber built Icelandic house, warm and snug throughout the year as heated with Iceland’s famous hydro-thermic hot water. All our guests have access to three shared bathrooms, two sitting rooms, an office space upstairs, a dining area, and to a kitchen which can be used for heating up food and snacks but not for cooking full meals. We do not offer breakfast for the very good reasons that we are not licenced to serve food and there are so many excellent bakeries, restaurants and coffee houses so locally; these open very early.<br />Our house itself is well known, and is listed. Built in 1906, it was a bicycle shop for fifty years, the first of these in Iceland, and as such it is much loved in Reykjavik, especially by people who bought their first bike here a generation ago. We are popular with film companies who love filming here. Traditional timber framed houses have certain features and quirks. Ours flexes and breathes, which is important in earthquake prone zones like ours, but it does mean that it is not as soundproof as modern concrete buildings are.<br /><br /><b>Guest access</b><br />Your private bedroom, two sitting rooms, a small office space upstairs, kitchen and dining room. There are three shared bathrooms which guests can use exclusively. There is a back yard with attractive golden rowan trees in it which is a nice aspect out of the windows, but this is part of our family space and not part of the guesthouse strictly speaking.<br /><br /><b>During your stay</b><br />I am half English / half Icelandic, born and bred in Reykjavik, and am native in both languages. This is my home as I grew a couple of hundred meters away in Njalsgata street. My husband Fergus is Anglo-Irish and our children (by upbringing) are English. Our part of the property is adjacent to but attached to the guesthouse. We are in residence most of the time, but spend some time in England as two of our now adult children live there. When not here, we have a manager who lives in. <br />Be in touch before you travel to allow us to help you have the best possible experience of Iceland. Once you book we will send you directions and instructions for a stress free arrival.<br /><br /><b>Other things to note</b><br />Reykjavik is served by hydro-thermally heated water. Our hot water is hot and plentiful therefore and each bedroom has a radiator with an adjustable regulator. Don't be cold. Turn your radiator up if you wish.<br />Hydro-thermic hot water is, by definition, volcanic, and therefore very slightly sulphurous. It is good for your skin. It tastes a bit off however, so run the mixer tap on cold for a good few seconds before drinking it or brushing your teeth. We have the best quality municipal drinking water in the world, by a very considerable margin. Delicious.<br /><br /><b>Registration Details</b><br />Malsnr. 0441-041-2015-0607",Private room in home,private_room,https://a0.muscache.com/im/pictures/e37c39b7-b2e3-4a86-838e-0301b403adcc.jpg,58,"https://a0.muscache.com/im/pictures/e37c39b7-b2e3-4a86-838e-0301b403adcc.jpg,https://a0.muscache.com/im/pictures/d5444be3-91ce-47f6-94dc-4d23d181c668.jpg,https://a0.muscache.com/im/pictures/15c07da1-2f08-42ac-89a0-d58f97a33a08.jpg,https://a0.muscache.com/im/pictures/b7ec42d2-8f47-4cd7-85db-5a7518d688fd.jpg,https://a0.muscache.com/im/pictures/2beb573c-fd67-450c-99fc-e76334d34341.jpg,https://a0.muscache.com/im/pictures/2cb6f5eb-2c19-409d-b932-0ce288b836f5.jpg,https://a0.muscache.com/im/pictures/2e8b9577-9a2a-46a7-9b86-cdbdf47bded8.jpg,https://a0.muscache.com/im/pictures/1390a506-4457-4dc6-ae57-ebaa42734669.jpg,https://a0.muscache.com/im/pictures/3c5f456d-c8bb-40ea-88f9-4b6d8cd14bff.jpg,https://a0.muscache.com/im/pictures/a0ea2a4f-01c4-43e9-a2de-71884b04a20e.jpg,https://a0.muscache.com/im/pictures/cfb70731-bab5-41e8-a616-f347982e8e2c.jpg,https://a0.muscache.com/im/pictures/906fb58c-8b92-4977-b1c5-2e76fb22ff68.jpg,https://a0.muscache.com/im/pictures/b3cd68de-dbd8-435b-aaec-5c0cdd0ff7be.jpg,https://a0.muscache.com/im/pictures/b349d3a3-38e1-49f0-b2e1-3b0c66e6db16.jpg,https://a0.muscache.com/im/pictures/a1b3ef50-900b-4049-bb1e-1bec40bdb834.jpg,https://a0.muscache.com/im/pictures/e8766738-d799-4efa-8cad-c5049f1810ed.jpg,https://a0.muscache.com/im/pictures/4e89aa1c-f58f-4f06-8099-9bdeaf36cf33.jpg,https://a0.muscache.com/im/pictures/cdb99663-e6e8-4513-a121-c2b08b9b6904.jpg,https://a0.muscache.com/im/pictures/41928865-fad9-4725-9639-13f3b09f3e34.jpg,https://a0.muscache.com/im/pictures/9916680a-9771-49cd-8216-5cda76a0ab32.jpg,https://a0.muscache.com/im/pictures/d3cf52b3-6c5a-4868-a90c-45f9ce713ce1.jpg,https://a0.muscache.com/im/pictures/79c7b3cf-302a-4b07-b114-89b4c9227a01.jpg,https://a0.muscache.com/im/pictures/f0665180-88bb-4a96-98ce-7499f746194f.jpg,https://a0.muscache.com/im/pictures/6ec82251-0f78-4282-b8c5-642eb6d144bf.jpg,https://a0.muscache.com/im/pictures/5ead2b46-eff3-475f-a305-9efc15f111fb.jpg,https://a0.muscache.com/im/pictures/2654fcc8-275e-49e8-b083-9d59a121d65f.jpg,https://a0.muscache.com/im/pictures/d2f1d2f9-ade1-4cba-a86e-2bef66fd2084.jpg,https://a0.muscache.com/im/pictures/b2627b52-f00a-41d8-8c7f-ee98f7392a3a.jpg,https://a0.muscache.com/im/pictures/41b53ecb-6067-41c4-834d-d80882de18d2.jpg,https://a0.muscache.com/im/pictures/1ce64446-045d-41e0-9371-a4979bc12f75.jpg,https://a0.muscache.com/im/pictures/83b4b7ff-0497-421a-b6c7-1d0b999cea07.jpg,https://a0.muscache.com/im/pictures/2120cd28-ff6c-4e01-8876-445081ad586b.jpg,https://a0.muscache.com/im/pictures/4feb65db-f128-482c-8b42-23d7f4c4042a.jpg,https://a0.muscache.com/im/pictures/4d2dd9ef-97f0-4e6d-b176-9eb5b770ab88.jpg,https://a0.muscache.com/im/pictures/799e4bb1-917d-4a98-90b3-b566ad5f5048.jpg,https://a0.muscache.com/im/pictures/61f70439-898e-4125-ab94-4349f3a7d393.jpg,https://a0.muscache.com/im/pictures/miso/Hosting-9894234/original/9de64e7b-5070-4b6d-91b5-2cb83db14865.jpeg,https://a0.muscache.com/im/pictures/miso/Hosting-9894234/original/b552ad91-e01a-4395-bbe4-383f39208f5c.jpeg,https://a0.muscache.com/im/pictures/hosting/Hosting-U3RheVN1cHBseUxpc3Rpbmc6OTg5NDIzNA==/original/615566d4-694a-48fa-adef-3db83686b452.jpeg,https://a0.muscache.com/im/pictures/hosting/Hosting-U3RheVN1cHBseUxpc3Rpbmc6OTg5NDIzNA==/original/f986765a-9bc2-43c6-9a2c-388bffa3841c.jpeg,https://a0.muscache.com/im/pictures/hosting/Hosting-U3RheVN1cHBseUxpc3Rpbmc6OTg5NDIzNA==/original/a2b85386-fd0b-48fc-b914-b3a3eb23b4da.jpeg,https://a0.muscache.com/im/pictures/hosting/Hosting-9894234/original/552c4dff-e023-4dbc-9aa5-688186738baf.jpeg,https://a0.muscache.com/im/pictures/hosting/Hosting-9894234/original/c915a119-24cb-49be-b14f-239502835285.jpeg,https://a0.muscache.com/im/pictures/hosting/Hosting-9894234/original/300bb195-5955-4eef-be4d-441b75314c87.jpeg,https://a0.muscache.com/im/pictures/hosting/Hosting-9894234/original/7781de0d-8965-4e37-a845-018aad3b1771.jpeg,https://a0.muscache.com/im/pictures/hosting/Hosting-9894234/original/7bb09092-1e40-4cd7-990d-d88620ab0731.jpeg,https://a0.muscache.com/im/pictures/hosting/Hosting-9894234/original/a2b5f7b4-e296-4a0b-9ae0-fc66169c2aa8.jpeg,https://a0.muscache.com/im/pictures/hosting/Hosting-9894234/original/170788b6-7ab0-4074-8789-e6a4383d8522.jpeg,https://a0.muscache.com/im/pictures/hosting/Hosting-9894234/original/9dd80372-a0e0-4491-a58b-8fc062a43499.jpeg,https://a0.muscache.com/im/pictures/hosting/Hosting-9894234/original/a3c8c096-f8fb-4678-b1a5-ec74821f1cd0.jpeg,https://a0.muscache.com/im/pictures/hosting/Hosting-9894234/original/8af17588-10bf-4c5b-8a17-7c1ba4d74f5d.jpeg,https://a0.muscache.com/im/pictures/hosting/Hosting-9894234/original/9770086e-4569-4e13-a20a-510ac63127d6.jpeg,https://a0.muscache.com/im/pictures/hosting/Hosting-9894234/original/58880d56-1495-48b6-92b9-ba395ec9dacf.jpeg,https://a0.muscache.com/im/pictures/hosting/Hosting-9894234/original/135e024f-15d8-4b53-9088-253f59ed03e7.jpeg,https://a0.muscache.com/im/pictures/hosting/Hosting-9894234/original/cb69bca5-7780-40ec-a32b-6a922a4aa13a.jpeg,https://a0.muscache.com/im/pictures/hosting/Hosting-9894234/original/b22b1359-506b-416f-908c-ba122e821c43.jpeg,https://a0.muscache.com/im/pictures/hosting/Hosting-9894234/original/5420938b-b1e0-4e1a-81da-57305aba315c.jpeg,https://a0.muscache.com/im/pictures/hosting/Hosting-9894234/original/d3dcfb4f-45ef-4ed9-80ce-26f5be0583d3.jpeg",14324446,⁨Gudrun Maria.⁩,"","",true,64.1437,-21.9336,,,3,0.0,true,"Wifi,Air conditioning,Bathtub,Hair dryer,Shampoo,Hot water,Essentials,Hangers,Bed linens,Extra pillows and blankets,Room-darkening shades,Iron,Drying rack for clothing,Books and reading material,Crib,Pack ’n play/Travel crib,Children’s books and toys,High chair,Children’s dinnerware,Window guards,Board games,Baby safety gates,Heating,Smoke alarm,Carbon monoxide alarm,Fire extinguisher,First aid kit,Wifi,Dedicated workspace,Refrigerator,Microwave,Dishes and silverware,Dishwasher,Stove,Hot water kettle,Coffee maker,Wine glasses,Dining table,Coffee,Laundromat nearby,Paid parking off premises",,false,1,Moderate,3:00 PM,10:00 AM,false,false,ISK,50,60,true,258,4.72,4.8,4.8,4.9,4.8,5.0,4.6,16724.0,2129451.0,145.2,18561.0,0.279,0.282,41.8,5328.6,42.2,5372.8,1.0,2.4,102,3,263,365,1602.0,203854.0,124.9,15899.1,0.133,0.133,16.7,2123.7,16.7,2123.7,1.0,1.7,12,0,78,90
9976983,"The Old Bicycle Shop, Reykjavik - group bookings",,Private room in home,private_room,https://a0.muscache.com/im/pictures/a8d8f57c-8e9e-4c03-8834-26f5adf8f044.jpg,59,,14324446,⁨Gudrun Maria.⁩,"","",true,64.1444,-21.9331,,5,12,0.0,true,"Bathtub,Hair dryer,Shampoo,Hot water,Essentials,Hangers,Bed linens,Extra pillows and blankets,Room-darkening shades,Iron,Crib,Children’s dinnerware,Window guards,Babysitter recommendations,Heating,Smoke alarm,Carbon monoxide alarm,Fire extinguisher,First aid kit,Wifi,Dedicated workspace,Refrigerator,Microwave,Dishes and silverware,Dishwasher,Coffee maker,Paid parking off premises,Paid parking on premises,Luggage dropoff allowed",,false,1,Moderate,,,,,ISK,350,85,,90,4.76,4.9,4.9,4.9,4.9,5.0,4.8,36125.0,4599006.0,407.8,52026.3,0.186,0.186,83.6,10647.7,83.6,10647.7,1.0,3.1,68,0,297,365,5323.0,677349.0,562.2,71542.7,0.089,0.089,47.5,6041.5,47.5,6041.5,1.0,2.7,8,0,82,90
9996054,Heart of Reykjavik - entire house.,"This is a listing for groups of up to ten who would like to rent our entire house. The house is full of books and art works, and is well loved, particularly in the Reykjavik arts community. We try to keep our price low for the area as we like attracting artists, musicians and academics . The Reykjavik summer arts and food Festivals take place in the streets around our house. It's a brilliant location. Filming often takes place here, as film companies seem to love our light, space and setting.<br /><br /><b>The space</b><br />Our guests have access to two private bathrooms, two sitting rooms, and to a fully fitted kitchen. Unlike most of the other listings in this category in Reykjavik, we are dead  in the centre of the most desirable location downtown, and not in the suburbs. There are so many excellent restaurants, bakeries, coffee houses, galleries and venues locally.<br />Our house is a historic town house, well known locally, and is listed. It was a bicycle shop for fifty years, the first of these in Iceland, and as such it is much loved in Reykjavik, especially by people who bought their first bike here a generation ago.<br />Traditional timber framed houses have certain features and quirks. Ours flexes and breathes, which is important in earthquake prone zones like ours, but it does mean that it is not as soundproof as modern concrete buildings are.<br /><br /><b>Guest access</b><br />Single and shared bedrooms for up to 10 people, two sitting rooms, kitchen and dining area. There are two bathrooms. There is a back yard with attractive golden rowan trees in it which is a nice aspect out of the windows, but this is part of our family space and not part of the guesthouse strictly speaking.<br /><br /><b>Other things to note</b><br />Reykjavik is served by hydro-thermally heated water. Our hot water is hot and plentiful therefore and each sitting room and bedroom has at least one radiator with an adjustable regulator. Don't be cold. Turn your radiator up if you wish.<br />Hydro-thermic hot water is, by definition, volcanic, and therefore very slightly sulphurous. It is very good for your skin. It tastes a bit off however, so run the mixer taps on cold for a good few seconds before drinking it or brushing your teeth. We have the best quality municipal drinking water in the world, by a very considerable margin. Delicious.<br /><br /><b>Registration Details</b><br />Malsnr. 0441-041-2015-0607",Entire rental unit,entire_home,https://a0.muscache.com/im/pictures/2eba511a-2d1a-4a0d-9acf-06fc9f220fde.jpg,56,"https://a0.muscache.com/im/pictures/2eba511a-2d1a-4a0d-9acf-06fc9f220fde.jpg,https://a0.muscache.com/im/pictures/7b7bb946-d77d-44be-9c79-8c842e81bb87.jpg,https://a0.muscache.com/im/pictures/miso/Hosting-9996054/original/1c4fbe51-695b-4512-bd45-beb1f082c1a7.jpeg,https://a0.muscache.com/im/pictures/miso/Hosting-9996054/original/3ade214c-6c3b-48a5-b836-6fe1dc9f7093.jpeg,https://a0.muscache.com/im/pictures/miso/Hosting-9996054/original/ec074251-f585-4019-99ac-b55298a8371e.jpeg,https://a0.muscache.com/im/pictures/c8f3f479-34b1-45b1-80a8-c4d5a68173e4.jpg,https://a0.muscache.com/im/pictures/1d5dd043-7be5-46ff-b6b8-32a20c722c96.jpg,https://a0.muscache.com/im/pictures/e8834d84-9d7e-453d-ab1e-b8edff75555d.jpg,https://a0.muscache.com/im/pictures/df11cd74-e72d-41c1-81a7-46b852f4a46f.jpg,https://a0.muscache.com/im/pictures/d41c4855-daa9-40e0-b80e-df53a292789c.jpg,https://a0.muscache.com/im/pictures/eea0967d-ee7c-42f7-88da-990698463fc8.jpg,https://a0.muscache.com/im/pictures/a2bce46f-491f-42f0-bd90-d7d341d6c473.jpg,https://a0.muscache.com/im/pictures/06fbd2c1-9412-4d2d-99f8-64e55f8fa093.jpg,https://a0.muscache.com/im/pictures/e6d8c6ac-f1d8-4706-8ec9-ef9b30214fc2.jpg,https://a0.muscache.com/im/pictures/3894b7fa-93e0-4be5-a915-d7250090a921.jpg,https://a0.muscache.com/im/pictures/dc8672c7-6332-45c4-8ab7-948341328656.jpg,https://a0.muscache.com/im/pictures/8d4ab0b6-c936-4cee-b828-47f0b06a9c89.jpg,https://a0.muscache.com/im/pictures/f1875778-4158-4011-99a8-b2a50f7eeae2.jpg,https://a0.muscache.com/im/pictures/adee0521-e7ca-4e58-afd4-d7b475e7acf3.jpg,https://a0.muscache.com/im/pictures/57258471-99fa-4e6b-ac7e-3d254601c352.jpg,https://a0.muscache.com/im/pictures/a485314d-7393-4761-923c-2c475d6c679c.jpg,https://a0.muscache.com/im/pictures/45996079-9269-4013-979c-9522efe815c1.jpg,https://a0.muscache.com/im/pictures/0e32179e-b65c-4cac-a97c-e1db88402101.jpg,https://a0.muscache.com/im/pictures/5fce2f39-a613-4a0d-909f-2c05b57d6662.jpg,https://a0.muscache.com/im/pictures/e1697785-a5c2-4b1c-8789-fb9238d8303a.jpg,https://a0.muscache.com/im/pictures/a3192c42-330c-4274-960f-5473b9c93ffd.jpg,https://a0.muscache.com/im/pictures/7b41d6d0-7a89-49de-b549-c4a52f5a8d60.jpg,https://a0.muscache.com/im/pictures/d9d788bd-e1e1-4979-a696-a0d6c7f8d793.jpg,https://a0.muscache.com/im/pictures/5a6894d7-3135-4764-9938-7376918ca405.jpg,https://a0.muscache.com/im/pictures/a56f3603-b1d6-42c8-a1bc-3ece0e11811f.jpg,https://a0.muscache.com/im/pictures/edf4e733-c837-4660-86c5-857ce21ed279.jpg,https://a0.muscache.com/im/pictures/89d881c8-e5bd-491e-a11b-ccb0afa7cb05.jpg,https://a0.muscache.com/im/pictures/22709444-8a6a-495b-b09a-6acbc8778c7a.jpg,https://a0.muscache.com/im/pictures/982c45b1-86e4-48d6-8912-630aeffccd0e.jpg,https://a0.muscache.com/im/pictures/98d57bab-160d-47f3-8e5c-83b4d8b4c93e.jpg,https://a0.muscache.com/im/pictures/d09f29c5-dd7a-4f11-bc5e-6be481f9da71.jpg,https://a0.muscache.com/im/pictures/131008f5-777e-4f1d-b0b7-f94394a454f8.jpg,https://a0.muscache.com/im/pictures/fe19ef8f-894e-4bd3-8404-1729aadf5285.jpg,https://a0.muscache.com/im/pictures/68a72fe3-15c1-4dcd-8ae9-f4af31869ab6.jpg,https://a0.muscache.com/im/pictures/88c66ec4-4b24-470f-87cb-e8017c9a9f4c.jpg,https://a0.muscache.com/im/pictures/23779812-a445-4a7c-8b97-541e4f030dc3.jpg,https://a0.muscache.com/im/pictures/92800c0a-b93e-42c5-aa3e-938a01c3887e.jpg,https://a0.muscache.com/im/pictures/c256a246-2483-47e1-8411-125e29c681a0.jpg,https://a0.muscache.com/im/pictures/8fde0e44-2cd6-4635-b6fd-d73596b287c3.jpg,https://a0.muscache.com/im/pictures/141930d2-4616-4541-85f7-122172ea27ba.jpg,https://a0.muscache.com/im/pictures/4db26194-6d94-4cd1-9159-75a1abc59db3.jpg,https://a0.muscache.com/im/pictures/9d4dc12e-40bc-4b0c-9a9f-1e3e615a54e0.jpg,https://a0.muscache.com/im/pictures/11500650-abe2-4de7-b5e2-54eb97168434.jpg,https://a0.muscache.com/im/pictures/ca320426-c0d5-45b4-a3aa-17e0c2d26fdc.jpg,https://a0.muscache.com/im/pictures/38a75b9f-3851-4fce-b8fc-b8d2b59ed6f1.jpg,https://a0.muscache.com/im/pictures/a486f04e-3ae4-4951-ba2f-9490996d8ec7.jpg,https://a0.muscache.com/im/pictures/0f5309f2-ac15-464d-8647-c63cb76a23bd.jpg,https://a0.muscache.com/im/pictures/37041fda-cb47-4478-abe2-d6dd817f0ace.jpg,https://a0.muscache.com/im/pictures/e84b784d-25e4-474a-8948-03086fa82475.jpg,https://a0.muscache.com/im/pictures/c7d4abd4-546b-4cf6-83b5-cf3a05db5947.jpg,https://a0.muscache.com/im/pictures/miso/Hosting-9996054/original/b94804c8-8de6-4722-8f13-9980a5293292.jpeg",14324446,⁨Gudrun Maria.⁩,"","",true,64.1444,-21.9330,10,6,12,2.0,true,"Air conditioning,Hair dryer,Shampoo,Hot water,Essentials,Hangers,Bed linens,Extra pillows and blankets,Iron,Crib,Pack ’n play/Travel crib,Heating,Smoke alarm,Carbon monoxide alarm,Fire extinguisher,First aid kit,Wifi,Dedicated workspace,Kitchen,Refrigerator,Microwave,Cooking basics,Dishes and silverware,Dishwasher,Oven,Coffee maker,Paid parking off premises",,false,2,Firm,3:00 PM,10:00 AM,true,true,ISK,400,0,true,148,4.92,4.9,4.9,4.9,5.0,5.0,4.8,162759.0,2.0724014E7,1014.7,129720.0,0.381,0.397,405.4,51618.4,422.7,53830.6,2.0,3.5,139,15,226,365,11848.0,1507656.0,969.0,123310.8,0.122,0.122,118.3,15055.1,118.3,15055.1,2.0,2.8,11,0,79,90
10159198,Old town charming cottage,,Entire home,entire_home,https://a0.muscache.com/im/pictures/miso/Hosting-10159198/original/1864c177-514f-4b15-bad5-1c17c6c2fa04.jpeg,18,,4529076,Björn,"","",true,64.1427,-21.9331,6,2,3,2.0,true,"TV,Wifi,Crib,Kitchen,Pack ’n play/Travel crib,Paid parking off premises,Hot water,Hot tub,Microwave,Coffee maker,Refrigerator,Dishwasher,Dishes and silverware,Heating,Cooking basics,Oven,Stove,Washer,Smoke alarm,Carbon monoxide alarm,Patio or balcony,Backyard,Fire extinguisher,Essentials,Shampoo,Hangers,Hair dryer,Iron",true,false,2,Firm,,,,,ISK,176,0,,241,4.97,5.0,5.0,5.0,5.0,5.0,4.9,87786.0,1.1229218E7,441.9,56506.4,0.436,0.436,216.4,27697.0,216.4,27697.0,1.8,3.0,159,0,206,365,0.0,0.0,362.9,46184.6,0.0,0.0,0.0,0.0,0.0,0.0,1.1,0.0,0,0,90,90
10209359,"The Old Bicycle Shop, Reykjavik - group bookings","This is a listing for groups of more than two. This listing offers an overview of the guest house; availability will depend upon the dates and number of rooms you would need, making the assumption you are prepared to share double or twin rooms where possible. We sometimes try to keep groups together (on the same floor for example), but this is not always possible.  If you are interested in taking the whole house, let us know and we will send you details of a separate listing if it is available.<br /><br /><b>The space</b><br />The house is a traditional timber built Icelandic house, warm and snug throughout the year as heated with Iceland’s famous hydro-thermic hot water. All our guests have access to three shared bathrooms, two sitting rooms, an office space upstairs, a dining area, and to a kitchen which can be used for heating up food and snacks but not for cooking full meals. We do not offer breakfast for the very good reasons that we are not licenced to serve food and there are so many excellent bakeries, restaurants and coffee houses so locally; these open very early.<br />Our house itself is well known, and is listed. Built in 1906, it was a bicycle shop for fifty years, the first of these in Iceland, and as such it is much loved in Reykjavik, especially by people who bought their first bike here a generation ago. We are popular with film companies who love filming here. Traditional timber framed houses have certain features and quirks. Ours flexes and breathes, which is important in earthquake prone zones like ours, but it does mean that it is not as soundproof as modern concrete buildings are.<br /><br /><b>Guest access</b><br />Your private and lockable bedrooms, two sitting rooms, a small office space upstairs, kitchen and dining room. There are three shared bathrooms which guests can use exclusively. There is a back yard with attractive golden rowan trees in it which is a nice aspect out of the windows, but this is part of our family space and not part of the guesthouse strictly speaking.<br /><br /><b>During your stay</b><br />I am half English / half Icelandic, born and bred in Reykjavik, and am native in both languages. This is my home as I grew a couple of hundred meters away in Njalsgata street. My husband Fergus is Anglo-Irish and our children (by upbringing) are English. Our part of the property is adjacent to but attached to the guesthouse. We are in residence most of the time, but spend some time in England as two of our now adult children live there. When not here, we have a manager who lives in. <br />Be in touch before you travel to allow us to help you have the best possible experience of Iceland. Once you book we will send you directions and instructions for a stress free arrival.<br /><br /><b>Other things to note</b><br />Reykjavik is served by hydro-thermally heated water. Our hot water is hot and plentiful therefore and each bedroom has a radiator with an adjustable regulator. Don't be cold. Turn your radiator up if you wish.<br />Hydro-thermic hot water is, by definition, volcanic, and therefore very slightly sulphurous. It is good for your skin. It tastes a bit off however, so run the mixer tap on cold for a good few seconds before drinking it or brushing your teeth. We have the best quality municipal drinking water in the world, by a very considerable margin. Delicious.<br /><br /><b>Registration Details</b><br />Malsnr. 0441-041-2015-0607",Private room in home,private_room,https://a0.muscache.com/im/pictures/cdf0176b-3dc7-4554-b3b5-79b4fb16468e.jpg,46,"https://a0.muscache.com/im/pictures/cdf0176b-3dc7-4554-b3b5-79b4fb16468e.jpg,https://a0.muscache.com/im/pictures/e0653b64-2b5e-4b96-85a2-87ea96c19354.jpg,https://a0.muscache.com/im/pictures/1ea89e59-ca1b-4368-8961-6972f789b316.jpg,https://a0.muscache.com/im/pictures/4148e18f-b61d-4c02-9363-25d4ee3b9015.jpg,https://a0.muscache.com/im/pictures/782a410a-db77-480b-af43-75205b40d19d.jpg,https://a0.muscache.com/im/pictures/7b322386-b587-489f-9614-6e86e54b135a.jpg,https://a0.muscache.com/im/pictures/af26b1e8-430c-4bf3-9a08-f0741a7faa46.jpg,https://a0.muscache.com/im/pictures/69ae87d0-ad34-4ee4-8a5f-d75e4913d620.jpg,https://a0.muscache.com/im/pictures/a4eedbfa-6143-4e5a-aabb-4ebbb7106e11.jpg,https://a0.muscache.com/im/pictures/7b211027-e84e-4783-96a1-f1110e180644.jpg,https://a0.muscache.com/im/pictures/a5da8a49-ef11-4789-aad6-d7cf29344d68.jpg,https://a0.muscache.com/im/pictures/fe702004-9e34-444b-997c-e448dfd4bf0c.jpg,https://a0.muscache.com/im/pictures/fe837cd2-a4b2-48da-bd1b-bdcefc9de946.jpg,https://a0.muscache.com/im/pictures/04aecc5d-566d-4ec8-8c82-76e802f3dc80.jpg,https://a0.muscache.com/im/pictures/b2663891-b9e1-4c38-aa22-a8d7057d549d.jpg,https://a0.muscache.com/im/pictures/d3f604d3-f84f-4a6b-9195-c749535a144f.jpg,https://a0.muscache.com/im/pictures/d793199b-8467-400f-8416-0916b295e569.jpg,https://a0.muscache.com/im/pictures/a3439101-4f51-493c-b542-f716c56ecc9a.jpg,https://a0.muscache.com/im/pictures/7afcc5d9-5a1d-4990-984e-47b37526c34d.jpg,https://a0.muscache.com/im/pictures/00a01a5c-06be-4419-a921-2bd13bd088b3.jpg,https://a0.muscache.com/im/pictures/2a5faa9a-8d5b-489a-af98-3cfdfdf17591.jpg,https://a0.muscache.com/im/pictures/c53a1372-adf6-4316-9584-f2493ee55e07.jpg,https://a0.muscache.com/im/pictures/a2333472-73ef-4d30-99cc-e7466dd37cde.jpg,https://a0.muscache.com/im/pictures/fdb7fffa-88f5-4a88-b467-136d2b9504d4.jpg,https://a0.muscache.com/im/pictures/fe5a83fc-76cc-4de8-a570-633f7f1d0793.jpg,https://a0.muscache.com/im/pictures/293604ad-7c04-4e7a-a916-a5549c6f9f99.jpg,https://a0.muscache.com/im/pictures/a72df630-94d2-42e3-83ef-425ab254af17.jpg,https://a0.muscache.com/im/pictures/9a4323b9-4781-4fd4-badf-2cdf681f7e9d.jpg,https://a0.muscache.com/im/pictures/f44dacc9-66c0-4bf7-ac20-7f3ee78b088b.jpg,https://a0.muscache.com/im/pictures/993385df-a53c-4408-ac1e-2771496c9391.jpg,https://a0.muscache.com/im/pictures/047bdb7f-bd31-4d61-bcd0-254bce48dc9e.jpg,https://a0.muscache.com/im/pictures/29d8658b-6016-472f-ad3c-9dfd4e8f9c3d.jpg,https://a0.muscache.com/im/pictures/32d3af88-07e5-4f2d-9738-3cc7c465dfcd.jpg,https://a0.muscache.com/im/pictures/c609691c-317e-4372-a6cc-c201d4322667.jpg,https://a0.muscache.com/im/pictures/7b4ba626-cca4-41b6-b5a5-7fbd4417abbb.jpg,https://a0.muscache.com/im/pictures/1461261a-ef8d-4704-915a-5c93920fc1fd.jpg,https://a0.muscache.com/im/pictures/98d86ebe-8523-4d8f-971f-a891f1d10565.jpg,https://a0.muscache.com/im/pictures/d8cb63bd-905b-4fdc-b1c4-c163cd724ae3.jpg,https://a0.muscache.com/im/pictures/d491439b-c326-47f4-9fa0-7c192be16864.jpg,https://a0.muscache.com/im/pictures/c997198b-5ebb-49cb-ac54-b1e44395db5a.jpg,https://a0.muscache.com/im/pictures/22ebddd2-fa5f-4cbe-b24b-b392211f810c.jpg,https://a0.muscache.com/im/pictures/7d395012-6a96-40fb-ab84-8e5fa2d3e75e.jpg,https://a0.muscache.com/im/pictures/a531b244-21e7-42ac-8692-3da26fb65f02.jpg,https://a0.muscache.com/im/pictures/63e5d26e-ddb4-4551-b1f9-385088b200cd.jpg,https://a0.muscache.com/im/pictures/02574429-35aa-458a-8c0f-f295a288ca2b.jpg,https://a0.muscache.com/im/pictures/77fe1883-ca42-4cf1-9fe8-4f61484dd1c8.jpg",14324446,⁨Gudrun Maria.⁩,"","",true,64.1444,-21.9330,,6,12,0.0,true,"Bathtub,Hair dryer,Shampoo,Hot water,Essentials,Hangers,Bed linens,Extra pillows and blankets,Room-darkening shades,Iron,Crib,Children’s dinnerware,Babysitter recommendations,Heating,Smoke alarm,Carbon monoxide alarm,Fire extinguisher,Wifi,Dedicated workspace,Refrigerator,Microwave,Cooking basics,Dishes and silverware,Dishwasher,Oven,Coffee maker,Private entrance,Paid parking off premises",,false,1,Firm,3:00 PM,10:00 AM,false,true,ISK,350,85,true,143,4.82,4.8,4.9,4.9,5.0,5.0,4.8,52884.0,6729468.0,520.6,66440.6,0.227,0.232,125.7,15996.5,128.2,16309.3,1.0,3.3,83,7,282,365,4595.0,584713.0,622.5,79217.3,0.067,0.067,43.3,5507.1,43.3,5507.1,1.0,3.0,6,0,84,90
10279029,New luxury apartment in city center,,Entire rental unit,entire_home,https://a0.muscache.com/im/pictures/2abb0499-08e5-41f6-a106-77dcf1a9ea1d.jpg,23,,16351678,Arnór,"","",true,64.1449,-21.9209,6,2,2,1.0,false,"Hair dryer,Cleaning products,Shampoo,Conditioner,Hot water,Washer,Dryer,Essentials,Hangers,Bed linens,Extra pillows and blankets,Iron,Clothing storage,Ethernet connection,TV,Sound system,Crib,Pack ’n play/Travel crib,High chair,Heating,Smoke alarm,Carbon monoxide alarm,Fire extinguisher,First aid kit,Wifi,Kitchen,Refrigerator,Microwave,Cooking basics,Dishes and silverware,Freezer,Dishwasher,Stove,Oven,Hot water kettle,Coffee maker,Wine glasses,Toaster,Baking sheet,Dining table,Private entrance,Laundromat nearby,Patio or balcony,Luggage dropoff allowed,Long term stays allowed",,false,2,Strict,,,,,ISK,0,0,,64,4.97,4.9,4.9,4.9,4.9,5.0,4.8,45192.0,5762746.0,481.1,61518.6,0.258,0.289,123.8,15788.3,139.1,17731.5,2.0,2.5,94,40,271,365,11768.0,1497475.0,451.4,57434.9,0.3,0.314,130.8,16638.6,136.8,17412.5,2.0,2.3,27,4,63,90
10493412,family home (2 floors),"My welcoming luxurious 2-bedroom house has everything you need for your Reykjavík trip. The unit comes with a washer, dryer and free Wi-Fi and 2 private parking spots just outsidethe door. During your stay, you can also enjoy using a convenient 1 private bathroom, full size family home kitchen, and large living room. An ideal base to explore Reykjvaík and surrounding areas.",Entire home,entire_home,https://a0.muscache.com/im/pictures/miso/Hosting-10493412/original/5499b9ff-3d1b-4319-834c-81592eb7a22c.jpeg,11,"https://a0.muscache.com/im/pictures/miso/Hosting-10493412/original/5499b9ff-3d1b-4319-834c-81592eb7a22c.jpeg,https://a0.muscache.com/im/pictures/14ea44d3-200e-49e7-9b5d-da9acae83538.jpg,https://a0.muscache.com/im/pictures/miso/Hosting-10493412/original/7debb2ea-d84e-418b-a23e-d0519be286cd.png,https://a0.muscache.com/im/pictures/miso/Hosting-10493412/original/ad3d26d4-4f8c-4058-b07b-c2e55095c524.jpeg,https://a0.muscache.com/im/pictures/miso/Hosting-10493412/original/d419d7e3-e5cc-4cbd-a59c-e6e307d5d895.jpeg,https://a0.muscache.com/im/pictures/miso/Hosting-10493412/original/9a0408f5-b0cc-4627-9415-d827536fc03e.jpeg,https://a0.muscache.com/im/pictures/miso/Hosting-10493412/original/f1ef9b72-6c76-47fb-9c9f-bc92740ee792.png,https://a0.muscache.com/im/pictures/miso/Hosting-10493412/original/cc5c4f57-0bad-4a52-a0b8-7a30d4c787ea.png,https://a0.muscache.com/im/pictures/miso/Hosting-10493412/original/df54068e-cf17-4312-8d67-324fbf02fcf9.jpeg,https://a0.muscache.com/im/pictures/miso/Hosting-10493412/original/f8223647-f4a1-485e-ac8e-7722317e4f13.png,https://a0.muscache.com/im/pictures/miso/Hosting-10493412/original/c564f6aa-81e9-41d5-869c-c47b5ed4a821.jpeg",48161044,Johann,47832388,Ester,true,64.0929,-21.8388,4,2,3,1.5,false,"Hair dryer,Cleaning products,Hot water,Washer,Dryer,Essentials,Hangers,Bed linens,Iron,Clothing storage,TV,Books and reading material,Heating,Heating,Smoke alarm,Fire extinguisher,First aid kit,Wifi,Dedicated workspace,Kitchen,Refrigerator,Microwave,Cooking basics,Dishes and silverware,Freezer,Dishwasher,Stove,Oven,Coffee maker,Wine glasses,Private entrance,Free parking on premises,Free street parking,Long term stays allowed",,false,4,Firm,4:00 PM,11:00 AM,true,false,ISK,0,0,true,33,4.97,4.9,4.9,5.0,5.0,4.8,4.9,37270.0,4788014.0,349.7,44627.4,0.425,0.468,102.1,13117.8,112.6,14465.3,4.2,4.6,155,34,210,365,0.0,0.0,504.7,64228.7,0.0,0.0,0.0,0.0,0.0,0.0,5.0,0.0,0,19,90,90
10758750,Penthouse downtown Free parking,"Penthouse downtown Reykjavik by the sea<br />Great location<br />Free parking in a garage<br />Newly renovated apartment.<br />Two balconies toward South and West<br />Fully equipped kitchen with a dishwasher<br />Pull out sofa in the living room<br /><br /><b>The space</b><br />Newly renovated 100sqm penthouse apartment downtown Reykjavik with two private balconies towards South and West. Sea view from the bedroom.<br />Perfect accommodation for 2-3 couples, a family. Good location for pick up for tours and walking distance to all the best restaurants, cafes and shops in Reykjavík.<br />Two bedrooms, each has two beds 90x200cm that can be either comined or separated. In the living room there is a sofa for two persons.<br />Fully equipped kitchen with a dish washer.<br /><br /><b>Guest access</b><br />Free wireless internet<br />Clean sheets on beds<br />Towels, soap and toilet paper at bathroom<br />The kitchen is fully equipped, with a dish washer<br />New TV flat screen<br /><br /><b>Other things to note</b><br />Sea view from the bedroom",Entire condo,entire_home,https://a0.muscache.com/im/pictures/0eb420d2-0e74-4224-81e0-fed2d9156ff5.jpg,25,"https://a0.muscache.com/im/pictures/0eb420d2-0e74-4224-81e0-fed2d9156ff5.jpg,https://a0.muscache.com/im/pictures/7006a4e2-1fac-4a10-be47-b4d8693472c7.jpg,https://a0.muscache.com/im/pictures/283e2666-02cb-4bd5-acea-bef6faf436ac.jpg,https://a0.muscache.com/im/pictures/9d69f260-e17b-4f92-95f9-c29552d8904b.jpg,https://a0.muscache.com/im/pictures/38ab8c32-fb2e-4a5f-8fca-e4de4ad4e04f.jpg,https://a0.muscache.com/im/pictures/59013d35-b04d-42fa-b85e-edeff5046110.jpg,https://a0.muscache.com/im/pictures/b4668847-c356-444f-84e1-38ab0e40460b.jpg,https://a0.muscache.com/im/pictures/56d348fe-7fde-46a5-9fd7-b75307d574f8.jpg,https://a0.muscache.com/im/pictures/54d3831c-f51a-4307-bf17-fafb657cf458.jpg,https://a0.muscache.com/im/pictures/744f7eea-28d7-4697-bf07-e407c0cd495c.jpg,https://a0.muscache.com/im/pictures/c63dd010-9f15-4b95-ba73-04b736c48ee7.jpg,https://a0.muscache.com/im/pictures/8511e87c-5388-4aab-9c36-e2218124b8f1.jpg,https://a0.muscache.com/im/pictures/b0bb2ad1-ebbf-4e35-b89a-4e1789cbcec8.jpg,https://a0.muscache.com/im/pictures/a00ac672-de8c-41d7-8dfa-a4142120227e.jpg,https://a0.muscache.com/im/pictures/86234148-5ea7-4c1b-8e3a-0f44a85bc2d3.jpg,https://a0.muscache.com/im/pictures/a0928331-1eb9-42d0-88bf-971a69fababa.jpg,https://a0.muscache.com/im/pictures/bc3cb915-6b0e-4ec6-a775-c4536277dc7a.jpg,https://a0.muscache.com/im/pictures/c7e76d8d-6538-4d45-ba97-00215d00c17b.jpg,https://a0.muscache.com/im/pictures/269d596a-a36c-4562-b451-c94ce0d5494f.jpg,https://a0.muscache.com/im/pictures/d4ce225e-f00b-4af2-a664-cefe38d08643.jpg,https://a0.muscache.com/im/pictures/1be3a83f-564d-46ed-8450-33a362e511ab.jpg,https://a0.muscache.com/im/pictures/4d92adc5-ef62-4a08-8fce-65ee11d07e77.jpg,https://a0.muscache.com/im/pictures/hosting/Hosting-10758750/original/9e728cf8-1a53-45bc-b7e1-f6395c7dd13a.jpeg,https://a0.muscache.com/im/pictures/hosting/Hosting-10758750/original/2caff846-f569-4513-aaa3-9cd6fc468e26.jpeg,https://a0.muscache.com/im/pictures/hosting/Hosting-10758750/original/c050807a-9571-44d5-84e4-e0ec9ee8d159.jpeg",448400369,Greenkey,29842925,Edda,false,64.1472,-21.9276,6,2,3,1.0,false,"Hair dryer,Shampoo,Hot water,Essentials,Hangers,Iron,TV,Crib,Children’s books and toys,High chair,Heating,Smoke alarm,Fire extinguisher,First aid kit,Wifi,Kitchen,Refrigerator,Coffee maker,Patio or balcony,Free parking on premises,Elevator,Long term stays allowed",,false,3,Strict,2:00 PM,10:00 AM,false,false,ISK,128,0,true,182,4.8,4.8,4.7,4.9,4.7,5.0,4.7,120273.0,1.5366761E7,491.9,62886.7,0.578,0.661,311.3,39780.2,356.2,45516.6,2.8,3.4,211,46,154,365,7083.0,901309.0,375.0,47720.0,0.178,0.364,71.6,9109.7,146.4,18633.4,2.8,2.7,16,46,74,90
10853898,Beautiful apartment downtown Reykjavík,"This Beautiful, clean and cosy apartment is located downtown in Reykjavík for up to 6 people+1 baby.Its really close to the main street and bus station but in a friendly neighbourhood. The apartment is bright and open on 2 floor & has a small balcony. It is really easy to book excursions and more that will pick you up, because Foss Hotel Rauðarár is across the street. Free parking.<br /><br /><b>Guest access</b><br />You will have the whole apartment all by your self! :) Cleaning is not included but I will mop the floor and take off the beds and take towels. Clean after your self,  put kitchen utensils back, take the trash out and leave the apartment in the same shape as you got it. Extra cleaning fee will be charged if not cleaned. (165 US dollars).",Entire rental unit,entire_home,https://a0.muscache.com/im/pictures/e6bc753b-c109-43c6-8ea9-b939165eafb2.jpg,18,"https://a0.muscache.com/im/pictures/e6bc753b-c109-43c6-8ea9-b939165eafb2.jpg,https://a0.muscache.com/im/pictures/1878d10c-efd1-476a-92ae-2dabb50cd2fa.jpg,https://a0.muscache.com/im/pictures/dea30bbd-8964-48e5-b4d2-066dc4b223b2.jpg,https://a0.muscache.com/im/pictures/684155e9-16cd-4230-9b7a-e90e4579370f.jpg,https://a0.muscache.com/im/pictures/52df3651-748c-46dd-bbca-c925351a0301.jpg,https://a0.muscache.com/im/pictures/655be174-81a6-4e3c-b277-31fde2835511.jpg,https://a0.muscache.com/im/pictures/bf475d85-0d00-418f-8953-b61dd3e036ca.jpg,https://a0.muscache.com/im/pictures/da5f57f2-997f-478c-a151-efc346f163f4.jpg,https://a0.muscache.com/im/pictures/ae56daac-3f41-4bd8-a55a-29e945ad4ecd.jpg,https://a0.muscache.com/im/pictures/b083a3d6-6625-4680-b355-72d16405b75f.jpg,https://a0.muscache.com/im/pictures/fc64aa36-4fd3-4ecd-97c1-87d4f48e8dc9.jpg,https://a0.muscache.com/im/pictures/8adecc99-407b-4f6d-a824-c37639a9b384.jpg,https://a0.muscache.com/im/pictures/21f9a3de-787b-419b-a75b-34a9b8896e5b.jpg,https://a0.muscache.com/im/pictures/e18e90de-10b1-4132-a0e5-adbaad5934ce.jpg,https://a0.muscache.com/im/pictures/hosting/Hosting-10853898/original/671d43bb-ffed-4d07-a911-ecfae1bf7f00.jpeg,https://a0.muscache.com/im/pictures/hosting/Hosting-10853898/original/7ecc649e-88cc-4ec9-8efc-4c272ce21857.png,https://a0.muscache.com/im/pictures/hosting/Hosting-10853898/original/cffc3ee6-1745-4019-982b-6aab59b9def7.png,https://a0.muscache.com/im/pictures/hosting/Hosting-10853898/original/49230bdc-77c2-4953-a413-80b28e1be793.jpeg",56218188,Sara Dís,"","",true,64.1419,-21.9144,6,2,4,1.0,false,"Hair dryer,Shampoo,Hot water,Washer,Dryer,Essentials,Hangers,Extra pillows and blankets,Room-darkening shades,Iron,TV,Window guards,Heating,Smoke alarm,Carbon monoxide alarm,Fire extinguisher,Wifi,Kitchen,Refrigerator,Microwave,Cooking basics,Dishes and silverware,Freezer,Oven,Hot water kettle,Coffee maker,Wine glasses,Dining table,Free street parking",,false,3,Moderate,2:00 PM,10:00 AM,true,false,ISK,0,0,true,397,4.77,4.9,4.9,4.8,4.8,4.9,4.8,66790.0,8536818.0,257.1,32871.8,0.704,0.704,183.0,23388.5,183.0,23388.5,3.0,3.2,257,0,108,365,12687.0,1614414.0,227.2,28916.7,0.622,0.622,141.0,17937.9,141.0,17937.9,3.0,3.3,56,0,34,90
10986870,Panoramic Apartment,"On the best street in RVK best residential neighborhoods, with amazing views of the downtown skyline in one big window and RVK bay and  Snæfellsjökull glacier out the other, designer furnacing and accommodates, TV, Internet, PS5 & PS4, and All home appliance.<br /><br />What you get:<br />A beautiful clean home that my family and I living in.<br />We will empty drawers and shelfs for you to store your cloth and baggage.<br /><br />What you don't get:<br />You don't get a fulltime Airbnb apartment , thats like a  hotel.<br /><br /><b>The space</b><br />Beautiful Big Luxury Apartment in iconic architectural building, on the Reykjavik most exclusive street (Lakgarasveg) with grand views from every window, 2 balconies, 2 toilets, 1 bathroom, 4 bedroom, big Living room and dinning room, big modern designer kitchen.<br />The apartment is ideal for a large family or a group of 3 adults, 4 at the most.",Entire condo,entire_home,https://a0.muscache.com/im/pictures/0e2b6672-f51c-4ab7-ada3-8c51b046db23.jpg,21,"https://a0.muscache.com/im/pictures/0e2b6672-f51c-4ab7-ada3-8c51b046db23.jpg,https://a0.muscache.com/im/pictures/b33350f4-6633-4307-9d59-def77df26980.jpg,https://a0.muscache.com/im/pictures/34be748c-6a75-4880-8bdc-414f00431667.jpg,https://a0.muscache.com/im/pictures/475b3977-8fcc-42de-8c40-c417a7161975.jpg,https://a0.muscache.com/im/pictures/ed9dbb96-9d17-4c03-9bef-bcedbc56317f.jpg,https://a0.muscache.com/im/pictures/b162cbe1-43f1-4ffd-a14e-4af987f15476.jpg,https://a0.muscache.com/im/pictures/866c9a64-e639-4844-842e-993b5c277d27.jpg,https://a0.muscache.com/im/pictures/604ab8ef-81bd-40de-8534-06a994f254e7.jpg,https://a0.muscache.com/im/pictures/59de56f4-8b1d-45fb-90b5-a7c4bc331f1f.jpg,https://a0.muscache.com/im/pictures/688721b9-b73e-4419-bb67-1081875202c5.jpg,https://a0.muscache.com/im/pictures/40289ebd-a872-4ce1-9d5b-dc2a93a3df1d.jpg,https://a0.muscache.com/im/pictures/c8908f3e-b555-4628-965e-4f9c1c654d6d.jpg,https://a0.muscache.com/im/pictures/2cb592cf-4144-4448-b83c-6e65f05e11e3.jpg,https://a0.muscache.com/im/pictures/50b86a7a-cbbc-4001-978e-932f46734795.jpg,https://a0.muscache.com/im/pictures/7dd59eb3-fc95-4ed8-898d-3321f4465ab3.jpg,https://a0.muscache.com/im/pictures/f5be4561-01ab-43ab-a62f-12450bf61296.jpg,https://a0.muscache.com/im/pictures/f31c5930-99ad-42aa-a4e3-d71de19230c1.jpg,https://a0.muscache.com/im/pictures/a47170a0-e3ec-4be6-9623-f6fdd3081a27.jpg,https://a0.muscache.com/im/pictures/83953eca-10a2-4d66-bd87-c9ce1f05a9c5.jpg,https://a0.muscache.com/im/pictures/b7a9d61b-a6ec-4c64-9b1b-48557e18a5ee.jpg,https://a0.muscache.com/im/pictures/e996691c-bcb2-44e0-8013-e137c070b53b.jpg",14845591,Jörundur,"","",false,64.1470,-21.9304,5,4,3,1.0,false,"Bathtub,Hair dryer,Body soap,Washer,Dryer,Essentials,Hangers,Bed linens,Iron,TV,Game console,Children’s books and toys,High chair,Board games,Children's playroom,Indoor fireplace,Heating,Smoke alarm,Fire extinguisher,First aid kit,Wifi,Kitchen,Refrigerator,Dishes and silverware,Coffee maker,Backyard,Free parking on premises",,false,5,Moderate,,2:00 PM,false,false,ISK,1024,0,false,1,,,,,,,,10203.0,1298331.0,591.4,75625.4,0.033,0.067,19.5,2486.1,39.8,5069.4,5.0,4.0,12,186,353,365,0.0,0.0,575.8,73264.7,0.0,0.0,0.0,0.0,0.0,0.0,5.0,0.0,0,0,90,90
10991051,Beautiful apartment downtown Reykjavík,We offer a great apartment downtown Reykjavík.,Entire condo,entire_home,https://a0.muscache.com/im/pictures/hosting/Hosting-10991051/original/0bed3ea9-ce73-45f2-a99f-2a008d33b391.jpeg,23,"https://a0.muscache.com/im/pictures/hosting/Hosting-10991051/original/0bed3ea9-ce73-45f2-a99f-2a008d33b391.jpeg,https://a0.muscache.com/im/pictures/miso/Hosting-10991051/original/6939529a-330a-4375-9381-20115ba26d4e.jpeg,https://a0.muscache.com/im/pictures/miso/Hosting-10991051/original/a932dd38-a8b3-447a-970a-b9193a8ff144.jpeg,https://a0.muscache.com/im/pictures/miso/Hosting-10991051/original/c825c9e9-08c8-42e0-844a-b8fa71b30ea5.jpeg,https://a0.muscache.com/im/pictures/8a44640a-8d4d-4166-9197-7f56716a4a9a.jpg,https://a0.muscache.com/im/pictures/6eb84889-0834-44f0-98db-ca4638dbb534.jpg,https://a0.muscache.com/im/pictures/miso/Hosting-10991051/original/ffde83ed-dfb1-4d67-96dd-ad234688a3f3.jpeg,https://a0.muscache.com/im/pictures/miso/Hosting-10991051/original/cceb22b7-dc17-4f1b-9919-192fd62e5bf7.jpeg,https://a0.muscache.com/im/pictures/4bc26ca8-6387-49ca-a3b6-a0f8a4a01017.jpg,https://a0.muscache.com/im/pictures/eeab1ef5-42e1-4217-aa92-0f85cce7fee1.jpg,https://a0.muscache.com/im/pictures/e1592d9f-6ab8-4018-b81e-303d5dd56e15.jpg,https://a0.muscache.com/im/pictures/49108fe8-ce8e-4766-94ac-8994af65fe37.jpg,https://a0.muscache.com/im/pictures/hosting/Hosting-10991051/original/fd82d8c3-3604-43e9-9f83-87867750cd65.jpeg,https://a0.muscache.com/im/pictures/hosting/Hosting-10991051/original/4f29cfde-ff52-4c35-99ba-1a5880a17ef6.jpeg,https://a0.muscache.com/im/pictures/hosting/Hosting-10991051/original/1008ba03-897c-47bf-b0f4-e444eb3382cc.jpeg,https://a0.muscache.com/im/pictures/hosting/Hosting-10991051/original/a9a826e7-7d24-4013-9de7-c751235d52a4.jpeg,https://a0.muscache.com/im/pictures/hosting/Hosting-10991051/original/73a09ddb-e7a6-4291-87f5-19ab5da86dd7.jpeg,https://a0.muscache.com/im/pictures/hosting/Hosting-10991051/original/02a2e8cd-c522-4cc9-8b9a-5c16e448cbe4.jpeg,https://a0.muscache.com/im/pictures/hosting/Hosting-10991051/original/14427d2e-61ce-4d6c-b000-2ffb43970a68.jpeg,https://a0.muscache.com/im/pictures/hosting/Hosting-10991051/original/05b36d60-60e0-40b2-8d56-260c993df7b2.jpeg,https://a0.muscache.com/im/pictures/hosting/Hosting-10991051/original/fe2086e0-7ff4-4c9b-994e-b8fd6556875b.jpeg,https://a0.muscache.com/im/pictures/hosting/Hosting-10991051/original/41a62d71-d94e-4eb8-963d-39f639b6aa4c.jpeg,https://a0.muscache.com/im/pictures/hosting/Hosting-10991051/original/d1d7040e-86bc-49ef-8c40-ef317caa7443.jpeg",34578101,Jon Gudni,407245418,Greta Karen,true,64.1516,-21.9454,6,3,3,1.5,false,"Bathtub,Cleaning products,Shampoo,Conditioner,Body soap,Hot water,Shower gel,Washer,Dryer,Essentials,Hangers,Bed linens,Extra pillows and blankets,Iron,Drying rack for clothing,TV,Sound system,Heating,Smoke alarm,Carbon monoxide alarm,Fire extinguisher,Wifi,Kitchen,Refrigerator,Cooking basics,Dishes and silverware,Freezer,Dishwasher,Stove,Oven,Coffee maker,Wine glasses,Toaster,Dining table,Coffee,BBQ grill,Paid parking on premises",,false,4,Moderate,,12:00 PM,false,false,ISK,250,0,false,17,4.94,4.7,4.9,4.9,4.8,4.9,4.7,49387.0,6289701.0,412.4,52731.9,0.296,0.403,125.0,15924.7,170.3,21688.5,4.0,6.8,108,97,257,365,0.0,0.0,420.2,53466.0,0.0,0.0,0.0,0.0,0.0,0.0,4.0,0.0,0,11,90,90
11026367,Newly renovated - Heart of downtown Reykjavík,,Private room in house,private_room,https://a0.muscache.com/im/pictures/hosting/Hosting-U3RheVN1cHBseUxpc3Rpbmc6MTEwMjYzNjc=/original/7b67dddc-f890-42b8-a13c-8b055b7ba9b7.jpeg,19,,6507327,Hjalmar,"","",true,64.1463,-21.9361,,,1,0.0,false,"Wifi,Kitchen,Room-darkening shades,Hot water kettle,Hot water,Body soap,Bed linens,Trash compactor,Extra pillows and blankets,Outdoor furniture,Coffee maker,Refrigerator,Dishwasher,Dishes and silverware,Heating,Cooking basics,Oven,Stove,Wine glasses,Smoke alarm,Shower gel,Carbon monoxide alarm,First aid kit,Fire extinguisher,Essentials,Shampoo,Lock on bedroom door,Hangers,Hair dryer,Toaster",,false,1,Moderate,,,,,ISK,0,0,,169,4.82,4.9,4.9,4.8,4.9,5.0,4.8,3862.0,491437.0,154.8,19805.0,0.06,0.083,10.6,1346.4,14.6,1861.5,1.2,2.8,22,101,343,365,241.0,30667.0,115.2,14657.6,0.022,0.022,2.7,340.7,2.7,340.7,1.7,2.0,2,0,88,90
11085599,City House 5 min walk to center,"A great house in one of the best locations in Reykjavik, the old West side. 4 bedrooms and two bathrooms. The house is warm and cozy with a great kitchen and a really good shower.<br /><br /><b>The space</b><br />Charming House in the Heart of Reykjavik<br />This wonderful house is in a quiet residential area in the old west side of Reykjavik. The house is 186 m2 and is warm and inviting. It is suitable for families or larger groups. <br />Fully equipped large kitchen with: dishwasher, microwave, oven and stove, blender, spices, oil etc. and a great espresso machine. <br />From the kitchen there is a door leading to the porch and out to the garden where you can sit with your coffee. <br />The dining room is bright and spacious and seats 6-10 people. A large corner leather sofa is in the living room where the TV is.<br /><br />There are 4 bedrooms:<br />Bedroom one: king size bed 180x200 cm<br />Bedroom two: queen size bed 160x200 cm<br />Bedroom three: queen size bed 160x200 cm<br />Bedroom four:  queen size bed 160x200 cm<br />Balcony and a Porch with a BBQ<br /><br />The house has a laundry room with a washer and a dryer. Free wireless internet. Linen and Towels included.<br /><br />In the neighborhood: <br />The ocean front and the old harbour are only a stone´s throw away; an area which offers many services such as Whale Watching, stores, bars and restaurants including the famous \"hamburger joint\" Búllan and one of Reykjavík´s best ice cream shop, Valdís. Also just around the corner is a 24 hours store and a pharmacy. In close vicinity there are three major supermarkets. A car rental is within a walking distance also a yoga studio and gym. Other attractions in the neighbourhood include The Whale museum, Reykjavík Maritime Museum, The Saga Museum, The Auora Museum,  Reykjavík Museum of Photography, Reykjavik Art Museum, a few galleries and The City Library.<br /><br />Shops, coffee houses, restaurants are all in short walking distance from the apartment. The famous\"hamburger joint\"  Búllan, is only 5 minutes a way.<br />You are only 5-10 minuets to walk to the center or the ocean site.<br /><br />♦ Dishwasher                                        <br />♦ Washer and dryer                           <br />♦ Black out curtains                           <br />♦ Free on street parking                     <br />♦ Linen and towels provided <br />♦ Iron + Ironing board <br />♦ Apple TV - Neflix <br />♦ Free Wifi<br /><br />Licence number: HG-00003530.<br /><br /><b>Guest access</b><br />Full access to everything, a great private garden and a BBQ  on the porch<br /><br /><b>Registration Details</b><br />HG-00003530",Entire home,entire_home,https://a0.muscache.com/im/pictures/2e7e6f81-abfb-4ab4-bf6b-1b8244ad2725.jpg,31,"https://a0.muscache.com/im/pictures/2e7e6f81-abfb-4ab4-bf6b-1b8244ad2725.jpg,https://a0.muscache.com/im/pictures/6e899c85-322d-4440-ac44-123039448d1c.jpg,https://a0.muscache.com/im/pictures/2fbc81b6-e576-42df-8db1-bddff1134450.jpg,https://a0.muscache.com/im/pictures/509c57c5-dc32-42e7-b11a-b3fc7e45c34c.jpg,https://a0.muscache.com/im/pictures/e8e65b9e-4e16-4b30-ae69-178518b4f33f.jpg,https://a0.muscache.com/im/pictures/dcdc036f-ee34-4995-8cf8-fc1a477c865f.jpg,https://a0.muscache.com/im/pictures/d1e97802-75a7-4c67-8495-ce6cba8e6e2e.jpg,https://a0.muscache.com/im/pictures/90fb6ee0-09c0-4f47-8646-5d609d573d4f.jpg,https://a0.muscache.com/im/pictures/miso/Hosting-11085599/original/1111c7fc-99ae-45d8-823b-efee5abc5a6c.jpeg,https://a0.muscache.com/im/pictures/miso/Hosting-11085599/original/f1e528c4-d601-4e8c-9afe-39e3e50371d3.jpeg,https://a0.muscache.com/im/pictures/miso/Hosting-11085599/original/ba513174-f2fa-49fd-9d6d-e9e39f926cc3.jpeg,https://a0.muscache.com/im/pictures/miso/Hosting-11085599/original/d323a413-db69-4c6c-b3ab-2ccff8ed54ea.jpeg,https://a0.muscache.com/im/pictures/3ad9673e-6179-4bfa-843f-2c31d138e1d8.jpg,https://a0.muscache.com/im/pictures/f572423b-69c9-482e-8583-a51b07878b89.jpg,https://a0.muscache.com/im/pictures/760f9bf4-51cd-4537-8067-bf544a9293d4.jpg,https://a0.muscache.com/im/pictures/miso/Hosting-11085599/original/ff37b61e-219d-4453-9a2c-8da11dae44d8.png,https://a0.muscache.com/im/pictures/miso/Hosting-11085599/original/a6c2a86e-059c-42c3-b465-916557163c73.png,https://a0.muscache.com/im/pictures/miso/Hosting-11085599/original/acfb4914-7e7a-48b6-ab59-eb1b30e9b369.png,https://a0.muscache.com/im/pictures/miso/Hosting-11085599/original/cd83f301-ff3c-4ded-870b-5f6e953f2013.png,https://a0.muscache.com/im/pictures/miso/Hosting-11085599/original/5af5d8a0-3e48-4052-b82f-4bfcf4feb46a.png,https://a0.muscache.com/im/pictures/miso/Hosting-11085599/original/cf1c5083-1dfb-486e-ad71-33aa578077fe.png,https://a0.muscache.com/im/pictures/miso/Hosting-11085599/original/fba5a998-a8f7-4237-b922-fa2ae413fa53.jpeg,https://a0.muscache.com/im/pictures/miso/Hosting-11085599/original/56d2e265-b8a4-4942-ba4d-9dbe7127edd5.png,https://a0.muscache.com/im/pictures/hosting/Hosting-U3RheVN1cHBseUxpc3Rpbmc6MTEwODU1OTk=/original/b59d6090-6f39-4806-92a9-97152606473f.jpeg,https://a0.muscache.com/im/pictures/hosting/Hosting-U3RheVN1cHBseUxpc3Rpbmc6MTEwODU1OTk=/original/6d2f961f-2759-4b3d-aaaa-a6a6b2acbb59.jpeg,https://a0.muscache.com/im/pictures/hosting/Hosting-U3RheVN1cHBseUxpc3Rpbmc6MTEwODU1OTk=/original/8fe798be-604d-4139-8736-5a46e1c58a1f.jpeg,https://a0.muscache.com/im/pictures/hosting/Hosting-U3RheVN1cHBseUxpc3Rpbmc6MTEwODU1OTk=/original/35235543-c07c-4010-bc9f-a92c638ff308.jpeg,https://a0.muscache.com/im/pictures/hosting/Hosting-U3RheVN1cHBseUxpc3Rpbmc6MTEwODU1OTk=/original/82f05c80-4ecc-4585-a4e3-15df4f896c51.jpeg,https://a0.muscache.com/im/pictures/hosting/Hosting-U3RheVN1cHBseUxpc3Rpbmc6MTEwODU1OTk=/original/8bad3ad3-102a-44dc-a595-4325b958cca7.jpeg,https://a0.muscache.com/im/pictures/hosting/Hosting-U3RheVN1cHBseUxpc3Rpbmc6MTEwODU1OTk=/original/47890ce1-afb9-4fdf-8a99-21ef5358c2ba.jpeg,https://a0.muscache.com/im/pictures/hosting/Hosting-U3RheVN1cHBseUxpc3Rpbmc6MTEwODU1OTk=/original/59900360-34a7-4683-83d5-59785d524121.jpeg",785677,Jenny,"","",false,64.1510,-21.9524,8,4,4,1.5,true,"Bathtub,Hair dryer,Hot water,Washer,Dryer,Essentials,Hangers,Bed linens,Extra pillows and blankets,Room-darkening shades,Iron,Drying rack for clothing,TV,Books and reading material,Crib,Pack ’n play/Travel crib,Children’s books and toys,High chair,Heating,Smoke alarm,Fire extinguisher,First aid kit,Wifi,Kitchen,Refrigerator,Microwave,Cooking basics,Dishes and silverware,Mini fridge,Freezer,Dishwasher,Stove,Oven,Hot water kettle,Coffee maker,Wine glasses,Toaster,Baking sheet,Blender,Barbecue utensils,Dining table,Coffee,Patio or balcony,Backyard,Fire pit,Outdoor furniture,Outdoor dining area,BBQ grill,Free street parking,Luggage dropoff allowed,Long term stays allowed",,false,3,Strict,4:00 PM,10:00 AM,true,false,ISK,127,0,true,40,4.9,5.0,5.0,4.9,5.0,5.0,4.9,91730.0,1.1744343E7,573.6,73324.4,0.427,0.678,238.8,30582.3,378.9,48532.8,2.8,3.1,156,135,209,365,1906.0,242539.0,587.1,74712.6,0.033,0.103,19.8,2515.3,61.3,7806.1,2.8,1.5,3,61,87,90
11113813,Cozy studio ap. downtown Reykjavík,"A cozy, ground floor studio apartment, in the heart of down town Reykjavik Iceland. Close to all major bus routes and buzzing nightlife. Few min walk to high street shopping, restaurants, cafes and music venues. There is a parking zone in front of the apartment where you can pay for parking space. The price is 430 ISK for an hour every weekday from 9-18 o´clock and at Saturday from 10-16 o´clock, other hours are free.<br /><br /><b>The space</b><br />Beautifully decorated, non-smoking apartment with all the major comforts you will need. With a fully equipped kitchen, washing machine, free wifi and tv. Queen size bed in the sleeping area. There is a parking zone in front of the apartment where you can pay for parking space. The price is 430 ISK for an hour every weekday from 9-18 o´clock and at Saturday from 10-16 o´clock, other hours are free.<br /><br /><b>Guest access</b><br />Guests have access to everything in the apartment.<br /><br /><b>Other things to note</b><br />Don't hesitate to call me if anything comes up, I'll be able to assist with almost anything you require.",Entire rental unit,entire_home,https://a0.muscache.com/im/pictures/miso/Hosting-11113813/original/173a6b35-9fe3-40f1-810e-a636afd0cb5a.jpeg,12,"https://a0.muscache.com/im/pictures/miso/Hosting-11113813/original/173a6b35-9fe3-40f1-810e-a636afd0cb5a.jpeg,https://a0.muscache.com/im/pictures/miso/Hosting-11113813/original/4af6b74d-1e1c-4779-8050-586c108d3b83.jpeg,https://a0.muscache.com/im/pictures/miso/Hosting-11113813/original/63d11864-99ec-43b6-86c1-255c8ad72ea9.jpeg,https://a0.muscache.com/im/pictures/miso/Hosting-11113813/original/d330cf20-d763-42bc-9c7f-ce98711e19fe.jpeg,https://a0.muscache.com/im/pictures/miso/Hosting-11113813/original/653d63a3-f7bc-443f-ada1-126239e1f4b2.jpeg,https://a0.muscache.com/im/pictures/miso/Hosting-11113813/original/a32f6780-8a44-4191-95e3-728303972592.jpeg,https://a0.muscache.com/im/pictures/miso/Hosting-11113813/original/5f3f46d2-b273-4f53-be44-4ebf0f9a334f.jpeg,https://a0.muscache.com/im/pictures/miso/Hosting-11113813/original/cb06365d-518d-4f40-9be4-c45dea888bb6.jpeg,https://a0.muscache.com/im/pictures/miso/Hosting-11113813/original/19e8148a-9d17-44e9-959a-f538f1995d21.jpeg,https://a0.muscache.com/im/pictures/7bd12c9f-4a7b-4524-90a7-d2f55b88ddb9.jpg,https://a0.muscache.com/im/pictures/53f89fb7-d483-428d-add2-65223e76fc3e.jpg,https://a0.muscache.com/im/pictures/miso/Hosting-11113813/original/3aeb6911-c9ed-413e-9219-eaeee64c7aa4.jpeg",42024800,Ingunn,"","",true,64.1446,-21.9327,2,,1,1.0,false,"Hair dryer,Shampoo,Conditioner,Body soap,Hot water,Shower gel,Washer,Essentials,Hangers,Bed linens,Extra pillows and blankets,Iron,Drying rack for clothing,Clothing storage,TV,Crib,High chair,Ceiling fan,Heating,Smoke alarm,Carbon monoxide alarm,Fire extinguisher,First aid kit,Wifi,Pocket wifi,Kitchen,Refrigerator,Microwave,Cooking basics,Dishes and silverware,Stove,Hot water kettle,Coffee maker,Wine glasses,Toaster,Dining table,Coffee,Paid parking off premises,Paid parking on premises,Single level home,Luggage dropoff allowed,Long term stays allowed",,false,1,Firm,3:00 PM,11:00 AM,true,false,ISK,52,0,true,326,4.89,4.9,4.9,5.0,5.0,5.0,4.9,35521.0,4520026.0,176.9,22612.6,0.501,0.661,89.1,11332.2,117.3,14932.3,1.0,2.2,183,88,182,365,6402.0,814651.0,158.5,20174.7,0.4,0.545,64.2,8169.4,87.5,11140.1,1.0,2.6,36,24,54,90
11140969,Warm and child-friendly apartments in central Rvk,The apartment with a  beautiful view over the fjord and Snæfelsjökul glacier and on the other side is shielded from traffic and short walk to the playground and 24/7 open supermarket where there is a post office and sport bar .A little further is the swimming pool with sauna and exercise stations. It is about 10-15 min walk to the center of the city.,Entire rental unit,entire_home,https://a0.muscache.com/im/pictures/03f90a60-8eb2-4d25-a2b1-808c0b80f037.jpg,10,"https://a0.muscache.com/im/pictures/03f90a60-8eb2-4d25-a2b1-808c0b80f037.jpg,https://a0.muscache.com/im/pictures/cc29376a-5113-4f60-955a-f0622d6b7c92.jpg,https://a0.muscache.com/im/pictures/1372dea9-5fc5-425e-b543-4201261ca618.jpg,https://a0.muscache.com/im/pictures/8990367c-7a84-47ef-a765-3a69db36018d.jpg,https://a0.muscache.com/im/pictures/fd89afff-ce14-4cad-aa06-ec57b25340dd.jpg,https://a0.muscache.com/im/pictures/da003ecb-816a-4df0-a7b4-4866f33d48df.jpg,https://a0.muscache.com/im/pictures/91e04938-2e0d-4e72-a2d7-b6dd7bb87702.jpg,https://a0.muscache.com/im/pictures/a38bf03e-bdfd-4594-9a79-539a65e32cda.jpg,https://a0.muscache.com/im/pictures/94864770-4b01-49a0-96e2-8d296a570044.jpg,https://a0.muscache.com/im/pictures/c2778f58-179d-4b59-826c-02cb0b6411dd.jpg",57899660,Annel,"","",false,64.1500,-21.9792,5,2,4,1.0,false,"TV,Cable TV,Bathtub,Hair dryer,Cleaning products,Hot water,Shower gel,Washer,Essentials,Hangers,Bed linens,Room-darkening shades,Clothing storage,Game console,Outdoor playground,Heating,Wifi,Kitchen,Refrigerator,Microwave,Cooking basics,Dishes and silverware,Dishwasher,Stove,Oven,Coffee maker,Toaster,Beach access,Lake access,Private entrance,Patio or balcony,Free parking on premises,Free street parking,Long term stays allowed",,false,4,Moderate,3:00 PM,11:00 AM,true,false,ISK,46,0,true,65,4.94,4.9,4.9,5.0,5.0,4.9,4.9,27656.0,3531438.0,236.9,30286.3,0.315,0.417,73.4,9370.5,97.0,12392.1,4.0,5.8,115,89,250,365,1789.0,227648.0,243.6,30993.7,0.078,0.167,18.9,2399.4,40.4,5141.5,4.0,3.5,7,48,83,90
11209782,Two luxury apartments in same house,Two luxury apartments on top floors in the same building. 220 Sq meters. With two big kitchens and 4 bedrooms  . great apartment located in the main street of down town Reykjavík. Only 10 meters walk and you are on The main street Laugarvegur.<br /><br /><b>The space</b><br />This great apartment located in the main street of down town Reykjavík. Only 10 meters walk and you are on The main street Laugarvegur.<br />Iceland is one of the ultimate vacation destinations. stay in your very own Reykjavík City rental apartment.<br /><br /><b>Other things to note</b><br />I welcome people from all around the world!,Entire rental unit,entire_home,https://a0.muscache.com/im/pictures/00e4fe25-05f9-4ebf-b1fd-214e2960a7bf.jpg,68,"https://a0.muscache.com/im/pictures/00e4fe25-05f9-4ebf-b1fd-214e2960a7bf.jpg,https://a0.muscache.com/im/pictures/aed84476-4db2-4ef1-a796-8c0f57e2bc31.jpg,https://a0.muscache.com/im/pictures/9ad310c1-461d-4129-810a-81fb776128b3.jpg,https://a0.muscache.com/im/pictures/c43cc567-f22f-4550-a163-b7bc5d8df4f6.jpg,https://a0.muscache.com/im/pictures/670c76e6-8829-473a-840b-8dd92a3539c5.jpg,https://a0.muscache.com/im/pictures/019e68f2-4eba-4fe5-83c3-73b8795a1242.jpg,https://a0.muscache.com/im/pictures/72a295e1-47fe-4a9d-93b0-0661a753b434.jpg,https://a0.muscache.com/im/pictures/a043e02f-01e4-408e-9601-941e8801cfc9.jpg,https://a0.muscache.com/im/pictures/8cfd8e3b-3936-4408-a884-590a353ecb0e.jpg,https://a0.muscache.com/im/pictures/73bef971-c21b-44ad-9e4c-b7ef7aa13f18.jpg,https://a0.muscache.com/im/pictures/54aeeb13-cf77-401e-970e-a7334f69ba51.jpg,https://a0.muscache.com/im/pictures/57f36f9e-1f90-4a0f-953c-994e2b7c4cf0.jpg,https://a0.muscache.com/im/pictures/e53b28d1-5c81-4127-9481-c48f7d114f40.jpg,https://a0.muscache.com/im/pictures/149b8495-85f0-4e98-ac42-808623c812ee.jpg,https://a0.muscache.com/im/pictures/a8196b4a-b98d-4a8e-ab56-38336008c48d.jpg,https://a0.muscache.com/im/pictures/50b004c7-2195-419c-90c9-d4bb6919254d.jpg,https://a0.muscache.com/im/pictures/e825fc63-efd1-4d92-a1c1-be5749cc8082.jpg,https://a0.muscache.com/im/pictures/c04e8d38-038e-4f92-9ff6-7c1d794b07a2.jpg,https://a0.muscache.com/im/pictures/c3ccd017-0d83-4615-b063-3f324ae8ee41.jpg,https://a0.muscache.com/im/pictures/41c47bff-bc27-44f7-a4cd-4854761cfb25.jpg,https://a0.muscache.com/im/pictures/8a356770-bd10-44f0-bb51-b121f3da7218.jpg,https://a0.muscache.com/im/pictures/8443f98a-2afb-4aed-afa1-31de2916d4d7.jpg,https://a0.muscache.com/im/pictures/c82adac4-18e5-40fe-9332-7f68bb31674e.jpg,https://a0.muscache.com/im/pictures/f09a8b4f-b2ee-4e5c-984c-97e8b9bbdcd3.jpg,https://a0.muscache.com/im/pictures/71cf6e93-f09f-4def-80f4-be6bbb64be0b.jpg,https://a0.muscache.com/im/pictures/e78130aa-b0e6-410b-9319-6bb006bd0acc.jpg,https://a0.muscache.com/im/pictures/5440d84e-d54a-4ca7-b28f-3179bb992b94.jpg,https://a0.muscache.com/im/pictures/a6a6bcda-aa1b-4ba6-9b13-4f6172054c51.jpg,https://a0.muscache.com/im/pictures/ceb9a6ee-4c02-4c7e-a107-599d20dd1cc9.jpg,https://a0.muscache.com/im/pictures/d093961f-42cc-484b-876b-5c938b27de2e.jpg,https://a0.muscache.com/im/pictures/afd69992-c887-4279-9918-8d556f5968b4.jpg,https://a0.muscache.com/im/pictures/82321270-7e94-4905-94d0-6a427cbba9cb.jpg,https://a0.muscache.com/im/pictures/9cf38d0c-39c8-48e3-8178-59a2cacc3b93.jpg,https://a0.muscache.com/im/pictures/1ceaaae2-2b74-4259-8388-47a68b809aa2.jpg,https://a0.muscache.com/im/pictures/1e9aab22-81c2-46d5-8c46-66be68d24f57.jpg,https://a0.muscache.com/im/pictures/63c7172a-12a0-43d7-85ba-49f269a07a7a.jpg,https://a0.muscache.com/im/pictures/39e30964-1754-4c2b-b8db-e50d83392d88.jpg,https://a0.muscache.com/im/pictures/48946e25-d025-4838-8850-770d0a50dcb4.jpg,https://a0.muscache.com/im/pictures/7e9b7bfc-46ad-4755-977f-0206ba369169.jpg,https://a0.muscache.com/im/pictures/2c589f96-6716-48a7-8804-c3ecf3a714ac.jpg,https://a0.muscache.com/im/pictures/5f56b281-216f-42df-9d34-017b43532f0e.jpg,https://a0.muscache.com/im/pictures/37b5a9a1-ef15-4cca-9447-5b414692b81e.jpg,https://a0.muscache.com/im/pictures/4712df42-dc50-437e-8131-e02e2dbc2f53.jpg,https://a0.muscache.com/im/pictures/ff5a28af-1ae5-4790-98eb-400d9bec9d2a.jpg,https://a0.muscache.com/im/pictures/57ec5c8c-7f4e-4556-94fc-14c27482c82b.jpg,https://a0.muscache.com/im/pictures/5cdf106f-08f4-4764-a3f5-f1bb76dd7c7d.jpg,https://a0.muscache.com/im/pictures/4117585f-b9bd-472e-9a9c-6c76e004c8bd.jpg,https://a0.muscache.com/im/pictures/94055647-efe3-4843-a0ea-563a8bf0ff31.jpg,https://a0.muscache.com/im/pictures/c239ded2-4d19-4eed-9f32-f89e8fbb491a.jpg,https://a0.muscache.com/im/pictures/9ca08226-8d35-4ba0-b4b8-ddab4084c599.jpg,https://a0.muscache.com/im/pictures/b6b3c1b9-e10a-4b89-aecb-78fd37ae1556.jpg,https://a0.muscache.com/im/pictures/8f906991-f500-42d9-ae55-4f6ff6ceda1e.jpg,https://a0.muscache.com/im/pictures/47c29eab-5d85-4aa3-9513-19a292a51f3f.jpg,https://a0.muscache.com/im/pictures/f6105d04-e122-4810-b93d-946f03bf0ee1.jpg,https://a0.muscache.com/im/pictures/667f1346-cf9f-49d5-b5c7-d0306e95b229.jpg,https://a0.muscache.com/im/pictures/4c8066df-8cce-43f0-bbca-26f06155bcb6.jpg,https://a0.muscache.com/im/pictures/b97a62ed-c245-4032-8580-2a2c0dbfca73.jpg,https://a0.muscache.com/im/pictures/e27d5fb4-a0eb-44eb-bb29-24036585cc67.jpg,https://a0.muscache.com/im/pictures/93615d39-56f1-497d-840f-04a03e5d3bd4.jpg,https://a0.muscache.com/im/pictures/eec6273a-d2d2-45b7-b4ff-dab11c2f51ca.jpg,https://a0.muscache.com/im/pictures/ea1d293e-8ea8-42b1-951f-bca16eaa0e15.jpg,https://a0.muscache.com/im/pictures/6e970efc-9e40-4538-b5f5-db0195a09d40.jpg,https://a0.muscache.com/im/pictures/2215bb74-d675-494c-a86f-05f22f0f8014.jpg,https://a0.muscache.com/im/pictures/877fab40-de4a-4629-9600-954af4505faa.jpg,https://a0.muscache.com/im/pictures/0f90892e-368d-4cd2-95c8-596e6ca2cdea.jpg,https://a0.muscache.com/im/pictures/d55b512c-a61f-4171-ae22-25e1cbee9f04.jpg,https://a0.muscache.com/im/pictures/1e26c441-359f-4ad1-9f34-447641904999.jpg,https://a0.muscache.com/im/pictures/d246b3b7-f694-4c05-83fb-9b4edb91a55b.jpg",16351678,Arnór,"","",true,64.1437,-21.9210,12,4,4,2.0,false,"Hair dryer,Cleaning products,Shampoo,Conditioner,Hot water,Washer,Dryer,Essentials,Hangers,Bed linens,Extra pillows and blankets,Iron,Ethernet connection,TV,Sound system,Crib,Pack ’n play/Travel crib,Children’s books and toys,High chair,Children’s dinnerware,Heating,Smoke alarm,Carbon monoxide alarm,Fire extinguisher,First aid kit,Wifi,Kitchen,Refrigerator,Microwave,Cooking basics,Dishes and silverware,Freezer,Dishwasher,Stove,Oven,Hot water kettle,Coffee maker,Wine glasses,Toaster,Baking sheet,Dining table,Private entrance,Laundromat nearby,Patio or balcony,Paid parking on premises,Luggage dropoff allowed,Long term stays allowed,Cleaning before checkout",,false,1,Strict,3:00 PM,11:00 AM,true,false,ISK,0,0,true,171,4.94,5.0,4.9,4.9,4.9,5.0,4.8,201833.0,2.5698135E7,1003.4,128352.9,0.534,0.534,553.0,70405.8,553.0,70405.8,1.0,2.0,195,0,170,365,37928.0,4826335.0,872.2,110991.6,0.467,0.467,421.4,53625.9,421.4,53625.9,1.0,1.9,42,0,48,90
11250160,Deluxe King Room - Freyja Guesthouse,"Private room in Reykjavik centre. Located steps away from Hallgrímskirkja, the downtown shopping street and the bus terminal. <br /><br />Our Deluxe Double/Twin rooms at Freyja Guesthouse feature super comfy beds to guarantee you have a great night’s sleep. The rooms are beautifully decorated in traditional style that includes antiques and classic details.<br /><br />Coffee and tea are available all day.<br />Breakfast is available for an extra charge of 22 EUR <br />Family-owned guesthouse with great friendly service.<br /><br /><b>The space</b><br />The room is the perfect size for two people. Beds can be arranged as two single beds on request. <br />The room includes a clothing rack, a 32\" TV and a luggage stand.<br /><br /><b>Guest access</b><br />Guests have access to a shared kitchen and bathroom. The kitchen is fully equipped with the essentials you need. We offer same-day dry cleaning service on weekdays and there is a laundromat 5 minutes away from the property.<br />Please contact us regarding the King or Twin bedding setup so we can ensure that everything is following your requirements.<br /><br /><b>Other things to note</b><br />We are a non-smoking guesthouse.<br /><br />A check-in fee of 20 Euros is added for check-in after 22:00.<br /><br />Breakfast hours from Monday to Friday are 8:30 AM until 11:30 AM.<br /><br />Weekend hours: 09:00 AM until 12:00 PM.",Room in bed and breakfast,hotel_room,https://a0.muscache.com/im/pictures/a1f57f63-af93-424f-b914-9f2a5229091a.jpg,11,"https://a0.muscache.com/im/pictures/a1f57f63-af93-424f-b914-9f2a5229091a.jpg,https://a0.muscache.com/im/pictures/3365493e-72cf-4128-8d44-652b578ebd7c.jpg,https://a0.muscache.com/im/pictures/b7a7583d-cd85-4e18-b4ce-052ca4851a67.jpg,https://a0.muscache.com/im/pictures/8e561cdd-b566-4406-9a46-27dd9281aa4b.jpg,https://a0.muscache.com/im/pictures/7acf797c-fbeb-40ac-9a81-b58efb2112d8.jpg,https://a0.muscache.com/im/pictures/a3ace734-f3e7-4875-b882-90a59072d699.jpg,https://a0.muscache.com/im/pictures/c83a0561-cf71-4161-bbbe-1bb5405a29bc.jpg,https://a0.muscache.com/im/pictures/4f531698-e305-429a-be6b-11ced036f0c9.jpg,https://a0.muscache.com/im/pictures/0c909650-2c03-4a4d-a0b2-84b3e734f644.jpg,https://a0.muscache.com/im/pictures/f74f8cb5-e68b-46fb-8f67-dc8591adfc23.jpg,https://a0.muscache.com/im/pictures/949b7766-7cce-4d05-b2ad-be3d0e25bbf6.jpg",4955551,Freyja Guesthouse & Suites,"","",true,64.1408,-21.9271,2,1,2,1.0,false,"Wifi,Hair dryer,Shampoo,Conditioner,Body soap,Hot water,Shower gel,Washer,Dryer,Essentials,Hangers,Bed linens,Extra pillows and blankets,Room-darkening shades,Iron,Clothing storage,TV,Books and reading material,Crib,Pack ’n play/Travel crib,Children’s books and toys,High chair,Outlet covers,Babysitter recommendations,Outdoor playground,Heating,Exterior security cameras on property,Smoke alarm,Fire extinguisher,First aid kit,Wifi,Dedicated workspace,Kitchen,Refrigerator,Microwave,Cooking basics,Dishes and silverware,Mini fridge,Dishwasher,Stove,Oven,Hot water kettle,Coffee maker,Toaster,Barbecue utensils,Dining table,Coffee,Laundromat nearby,Patio or balcony,Backyard,Outdoor furniture,Outdoor dining area,BBQ grill,Free parking on premises,Free street parking,Luggage dropoff allowed,Smoking allowed,Long term stays allowed,Cleaning before checkout",,false,1,Moderate,3:00 PM,11:00 AM,true,false,ISK,0,0,true,137,4.85,4.8,4.9,4.9,4.9,5.0,4.8,3299.0,420225.0,260.6,33280.8,0.03,0.03,9.0,1151.3,9.0,1151.3,1.0,1.0,11,0,354,365,0.0,0.0,253.5,32252.1,0.0,0.0,0.0,0.0,0.0,0.0,1.0,0.0,0,0,90,90
11251509,Single Room - Freyja Guesthouse,"Private room in the center of Reykjavik. Located steps away from Hallgrímskirkja, the downtown shopping street and the bus terminal. <br /><br />Our Deluxe Single rooms at Freyja Guesthouse feature super comfy beds to guarantee you have a great night’s sleep. The rooms are beautifully decorated in traditional style that includes antiques and classic details<br /><br />Coffee and tea are available all day. <br />Breakfast is available for 22 Euros per person. <br />Family owned guesthouse with great friendly service.<br /><br /><b>The space</b><br />The room is the perfect size for one person. <br />The room includes a clothing rack, a 32\" TV and a luggage stand.<br /><br /><b>Guest access</b><br />Guests have access to a shared kitchen and bathroom. The kitchen is fully equipped with the essentials you need. We offer same-day dry cleaning service on weekdays and there is a laundromat 5 minutes away from the property.<br /><br /><b>Other things to note</b><br />We are a non-smoking guesthouse.<br /><br />Check-in fee of 20 Euros is added for check-in after 22:00.<br /><br />Breakfast hours from Monday to Friday are 8:30 AM until 11:30 AM.<br /><br />Weekend hours: 09:00 AM until 12:00 PM.",Room in boutique hotel,hotel_room,https://a0.muscache.com/im/pictures/87373445-f110-4e7a-8940-555c6dcb7199.jpg,13,"https://a0.muscache.com/im/pictures/87373445-f110-4e7a-8940-555c6dcb7199.jpg,https://a0.muscache.com/im/pictures/78846493-4b17-4a45-b6da-c5a60494319b.jpg,https://a0.muscache.com/im/pictures/14accb48-48b3-4e1c-8793-9e2c39241d42.jpg,https://a0.muscache.com/im/pictures/6039e235-3c63-465d-a8b8-c799f586cb5f.jpg,https://a0.muscache.com/im/pictures/ab294056-1b63-4273-a1d1-f56d42ea4d07.jpg,https://a0.muscache.com/im/pictures/798f5bbc-e56d-422b-8dad-0c4c5dce040b.jpg,https://a0.muscache.com/im/pictures/ccd202f2-3341-47fc-840a-d0dc8ce87f1d.jpg,https://a0.muscache.com/im/pictures/1a1e8537-4e65-4ef0-9ee8-9383ca75a938.jpg,https://a0.muscache.com/im/pictures/e405fe26-69af-4daf-9c33-2f340100d09c.jpg,https://a0.muscache.com/im/pictures/0918d5f9-382d-4b64-9731-f14af428b2d1.jpg,https://a0.muscache.com/im/pictures/e168b8cc-666e-4bdb-b496-728581cbeacf.jpg,https://a0.muscache.com/im/pictures/95e07f1b-1ba3-40bc-8c11-ef7dbddae042.jpg,https://a0.muscache.com/im/pictures/d8ca347f-d6e7-412d-a1c3-b0193c4f3477.jpg",4955551,Freyja Guesthouse & Suites,"","",true,64.1404,-21.9293,1,1,1,1.0,false,"Hair dryer,Shampoo,Dryer,Essentials,Hangers,Iron,TV,Crib,Heating,Smoke alarm,Fire extinguisher,First aid kit,Wifi,Dedicated workspace,Kitchen,Cooking basics,Dishes and silverware,Coffee maker,Free parking on premises,Free street parking",,false,1,Moderate,3:00 PM,11:00 AM,false,false,ISK,0,0,true,72,4.9,4.9,4.9,5.0,4.8,5.0,4.7,12070.0,1549196.0,217.1,27745.3,0.145,0.146,33.1,4244.4,33.2,4256.0,1.0,1.6,53,1,312,365,0.0,0.0,203.6,25906.8,0.0,0.0,0.0,0.0,0.0,0.0,1.0,0.0,0,0,90,90
11298870,By the old harbour,"Rigth in the city centre just minutes away from the main shopping street in Reykjavik, so you can walk everywhere you need. One spacious bedroom, large kitchen and living room with all the amenities you need. Absolutely wonderful location :)",Entire rental unit,entire_home,https://a0.muscache.com/im/pictures/534d51e3-dc15-4995-94e8-fc51fdabf830.jpg,11,"https://a0.muscache.com/im/pictures/534d51e3-dc15-4995-94e8-fc51fdabf830.jpg,https://a0.muscache.com/im/pictures/baf75c06-056b-4c1d-8335-cb52cef1cfe6.jpg,https://a0.muscache.com/im/pictures/f2de8a3e-b789-41dc-86c1-74e20ef49f25.jpg,https://a0.muscache.com/im/pictures/4fce81cb-b587-4d66-819f-ce9aa5f04107.jpg,https://a0.muscache.com/im/pictures/ee3ecca7-e5d5-4242-95a6-9a402dea9ddc.jpg,https://a0.muscache.com/im/pictures/4bf8b20b-5f8c-41e4-89ef-b75bc61da045.jpg,https://a0.muscache.com/im/pictures/563e66e1-eaf6-45f9-b536-ca43fa0b981b.jpg,https://a0.muscache.com/im/pictures/3a9473ca-ca62-4a3c-a803-748583d944bf.jpg,https://a0.muscache.com/im/pictures/4573aed9-f8d9-48b3-a04e-bdec68cbf5f8.jpg,https://a0.muscache.com/im/pictures/e757df98-51e7-41c7-bd6d-f86b2bec62d9.jpg,https://a0.muscache.com/im/pictures/bd4be058-9219-4ac9-937f-4325fa5436e1.jpg",55254323,Gunnar Johannsson,"","",false,64.1512,-21.9442,4,1,2,1.0,false,"Hair dryer,Hot water,Washer,Dryer,Essentials,Hangers,Iron,TV,Heating,Smoke alarm,Fire extinguisher,Wifi,Kitchen,Microwave,Dishes and silverware,Coffee maker,Free parking on premises,Elevator",,false,2,Flexible,2:00 PM,11:00 AM,true,false,ISK,69,0,true,682,4.92,5.0,4.9,4.9,4.9,5.0,4.8,37445.0,4800874.0,257.1,32858.4,0.389,0.491,93.3,11974.4,117.9,15123.4,2.0,2.6,142,76,223,365,0.0,0.0,272.5,34678.4,0.0,0.0,0.0,0.0,0.0,0.0,2.0,0.0,0,76,90,90
11300058,Downtown luxury flats - City Center,,Entire rental unit,entire_home,https://a0.muscache.com/im/pictures/6f4366f7-d0c9-439d-875a-b730d28a78ef.jpg,46,,16351678,Arnór,"","",true,64.1447,-21.9212,14,4,4,2.0,false,"Hair dryer,Cleaning products,Shampoo,Conditioner,Hot water,Shower gel,Washer,Dryer,Essentials,Hangers,Bed linens,Extra pillows and blankets,Iron,Clothing storage,Ethernet connection,TV,Sound system,Crib,Pack ’n play/Travel crib,Children’s books and toys,High chair,Children’s dinnerware,Heating,Smoke alarm,Carbon monoxide alarm,Fire extinguisher,First aid kit,Wifi,Kitchen,Refrigerator,Microwave,Cooking basics,Dishes and silverware,Freezer,Dishwasher,Stove,Oven,Hot water kettle,Coffee maker,Wine glasses,Toaster,Dining table,Private entrance,Laundromat nearby,Patio or balcony,Outdoor furniture,Paid parking on premises,Luggage dropoff allowed,Long term stays allowed,Cleaning before checkout",,false,1,Strict,,,,,ISK,0,0,true,85,4.91,4.9,4.9,4.9,4.9,5.0,4.8,56286.0,7191510.0,1035.9,132541.1,0.162,0.257,154.2,19702.8,244.7,31267.4,1.0,1.9,59,135,306,365,21796.0,2773538.0,858.5,109238.4,0.267,0.324,242.2,30817.1,294.5,37480.2,1.0,2.0,24,16,66,90
11389846,"Entire apartm in Reykjavík suburb, free parking","My place is about 10-15 minutes drive by car from the city centre (NOT WALKING DISTANCE). Free parking. The apartment is in a quiet neighbourhood, but is close to the main bus station in Reykjavík and public transport and easy commute to the city centre with buses. You’ll love my place because of the coziness and the quiet neighbourhood. My place is good for couples, solo adventurers, business travelers.<br /><br /><b>The space</b><br />Bedroom with double bed, kitchen with coffee machine, fridge, freezer, living room and a sofa bed, small bathroom with shower. Internet. Please note there is no tv in the apartment<br /><br /><b>Other things to note</b><br />You are welcome to contact for help any time while you are staying with us! I am a professional tour guide and I can offer airport transfer and also day tours from Reykjavík. Look forward to meet you!",Entire rental unit,entire_home,https://a0.muscache.com/im/pictures/104f15c6-ee44-42ee-bd03-2cb4129a3da4.jpg,12,"https://a0.muscache.com/im/pictures/104f15c6-ee44-42ee-bd03-2cb4129a3da4.jpg,https://a0.muscache.com/im/pictures/6589ce4f-03d4-46a3-a68f-50e4a16d6fff.jpg,https://a0.muscache.com/im/pictures/8276d825-1c88-4740-be2f-33d154553024.jpg,https://a0.muscache.com/im/pictures/d3d0e64f-5a82-4706-8384-eb601b0fd7d4.jpg,https://a0.muscache.com/im/pictures/421c8c32-23a7-419d-886d-01bd7e098a21.jpg,https://a0.muscache.com/im/pictures/6a6d4729-c137-4c77-b914-a3427c64dac2.jpg,https://a0.muscache.com/im/pictures/def8c2cb-dff4-4dac-8e5f-8d5f3fd07076.jpg,https://a0.muscache.com/im/pictures/6e4ad3d5-b374-492e-b60e-d538c6f54487.jpg,https://a0.muscache.com/im/pictures/a34043d0-58f7-44fc-b6a9-c614d9800dae.jpg,https://a0.muscache.com/im/pictures/6f2232d0-c8da-414d-8890-1d68d05990a7.jpg,https://a0.muscache.com/im/pictures/de469d83-4adc-4011-be42-3f204374d6b9.jpg,https://a0.muscache.com/im/pictures/69afd08f-896f-45dd-b6d7-025eec1e8f1e.jpg",10054316,Helga,"","",false,64.1046,-21.8425,2,1,1,1.0,false,"Hair dryer,Shampoo,Conditioner,Hot water,Essentials,Hangers,Bed linens,Iron,Books and reading material,Heating,Smoke alarm,Carbon monoxide alarm,Fire extinguisher,First aid kit,Wifi,Kitchen,Refrigerator,Microwave,Cooking basics,Dishes and silverware,Freezer,Stove,Oven,Coffee maker,Private entrance,Patio or balcony,Backyard,Free parking on premises,Free street parking,Luggage dropoff allowed,Long term stays allowed",,false,2,Flexible,3:00 PM,11:00 AM,true,false,ISK,117,23,true,381,4.85,4.9,4.9,4.9,4.9,4.8,4.8,25268.0,3229593.0,128.7,16433.9,0.499,0.765,57.0,7298.2,87.5,11192.6,2.0,4.3,182,127,183,365,0.0,0.0,157.2,20009.3,0.0,0.0,0.0,0.0,0.0,0.0,2.0,0.0,0,90,90,90
11590767,Reykjavik City Centre House,,Entire home,entire_home,https://a0.muscache.com/im/pictures/72449843-15e3-42f4-b682-efb97e06d86a.jpg,25,,2551400,U,"","",true,64.1396,-21.9177,6,3,4,1.0,false,"TV,Wifi,Crib,Kitchen,Pack ’n play/Travel crib,Free parking on premises,Hot water,Free street parking,Microwave,Coffee maker,Dishes and silverware,Heating,Washer,Smoke alarm,Carbon monoxide alarm,Patio or balcony,First aid kit,Fire extinguisher,Essentials,Shampoo,Hangers,Hair dryer,Iron,Dedicated workspace",,,2,Firm,,,,,ISK,113,,,216,4.84,4.9,4.9,4.8,5.0,4.9,4.7,4800.0,610798.0,321.1,41043.2,0.038,0.062,11.9,1515.8,19.4,2470.0,2.0,2.3,14,141,351,365,0.0,0.0,346.4,44075.0,0.0,0.0,0.0,0.0,0.0,0.0,2.0,0.0,0,0,90,90
11607056,Central and spacious apartment,"The whole group will enjoy easy access to everything from this centrally located apartment.   It has 3 bedrooms, kitchen, bathroom  and large living and dining room with access to the balcony with a view into the garden.   <br />Working station with high speed wi-fi. <br />A small grocery store, 'Krambúðin' is just down the street (3 min walk)  and a nice local bakery, 'Bakarameistarinn' is only 7 min walk up the street (550m), for a perfect breakfast.<br /><br />Registration no. : HG-00016780<br /><br /><b>The space</b><br />Spacious and clean flat situated in a convenient location, close to all essential amenities.<br /><br />Registration number.: HG-00016780<br /><br />Popular destinations such as Perlan (15 min walk), Kjarvalsstaðir (15 min walk), Hallgrímskirkja (30min walk) and the iconic shopping street ‘Laugarvegur’ (30 min walk), which transforms to a vibrant restaurant area in the evening is easily reached by foot (weather permitting 😊) this is Iceland after all!<br /><br /><b>Guest access</b><br />The whole place will be available except one door to the basement in the corridor.<br /><br /><b>Other things to note</b><br />If you need to work you have working station and high speed Wi-Fi.<br />In the living room you will find Wi-Fi connected  Smart TV to log  onto your Netflix, Youtube etc.<br /><br /><b>Registration Details</b><br />HG- 00016780",Entire rental unit,entire_home,https://a0.muscache.com/im/pictures/miso/Hosting-11607056/original/23d5f13a-7425-4b6b-9611-44fd620957fa.jpeg,17,"https://a0.muscache.com/im/pictures/miso/Hosting-11607056/original/23d5f13a-7425-4b6b-9611-44fd620957fa.jpeg,https://a0.muscache.com/im/pictures/miso/Hosting-11607056/original/05091295-d764-43b9-ac39-417abb121ee7.jpeg,https://a0.muscache.com/im/pictures/81fefb9c-a364-4bce-b655-0eba16b6a1ad.jpg,https://a0.muscache.com/im/pictures/miso/Hosting-11607056/original/56b9da75-6ffc-440e-8339-63f893bf3cbb.jpeg,https://a0.muscache.com/im/pictures/miso/Hosting-11607056/original/dd98b3d3-159c-4290-bce9-53eca8c3ceb2.jpeg,https://a0.muscache.com/im/pictures/miso/Hosting-11607056/original/bd5f460e-d953-44b1-9023-8c03496deabf.jpeg,https://a0.muscache.com/im/pictures/bfceaecc-c4db-4758-b7d9-d1ae8f8a9af7.jpg,https://a0.muscache.com/im/pictures/74156177-05d7-4f2b-bfa8-191477300345.jpg,https://a0.muscache.com/im/pictures/5961271f-93e5-4ad4-8aea-15c5a9c29ac7.jpg,https://a0.muscache.com/im/pictures/miso/Hosting-11607056/original/7b8be245-a228-40f7-8dfb-343af571aead.jpeg,https://a0.muscache.com/im/pictures/1f857b4f-e624-45f1-ae7c-be30b498cddb.jpg,https://a0.muscache.com/im/pictures/miso/Hosting-11607056/original/08c372b1-9203-4425-90d4-e69d2d976b8b.jpeg,https://a0.muscache.com/im/pictures/5cd0b460-f0ff-4d55-8af0-f9e984048d32.jpg,https://a0.muscache.com/im/pictures/2ee86998-7e1b-468c-bd31-0b3eb5a946d7.jpg,https://a0.muscache.com/im/pictures/366f7fa8-da32-4eb9-b767-7a156c000547.jpg,https://a0.muscache.com/im/pictures/3b0d84de-5d67-468f-9c04-5d6a5d3d4277.jpg,https://a0.muscache.com/im/pictures/miso/Hosting-11607056/original/0303edd1-56a2-4d65-aa96-5fe7972d34ac.jpeg",17261647,Jón,"138495883,510347763,512351660","Gudrún Sigrídur,Jónína Margrét,Hronn",true,64.1327,-21.9075,6,3,4,1.0,true,"Bathtub,Hair dryer,Cleaning products,Shampoo,Conditioner,Body soap,Bidet,Hot water,Shower gel,Essentials,Hangers,Bed linens,Extra pillows and blankets,Room-darkening shades,Iron,Drying rack for clothing,Clothing storage,TV,Books and reading material,Pack ’n play/Travel crib,Children’s books and toys,High chair,Baby bath,Board games,Heating,Smoke alarm,Fire extinguisher,First aid kit,Wifi,Dedicated workspace,Kitchen,Refrigerator,Cooking basics,Dishes and silverware,Freezer,Dishwasher,Stove,Oven,Hot water kettle,Coffee maker,Wine glasses,Toaster,Baking sheet,Trash compactor,Dining table,Coffee,Private entrance,Laundromat nearby,Patio or balcony,Backyard,Free parking on premises,Free street parking,Single level home,Luggage dropoff allowed,Cleaning before checkout",,false,3,Moderate,3:00 PM,11:00 AM,true,false,ISK,0,0,true,30,4.93,4.9,5.0,4.9,5.0,4.8,4.9,30374.0,3869295.0,356.2,45706.6,0.238,0.238,83.2,10600.8,83.2,10600.8,3.0,4.8,87,0,278,365,0.0,0.0,0.0,0.0,0.0,0.0,0.0,0.0,0.0,0.0,3.0,0.0,0,0,90,90
11629742,Cozy Cottage in Nature with Hot tub & Sauna,,Entire cabin,entire_home,https://a0.muscache.com/im/pictures/3cfeef89-6612-41e5-b578-2f81f50ba8ec.jpg,30,,15429750,Tobias,"","",false,64.4216,-21.6672,6,3,6,1.0,true,"Hair dryer,Shampoo,Hot water,Washer,Dryer,Essentials,Hangers,Bed linens,TV,High chair,Indoor fireplace,Heating,Smoke alarm,Fire extinguisher,First aid kit,Wifi,Kitchen,Refrigerator,Cooking basics,Dishes and silverware,Dishwasher,Stove,Oven,Coffee maker,Private entrance,Patio or balcony,Backyard,BBQ grill,Free parking on premises,Hot tub",,false,4,Strict,,,,,ISK,420,0,false,53,4.85,4.9,4.6,4.7,4.8,4.9,4.8,39397.0,5016041.0,320.5,40977.2,0.274,0.524,90.7,11546.2,173.3,22064.7,4.1,6.7,100,174,265,365,0.0,0.0,312.6,39775.3,0.0,0.0,0.0,0.0,0.0,0.0,4.0,0.0,0,90,90,90
11694015,5 min walk from city center,"My 70 sqm apartment, built in 1937, is located in a very charming and beautiful part of Reykjavík, called Old Vesturbær.<br />The neighbourhood is very quiet and peaceful but still only 5 minute walk downtown.<br /><br /><b>The space</b><br />My 70 sqm apartment, built in 1937, is located in a very charming and beautiful part of Reykjavík, called Old Vesturbær, but only 5 min walk from city center.<br /><br />The bright and cozy apartment consists of a large master bedroom with a brand new 160x200 bed, a small bathroom with a shower and a large open space of a living room and a fully equipped kitchen. <br /><br />The south facing balconies are very small but perfect for drinking the morning coffee on a nice summer day. <br /><br />There is an extra bedroom available in the apartment if needed, with a 120x200 bed that can accommodate two children or one adult.<br /><br /><br />-Free parking <br />-Free Wireless Internet <br />-TV<br />-Fully equipped kitchen <br />-Great location<br />-Garden",Entire rental unit,entire_home,https://a0.muscache.com/im/pictures/hosting/Hosting-U3RheVN1cHBseUxpc3Rpbmc6MTE2OTQwMTU%3D/original/a6afc246-d6f8-4007-a91c-87fe04bb035e.jpeg,20,"https://a0.muscache.com/im/pictures/hosting/Hosting-U3RheVN1cHBseUxpc3Rpbmc6MTE2OTQwMTU%3D/original/a6afc246-d6f8-4007-a91c-87fe04bb035e.jpeg,https://a0.muscache.com/im/pictures/hosting/Hosting-U3RheVN1cHBseUxpc3Rpbmc6MTE2OTQwMTU%3D/original/432ef38a-c004-49a1-91c6-d1f2c81b2897.jpeg,https://a0.muscache.com/im/pictures/hosting/Hosting-U3RheVN1cHBseUxpc3Rpbmc6MTE2OTQwMTU%3D/original/305c8150-4a70-42ea-a749-fd829996953a.jpeg,https://a0.muscache.com/im/pictures/hosting/Hosting-U3RheVN1cHBseUxpc3Rpbmc6MTE2OTQwMTU%3D/original/7455e53e-e1a0-4922-8efe-23a8c1631688.jpeg,https://a0.muscache.com/im/pictures/2f2d7eb2-1bad-4455-8f26-db7f8075c824.jpg,https://a0.muscache.com/im/pictures/hosting/Hosting-U3RheVN1cHBseUxpc3Rpbmc6MTE2OTQwMTU%3D/original/eb3630d0-366b-433d-aa39-313d799a3dc3.jpeg,https://a0.muscache.com/im/pictures/hosting/Hosting-U3RheVN1cHBseUxpc3Rpbmc6MTE2OTQwMTU%3D/original/5d7ab53a-f579-4831-a1d1-3dee257695dc.jpeg,https://a0.muscache.com/im/pictures/hosting/Hosting-U3RheVN1cHBseUxpc3Rpbmc6MTE2OTQwMTU%3D/original/078aff91-0d01-4df4-881e-7428954e36a0.jpeg,https://a0.muscache.com/im/pictures/hosting/Hosting-U3RheVN1cHBseUxpc3Rpbmc6MTE2OTQwMTU%3D/original/7a53c3dc-0a75-4e25-a4c1-9a83d4408264.jpeg,https://a0.muscache.com/im/pictures/hosting/Hosting-U3RheVN1cHBseUxpc3Rpbmc6MTE2OTQwMTU%3D/original/af31288c-10b7-45f6-a826-ce1e79be6014.jpeg,https://a0.muscache.com/im/pictures/hosting/Hosting-U3RheVN1cHBseUxpc3Rpbmc6MTE2OTQwMTU%3D/original/ecacea27-8c2b-4b15-a93f-a386b661315e.jpeg,https://a0.muscache.com/im/pictures/hosting/Hosting-U3RheVN1cHBseUxpc3Rpbmc6MTE2OTQwMTU%3D/original/f9bdefc4-efe2-433e-b02a-5a99b6afe68d.jpeg,https://a0.muscache.com/im/pictures/hosting/Hosting-U3RheVN1cHBseUxpc3Rpbmc6MTE2OTQwMTU%3D/original/43465668-2a4b-4581-97df-7276ed39df97.jpeg,https://a0.muscache.com/im/pictures/hosting/Hosting-U3RheVN1cHBseUxpc3Rpbmc6MTE2OTQwMTU%3D/original/26b6b498-9ea1-4c3b-ad25-ac76514d6c9d.jpeg,https://a0.muscache.com/im/pictures/hosting/Hosting-U3RheVN1cHBseUxpc3Rpbmc6MTE2OTQwMTU%3D/original/f9d7fd14-50cd-4799-b29d-020acaac0195.jpeg,https://a0.muscache.com/im/pictures/hosting/Hosting-U3RheVN1cHBseUxpc3Rpbmc6MTE2OTQwMTU%3D/original/1982f748-755f-40e0-94eb-1b28fbd2e1e2.jpeg,https://a0.muscache.com/im/pictures/hosting/Hosting-U3RheVN1cHBseUxpc3Rpbmc6MTE2OTQwMTU%3D/original/a1312e74-c356-48a7-9665-1525366e24c3.jpeg,https://a0.muscache.com/im/pictures/hosting/Hosting-U3RheVN1cHBseUxpc3Rpbmc6MTE2OTQwMTU%3D/original/32f431cc-7e72-48fd-9c72-779eea44d543.jpeg,https://a0.muscache.com/im/pictures/hosting/Hosting-U3RheVN1cHBseUxpc3Rpbmc6MTE2OTQwMTU%3D/original/21424b07-3ff2-4818-a8c6-14b4680af673.jpeg,https://a0.muscache.com/im/pictures/hosting/Hosting-U3RheVN1cHBseUxpc3Rpbmc6MTE2OTQwMTU%3D/original/8f7630ad-8fe9-4867-afaf-79dc0b887b82.jpeg",5579528,Vilborg,"","",false,64.1490,-21.9549,3,3,4,1.0,false,"Hair dryer,Shampoo,Body soap,Hot water,Shower gel,Essentials,Hangers,Bed linens,TV,Sound system,Books and reading material,Air conditioning,Heating,Smoke alarm,Fire extinguisher,First aid kit,Wifi,Kitchen,Refrigerator,Cooking basics,Dishes and silverware,Freezer,Stove,Oven,Hot water kettle,Coffee maker,Wine glasses,Toaster,Baking sheet,Coffee,Free parking on premises,Free street parking,Long term stays allowed",,false,341,Firm,1:00 PM,11:00 AM,false,false,ISK,52,0,true,88,4.84,4.9,4.7,4.9,4.8,4.9,4.7,21518.0,2738154.0,206.2,26361.5,0.293,0.437,58.2,7411.1,86.8,11041.1,341.2,21.4,107,120,258,365,0.0,0.0,233.6,29725.5,0.0,0.0,0.0,0.0,0.0,0.0,332.9,0.0,0,86,90,90
11769657,Apartment in Reykjavík,,Entire rental unit,entire_home,https://a0.muscache.com/im/pictures/cf63f59e-f10d-49de-992b-5b744bdd51a4.jpg,9,,37615742,Helga,106930382,Sindri,false,64.1500,-21.8836,2,1,1,1.0,false,"TV,Wifi,Crib,Kitchen,Board games,Free parking on premises,Room-darkening shades,Hot water kettle,Hot water,Record player,Bed linens,Outdoor furniture,Microwave,Cleaning products,Coffee maker,Refrigerator,Dishwasher,Dishes and silverware,Cooking basics,Oven,Stove,Wine glasses,EV charger,Single level home,Smoke alarm,BBQ grill,Patio or balcony,Backyard,Essentials,Dining table,Hair dryer,Outdoor dining area,Freezer,Private entrance,Toaster,Bathtub,Changing table",false,false,3,Flexible,,,,,ISK,20,0,,7,5.0,4.7,4.6,4.6,4.9,5.0,4.4,15111.0,1930346.0,318.5,40732.3,0.129,0.136,40.9,5225.9,43.2,5512.8,3.0,4.7,47,19,318,365,0.0,0.0,314.5,40022.9,0.0,0.0,0.0,0.0,0.0,0.0,3.0,0.0,0,0,90,90
11864716,Cozy apt near Reykjavik city center,,Entire rental unit,entire_home,https://a0.muscache.com/im/pictures/be1f238d-3f23-4807-9fae-9dcda33f23b8.jpg,11,,51524784,Anthony,"","",false,64.1452,-21.9529,4,2,3,1.0,false,"Stove,TV,Smoke alarm,Wifi,Fire extinguisher,Kitchen,Essentials,Long term stays allowed,Free parking on premises,Shampoo,Hangers,Hot water,Free street parking,Microwave,Refrigerator,Dishes and silverware,Heating,Cooking basics",,false,4,Firm,,,,,ISK,0,0,,98,4.77,4.8,5.0,4.8,4.9,4.8,4.8,3405.0,433283.0,151.0,19313.8,0.063,0.08,9.3,1187.1,11.9,1509.7,4.0,3.8,23,78,342,365,2517.0,320286.0,150.3,19125.5,0.189,0.198,28.0,3558.7,29.3,3724.3,4.0,5.7,17,4,73,90
11968633,Mid-Century Modern Styled Apartment,"Watch the bustle of the street below this cozy spot in the city. The home features cool neutral grays throughout, chic furnishings, wood flooring, an open layout living space, touches of color, and antique accents.<br /><br /><b>The space</b><br />The apartment has new and welcoming interior. <br /><br />The apartment consists of two spacious bedrooms, a living room, kitchen and bathroom. The beds are of the highest quality and every inch of the apartment was renovated in the fall of 2016.<br /><br />Both bedrooms have safety deposit boxes and there is a 55\" TV in the living room. The living room window overlooks the main shopping street and provides great natural lighting.<br /><br /><b>Registration Details</b><br />REK-010594",Entire rental unit,entire_home,https://a0.muscache.com/im/pictures/9ef916a8-40aa-4e9e-8b3e-07522d6f249d.jpg,26,"https://a0.muscache.com/im/pictures/9ef916a8-40aa-4e9e-8b3e-07522d6f249d.jpg,https://a0.muscache.com/im/pictures/93816c00-5c59-473b-88ea-2c94fd1c142b.jpg,https://a0.muscache.com/im/pictures/e6b9329d-0c57-40d0-8b2b-36c0198c47f1.jpg,https://a0.muscache.com/im/pictures/be8ddd7f-92a6-4463-a252-bf332ec1973f.jpg,https://a0.muscache.com/im/pictures/4d7b203d-613b-4b48-aec7-1fdca0ab454a.jpg,https://a0.muscache.com/im/pictures/558d86e4-5d51-49a1-b3c2-0b58aa8f8d30.jpg,https://a0.muscache.com/im/pictures/245285a5-a4a0-44cc-be5b-737aafd82b6b.jpg,https://a0.muscache.com/im/pictures/783e4089-1001-45f4-87c4-143627de80ee.jpg,https://a0.muscache.com/im/pictures/55e6d24d-213c-4aa9-8a85-2acd0fac8485.jpg,https://a0.muscache.com/im/pictures/4bf3b6b0-cd03-49dd-902a-ad2fcea6747b.jpg,https://a0.muscache.com/im/pictures/7e2f9552-f6e0-409b-889e-b77a2a4faacb.jpg,https://a0.muscache.com/im/pictures/766ad817-989e-4895-b2b1-52aaeffd3a78.jpg,https://a0.muscache.com/im/pictures/d3272e1b-acd8-4496-8d21-874a5d18b26d.jpg,https://a0.muscache.com/im/pictures/1603e352-4980-495e-a214-de8611145c6e.jpg,https://a0.muscache.com/im/pictures/b7918a6c-1ed0-4232-a1df-03a6fab662cf.jpg,https://a0.muscache.com/im/pictures/e08511ad-4fb9-4995-a053-83c8a154bee2.jpg,https://a0.muscache.com/im/pictures/7f2401fc-c1c6-4afb-b93c-ba4931900096.jpg,https://a0.muscache.com/im/pictures/604e3f23-ee93-49d1-8761-299dbaf1f6a7.jpg,https://a0.muscache.com/im/pictures/7c44de3c-a6f9-43e7-aed0-a8f82a228cbd.jpg,https://a0.muscache.com/im/pictures/ce9f8e9a-a8fa-4b2e-89ff-d539963789bd.jpg,https://a0.muscache.com/im/pictures/f6d90765-3576-4602-b7ae-71f75e787cfa.jpg,https://a0.muscache.com/im/pictures/0b82f39c-5353-470f-935e-f31f8d169199.jpg,https://a0.muscache.com/im/pictures/31bde710-1c0e-4b82-8b3b-c1d9e483ae81.jpg,https://a0.muscache.com/im/pictures/fd32c2c5-c01b-4191-9cae-19299509ad09.jpg,https://a0.muscache.com/im/pictures/ba9235de-4e94-4569-a972-24865c25bf1e.jpg,https://a0.muscache.com/im/pictures/99e3a839-4161-41bd-b2d9-9e04c5f3a5ab.jpg",14984475,Lilja Björk,"","",true,64.1444,-21.9178,6,2,3,1.0,true,"Hair dryer,Shampoo,Body soap,Hot water,Essentials,Hangers,Bed linens,Extra pillows and blankets,Iron,TV,Heating,Smoke alarm,Carbon monoxide alarm,Fire extinguisher,First aid kit,Wifi,Dedicated workspace,Kitchen,Refrigerator,Cooking basics,Dishes and silverware,Dishwasher,Stove,Oven,Coffee maker",,false,2,Moderate,5:00 PM,11:00 AM,true,false,ISK,81,0,true,360,4.94,5.0,5.0,5.0,4.9,4.9,4.8,65104.0,8301936.0,312.8,39979.9,0.526,0.526,165.9,21163.7,165.9,21163.7,2.0,3.3,192,0,173,365,10480.0,1333577.0,324.1,41238.8,0.333,0.333,108.3,13786.8,108.3,13786.8,2.0,3.3,30,0,60,90
11987744,Private room in a family home.,,Private room in casa particular,private_room,https://a0.muscache.com/im/pictures/7c1e2a2c-4a79-47d1-97e9-3b5c683259d5.jpg,8,,64076596,Maria Lára,"","",false,64.1236,-21.8587,,,1,0.0,false,"TV,Wifi,Kitchen,Free parking on premises,Room-darkening shades,Hot water,Body soap,Conditioner,Bed linens,Extra pillows and blankets,Cleaning products,Fire pit,Dishes and silverware,Heating,Cooking basics,Clothing storage,Washer,Smoke alarm,BBQ grill,Shower gel,First aid kit,Fire extinguisher,Essentials,Shampoo,Lock on bedroom door,Hangers,Hair dryer,Iron,Dedicated workspace,Bathtub",true,false,1,Moderate,,,,,ISK,0,0,,36,4.94,5.0,5.0,4.9,4.9,4.9,4.9,4196.0,533933.0,91.6,11710.4,0.132,0.375,11.5,1462.8,32.8,4171.4,1.0,6.9,48,237,317,365,0.0,0.0,98.6,12551.0,0.0,0.0,0.0,0.0,0.0,0.0,1.0,0.0,0,33,90,90
12017075,"Spacious, close to Reykjavík center","Family friendly apartment in a quiet area in walking distance to the shops, cafés and restaurants of Reykjavík center. Park with a playground and bbq, small woodland area and beach close by. <br />Perfect for groups and families.<br /><br /><b>The space</b><br />Ground floor flat, three bedrooms, one bathroom with a shower, dine in kitchen, large living room with a desk. South facing garden, free parking.<br /><br /><b>Guest access</b><br />You will have access to the whole flat during your stay.<br /><br /><b>Other things to note</b><br />License No. HG-00017329",Entire rental unit,entire_home,https://a0.muscache.com/im/pictures/87cc3510-75e4-47d5-bb00-04abe40883bf.jpg,13,"https://a0.muscache.com/im/pictures/87cc3510-75e4-47d5-bb00-04abe40883bf.jpg,https://a0.muscache.com/im/pictures/3e45904f-171b-47c8-b303-b27f1723e042.jpg,https://a0.muscache.com/im/pictures/56ecd598-05a1-445b-804d-4b6513fcc2b4.jpg,https://a0.muscache.com/im/pictures/66d4a3b8-1443-4701-937f-902f65257d69.jpg,https://a0.muscache.com/im/pictures/10db4de8-7ecd-4230-8f6a-ff83eb593a7d.jpg,https://a0.muscache.com/im/pictures/1055de95-e692-4a60-b281-73b8feed6348.jpg,https://a0.muscache.com/im/pictures/8433ec74-6975-45cc-add5-611d2e585ff7.jpg,https://a0.muscache.com/im/pictures/de86f4d7-1d70-4c31-806e-c34f9ac9d1d7.jpg,https://a0.muscache.com/im/pictures/66810166-29ce-4779-87a7-603fad5931eb.jpg,https://a0.muscache.com/im/pictures/hosting/Hosting-U3RheVN1cHBseUxpc3Rpbmc6MTIwMTcwNzU%3D/original/301a84d9-ce96-46e5-a5a7-f7bee88e9625.jpeg,https://a0.muscache.com/im/pictures/hosting/Hosting-U3RheVN1cHBseUxpc3Rpbmc6MTIwMTcwNzU%3D/original/2db4931f-d4eb-498f-b6a4-e62e47d9e015.jpeg,https://a0.muscache.com/im/pictures/hosting/Hosting-U3RheVN1cHBseUxpc3Rpbmc6MTIwMTcwNzU%3D/original/1592ee70-920c-402c-a4ea-cfde8a6ccdc5.jpeg,https://a0.muscache.com/im/pictures/hosting/Hosting-U3RheVN1cHBseUxpc3Rpbmc6MTIwMTcwNzU%3D/original/ad147e22-84a3-408b-95c5-8529ba0df9ea.jpeg",10741320,Harpa,"","",false,64.1320,-21.9140,4,3,3,1.0,false,"Hair dryer,Cleaning products,Shampoo,Conditioner,Body soap,Hot water,Shower gel,Washer,Dryer,Essentials,Hangers,Bed linens,Extra pillows and blankets,Iron,Clothing storage,TV,Piano,Books and reading material,Children’s books and toys,Children’s dinnerware,Board games,Heating,Smoke alarm,Wifi,Dedicated workspace,Kitchen,Refrigerator,Cooking basics,Dishes and silverware,Freezer,Dishwasher,Stove,Oven,Hot water kettle,Coffee maker,Wine glasses,Toaster,Baking sheet,Blender,Dining table,Coffee,Beach access,Private entrance,Backyard,Free parking on premises,Free street parking,Luggage dropoff allowed",,false,5,Firm,3:00 PM,11:00 AM,false,false,ISK,41,0,true,28,4.71,4.7,4.9,4.7,4.9,4.9,4.7,8776.0,1116741.0,484.8,61815.5,0.123,0.317,23.6,3002.4,60.6,7717.4,4.9,11.3,45,223,320,365,0.0,0.0,879.3,111886.7,0.0,0.0,0.0,0.0,0.0,0.0,5.0,0.0,0,90,90,90
12071035,Private apartment in Reykjavík- 108,"A retro-styled apartment located centrally in Reykjavík. 1 king bed and optional one single bed that can be placed in the bedroom next to the large bed. Fully equipped kitchen with washer. Free wireless internet. A 5 min walk to Kringlan (mall) 10 min walk to Laugardalur and Kjarvalsstaðir (parks, outdoor areas, swimming pools). Free parking outside apartment and bus stops are situated close by(2 min walk) for transportation in all city directions.<br /><br /><b>The space</b><br />Large rooms, Large bedroom with a king size bed. Living room is spacious and there can be placed a second single bed with a new matrasse. Child friendly home.",Entire rental unit,entire_home,https://a0.muscache.com/im/pictures/miso/Hosting-12071035/original/3ac5aef8-cdc2-4c47-bf96-78332b348757.jpeg,9,"https://a0.muscache.com/im/pictures/miso/Hosting-12071035/original/3ac5aef8-cdc2-4c47-bf96-78332b348757.jpeg,https://a0.muscache.com/im/pictures/miso/Hosting-12071035/original/ff08d864-0467-49a9-baba-beeade3eb4d9.jpeg,https://a0.muscache.com/im/pictures/miso/Hosting-12071035/original/c50458ee-a995-4718-a052-f3cc8f20c640.jpeg,https://a0.muscache.com/im/pictures/miso/Hosting-12071035/original/523a9d13-3481-4527-91e1-c60b8bc05f75.jpeg,https://a0.muscache.com/im/pictures/miso/Hosting-12071035/original/7a731b1a-7b58-4acf-9ea9-6f625785a35f.jpeg,https://a0.muscache.com/im/pictures/miso/Hosting-12071035/original/23b1e20d-82e2-456a-86d5-ccdd5645ab2e.jpeg,https://a0.muscache.com/im/pictures/miso/Hosting-12071035/original/e8cdfd96-6da8-4808-b59b-ba713426d7f7.jpeg,https://a0.muscache.com/im/pictures/miso/Hosting-12071035/original/330f9f90-c558-403f-80a0-7b70a63f05fe.jpeg,https://a0.muscache.com/im/pictures/miso/Hosting-12071035/original/ea564750-a0de-461c-87aa-c49f27588e68.jpeg",64679144,Dagmar,"","",false,64.1363,-21.8951,3,1,2,1.0,false,"Bathtub,Hair dryer,Shampoo,Conditioner,Body soap,Hot water,Shower gel,Washer,Essentials,Hangers,Bed linens,Extra pillows and blankets,Room-darkening shades,Iron,Drying rack for clothing,Clothing storage,TV,Children’s books and toys,Children’s dinnerware,Outdoor playground,Heating,Smoke alarm,Fire extinguisher,Wifi,Dedicated workspace,Kitchen,Refrigerator,Microwave,Cooking basics,Freezer,Stove,Oven,Coffee maker,Wine glasses,Toaster,Dining table,Coffee,Patio or balcony,Free parking on premises,Free street parking",,false,2,Flexible,9:00 AM,12:00 PM,true,false,ISK,40,0,true,20,5.0,5.0,4.9,4.9,5.0,4.8,4.7,25685.0,3272935.0,173.6,22178.9,0.386,0.691,68.2,8688.0,122.0,15544.8,2.0,5.4,141,161,224,365,2693.0,342683.0,185.9,23654.2,0.144,0.271,28.6,3637.9,53.6,6821.1,2.0,4.3,13,42,77,90
12154067,Cosy two bedroom apartment,,Entire rental unit,entire_home,https://a0.muscache.com/im/pictures/69532cb0-c378-46b9-89ee-654ccba668f1.jpg,16,,65259046,Helgi,"","",false,64.1228,-21.8208,5,2,3,1.0,true,"TV,Wifi,Kitchen,Free parking on premises,Hot water,Bed linens,Extra pillows and blankets,Microwave,Coffee maker,Refrigerator,Dishwasher,Dishes and silverware,Heating,Cooking basics,Oven,Stove,Washer,Single level home,Smoke alarm,Shower gel,Carbon monoxide alarm,First aid kit,Fire extinguisher,Luggage dropoff allowed,Essentials,Long term stays allowed,Shampoo,Hangers,Hair dryer,Iron,Private entrance",,false,3,Moderate,,,,,ISK,50,0,,59,4.93,5.0,5.0,5.0,5.0,4.7,4.9,4165.0,529990.0,164.4,21018.8,0.068,0.117,11.0,1399.7,18.8,2398.6,3.0,8.3,25,152,340,365,0.0,0.0,172.8,21991.5,0.0,0.0,0.0,0.0,0.0,0.0,3.0,0.0,0,0,90,90
12157361,Downtown backyard house.,"A studio garden house in the center of Reykjavik.<br /> it is like a small hotel room with a kitchenette and a bathroom with a nice shower. <br />It is totally private but I live next door in the main house.<br />Everything both cultural and entertaining is practically just outside the door for my house is in the middle of the city although in a private street mostly away from the city noise.<br /><br /><b>The space</b><br />Even though it is small and it is a garden house it is a private house on a single floor with nobody above or below, it has a small kitchenette for basics and a bathroom with nice shower. <br />It is in the middle of the city but still in a side street. There is a wonderful cat coffee house Japanese style in the corner of my street, and lots of wonderful restaurants and bars just minutes away. <br />Also all transportation and bus is just steps away, and many make pick up points at the hotels in my street. Like Hotel Holt which is a few steps awayor Reykjavik  apartments 4you just next door.<br /><br />Booking tours in Iceland can be overwhelming as there are a ton of operators, I myself have worked with Travelade and I recommend them to all my guests. I have personally selected a few tours that should be useful for you when making a decision on what to do during your stay here. Travelade offer a wide range of tours and you can also book your rental car there as well as airport transfer called the Flybus. By booking though https://www.travelade.com/iceland/explore/from-helga-3/ They also have a lot of interesting articles about what to do in Iceland that you could find interesting.<br /><br /><b>Guest access</b><br />The entire garden house privately.<br /><br /><b>Other things to note</b><br />Booking tours in Iceland can be overwhelming as there are a ton of operators, I myself have worked with Travelade and I recommend them to all my guests. I have personally selected a few tours that should be useful for you when making a decision on what to do during your stay here. Travelade offer a wide range of tours and you can also book your rental car there as well as airport transfer called the Flybus. By booking though https://www.travelade.com/iceland/explore/from-helga-3/ They also have a lot of interesting articles about what to do in Iceland that you could find interesting.",Entire home,entire_home,https://a0.muscache.com/im/pictures/c20e5908-f265-4b39-b73d-9a35fe07eefc.jpg,39,"https://a0.muscache.com/im/pictures/c20e5908-f265-4b39-b73d-9a35fe07eefc.jpg,https://a0.muscache.com/im/pictures/c9ce77de-a29f-40a1-933f-104e754ae5da.jpg,https://a0.muscache.com/im/pictures/1ae4601a-8113-43af-8018-d172948a0284.jpg,https://a0.muscache.com/im/pictures/258a55a5-42b6-4e3f-ada2-3788a6975624.jpg,https://a0.muscache.com/im/pictures/fe87e9e5-6c50-408d-96ef-7ec62f9a5d4b.jpg,https://a0.muscache.com/im/pictures/cac1b4df-d8a5-41e5-8471-b222e2c7d544.jpg,https://a0.muscache.com/im/pictures/2f8ad9cc-5bdf-4895-a5ff-1b505eed2995.jpg,https://a0.muscache.com/im/pictures/b84b14db-f432-458e-9fc6-f4e9aeb97654.jpg,https://a0.muscache.com/im/pictures/bf51c815-580b-41c5-a7d5-bfbc37783452.jpg,https://a0.muscache.com/im/pictures/e8c72161-867a-425e-836f-139917c02acf.jpg,https://a0.muscache.com/im/pictures/de519b37-d2a3-4c8e-aa8f-b7f707f61e92.jpg,https://a0.muscache.com/im/pictures/53ddbb25-387d-4560-923f-6d55d7517097.jpg,https://a0.muscache.com/im/pictures/13a2352b-068b-4433-8a5c-794e4a7d23f9.jpg,https://a0.muscache.com/im/pictures/9ed4c0fd-fdee-4833-868e-4f188a8804cd.jpg,https://a0.muscache.com/im/pictures/6d015696-6761-4855-a1a4-5f76e1939985.jpg,https://a0.muscache.com/im/pictures/6e6f9f61-bb0e-4fa8-b6f0-01b86775d31f.jpg,https://a0.muscache.com/im/pictures/3b079a29-4fcd-4fdb-98a2-1e284fcfb6bd.jpg,https://a0.muscache.com/im/pictures/09153e5d-abd9-4c19-a812-44fa650cac28.jpg,https://a0.muscache.com/im/pictures/a78d3798-7aac-48fe-8f5e-26cb1a33c03a.jpg,https://a0.muscache.com/im/pictures/14f57c29-939e-4403-a9d0-6c0fa254956e.jpg,https://a0.muscache.com/im/pictures/1a94ee39-f10d-4da0-9d27-588eb19eb8e9.jpg,https://a0.muscache.com/im/pictures/ef42976f-3dce-4a74-84fc-eb9e5babe5ee.jpg,https://a0.muscache.com/im/pictures/d7eb81c8-7ece-488d-b1f5-260c0ab58729.jpg,https://a0.muscache.com/im/pictures/46b35443-3485-46fc-afb2-0227d4a8ea51.jpg,https://a0.muscache.com/im/pictures/c1ed5adb-4f96-4ad3-bdf5-3e0db02cc1e3.jpg,https://a0.muscache.com/im/pictures/2e58ef57-a6aa-4c65-a845-75570792d6b3.jpg,https://a0.muscache.com/im/pictures/cdc9291f-8405-477f-8d6b-fd1994e00ce3.jpg,https://a0.muscache.com/im/pictures/cc691ba2-cc9d-434a-a28c-317fcfc3a961.jpg,https://a0.muscache.com/im/pictures/ac681d8c-58cd-4a89-ba8f-729f9f9ce2ad.jpg,https://a0.muscache.com/im/pictures/bd67725c-5847-4fc5-a789-cefc66361d99.jpg,https://a0.muscache.com/im/pictures/de51b018-0d3c-4e98-9704-c5fce86b79a5.jpg,https://a0.muscache.com/im/pictures/bba59bcf-29f4-4841-b6d5-d94e4e9c50eb.jpg,https://a0.muscache.com/im/pictures/361e3375-7081-4588-acea-e68f75b65739.jpg,https://a0.muscache.com/im/pictures/dfb4d3c1-c443-4329-a7ad-6ae9f9d9ef86.jpg,https://a0.muscache.com/im/pictures/d1191879-7a51-41bd-a854-2c2f46a41698.jpg,https://a0.muscache.com/im/pictures/1766cd7c-0093-4d33-9fe8-7a44e8a03ca4.jpg,https://a0.muscache.com/im/pictures/d950444e-b396-442d-be94-c47d571abfb8.jpg,https://a0.muscache.com/im/pictures/fcf815f0-5fcf-4e47-9d89-138fae53d10d.jpg,https://a0.muscache.com/im/pictures/2c78a256-2ada-4407-a580-fd6a3676dd4f.jpg",5090336,Helga,"","",false,64.1441,-21.9319,2,,1,1.0,false,"Hot water,Shower gel,Washer,Essentials,Hangers,Bed linens,Drying rack for clothing,Safe,Heating,Smoke alarm,Fire extinguisher,First aid kit,Wifi,Kitchen,Refrigerator,Cooking basics,Dishes and silverware,Coffee maker,Patio or balcony",,false,2,Flexible,,12:00 PM,false,false,ISK,0,29,true,430,4.51,4.6,4.8,4.3,4.8,5.0,4.5,34836.0,4454167.0,132.7,16964.1,0.718,0.718,95.4,12203.2,95.4,12203.2,2.0,3.7,262,0,103,365,8034.0,1022321.0,129.4,16467.5,0.689,0.689,89.3,11359.1,89.3,11359.1,2.0,3.9,62,0,28,90
12180192,B14 - Unique apartment down town for 18Persons,"Welcome to our beautiful accommodation in Iceland. We at B14 are specialized in hosting guests from all over the world and we are more than happy to provide you with a beautiful stay in and around the capitol area of Reykjavik. We have multiple properties and should you decide to stay with us we will make sure to make your stay as comfortable as possible.<br /><br />B14 Bankastræti is located right in Reykjavik city center <br />Bars, restaurants, coffee shops, bakeries, grocery store,s and little boutiques<br /><br /><b>The space</b><br />B14 occupies the two top floors of a newly renovated building in the heart of Reykjavik city center with total 11 bedrooms and with fully equipped kitchen, living room, dining area and washer/drier on each floor.<br />This apartment has 5 bedrooms. All the rooms have private bathrooms and large sliding windows and both floors have a balcony. Note this is an exclusive private apartment.<br /><br /><b>Guest access</b><br />B14 has an easy and convenient self check-in system<br />All the doors have digital code door locks. You will get the numbers by email two days before arrival<br />The flybys can drop you off at drop off nr.6 next to the Culture House, which is only 3 minutes walk away<br /><br /><b>Other things to note</b><br />Please note that in the communal area of this apartment we have security cameras.",Entire rental unit,entire_home,https://a0.muscache.com/im/pictures/9b7d9937-206f-40f3-a718-486c704df7d4.jpg,30,"https://a0.muscache.com/im/pictures/9b7d9937-206f-40f3-a718-486c704df7d4.jpg,https://a0.muscache.com/im/pictures/68a3e982-1812-4f4e-b242-837f35d7085e.jpg,https://a0.muscache.com/im/pictures/18d6eb62-8441-403f-bef7-ee745014ea4a.jpg,https://a0.muscache.com/im/pictures/a106b77f-9c17-422f-ae0a-a60c19cf7d0f.jpg,https://a0.muscache.com/im/pictures/57107be8-2c8c-426b-af14-db3f861c9523.jpg,https://a0.muscache.com/im/pictures/3578a9b1-ee6f-4581-a314-3e62814cecf8.jpg,https://a0.muscache.com/im/pictures/da5696aa-69f1-4f8a-8d55-711cd4367e96.jpg,https://a0.muscache.com/im/pictures/74267d0a-ef0b-4385-b179-36234bfcf0d6.jpg,https://a0.muscache.com/im/pictures/262bb9b2-b650-435e-a158-12c1ae6a5f1f.jpg,https://a0.muscache.com/im/pictures/e614ed87-7e86-4f4b-a37f-d16e35fdbca6.jpg,https://a0.muscache.com/im/pictures/c2134ad4-3037-41d5-8dfe-7f4e1734fce6.jpg,https://a0.muscache.com/im/pictures/694737ee-e848-4c3b-92c9-8359e8841fda.jpg,https://a0.muscache.com/im/pictures/e9b1515b-7431-4f27-89e4-142edf8c47cc.jpg,https://a0.muscache.com/im/pictures/63258c01-5fce-4da2-afce-0ea3ce67e1b2.jpg,https://a0.muscache.com/im/pictures/e1f904ad-5fa8-4e98-9dcb-fefcc797d137.jpg,https://a0.muscache.com/im/pictures/b2be2226-408d-4905-b9a1-878cdd55ad26.jpg,https://a0.muscache.com/im/pictures/c6d466b7-3818-4955-8690-68142d053dc1.jpg,https://a0.muscache.com/im/pictures/b7d84087-efb8-4f28-bdd8-15cddf031e6c.jpg,https://a0.muscache.com/im/pictures/4c3f4e78-7ab3-4040-b377-df31e073bea2.jpg,https://a0.muscache.com/im/pictures/85f1736b-7463-4413-afda-d67500262e69.jpg,https://a0.muscache.com/im/pictures/42eb7813-5308-46cd-93d3-2beac702c36a.jpg,https://a0.muscache.com/im/pictures/0a94278e-7398-41fd-a96a-e1f88f8a9067.jpg,https://a0.muscache.com/im/pictures/4a0fd2bf-4e05-43c3-8c71-fa3801c97cc9.jpg,https://a0.muscache.com/im/pictures/8ad6e2aa-1b28-446e-93e3-a9e5491af80e.jpg,https://a0.muscache.com/im/pictures/183661fe-3905-494f-a5e7-f0ebcf0df16e.jpg,https://a0.muscache.com/im/pictures/hosting/Hosting-U3RheVN1cHBseUxpc3Rpbmc6MTIxODAxOTI%3D/original/17841f0d-538b-48c7-92c9-16b8316ba552.jpeg,https://a0.muscache.com/im/pictures/hosting/Hosting-U3RheVN1cHBseUxpc3Rpbmc6MTIxODAxOTI%3D/original/c54869ea-ed1b-46b5-ad4c-f9a4ab3f96f6.jpeg,https://a0.muscache.com/im/pictures/hosting/Hosting-U3RheVN1cHBseUxpc3Rpbmc6MTIxODAxOTI%3D/original/afd4700e-bb98-4706-aefc-8911310353c6.jpeg,https://a0.muscache.com/im/pictures/prohost-api/Hosting-12180192/original/80d32d19-23aa-4ca9-9792-babe99177655.png,https://a0.muscache.com/im/pictures/prohost-api/Hosting-12180192/original/cdbe7736-1a41-4956-82c2-a2d79f90cb93.png",2111523,⁨B14⁩,"","",false,64.1453,-21.9365,16,5,12,5.0,false,"Wifi,Hair dryer,Shampoo,Conditioner,Body soap,Shower gel,Washer,Dryer,Essentials,Hangers,Bed linens,Room-darkening shades,Iron,TV,Pack ’n play/Travel crib,High chair,Air conditioning,Heating,Exterior security cameras on property,Smoke alarm,Fire extinguisher,First aid kit,Wifi,Dedicated workspace,Kitchen,Refrigerator,Microwave,Cooking basics,Dishes and silverware,Freezer,Dishwasher,Stove,Oven,Hot water kettle,Coffee maker,Wine glasses,Toaster,Coffee,Paid parking off premises",,false,1,Firm,3:00 PM,11:00 AM,false,false,ISK,210,0,true,64,4.73,4.7,4.7,4.8,4.7,4.9,4.6,433967.0,5.5347545E7,2171.0,277475.3,0.471,0.526,1161.3,148123.0,1296.3,165336.1,1.1,2.8,172,38,193,365,5559.0,707381.0,1756.4,223497.3,0.033,0.058,57.1,7266.0,98.8,12575.7,1.0,1.5,3,38,87,90
12199470,Perfect DOWNTOWN location,"<b>The space</b><br />Two bedroom cosy apartment in the heart of the city center. Few steps away from the Laugarveg the main shopping street and all the restaurants and cafés .Amazing location !<br /><br /><b>Guest access</b><br />You will have the apartment entirely to yourself during your (URL HIDDEN) has a high speed internet,TV ,kitchen with basic equipment ,bathroom and a nice comfortable bed. I can provide a high hair, travel cot and  other necessary things for children if needed.",Entire home,entire_home,https://a0.muscache.com/im/pictures/miso/Hosting-12199470/original/8c7e6db7-1218-4722-a03b-d5702ffb3c00.jpeg,8,"https://a0.muscache.com/im/pictures/miso/Hosting-12199470/original/8c7e6db7-1218-4722-a03b-d5702ffb3c00.jpeg,https://a0.muscache.com/im/pictures/miso/Hosting-12199470/original/a9cb6594-f153-4b2c-ab70-3657de53cd93.jpeg,https://a0.muscache.com/im/pictures/miso/Hosting-12199470/original/6118944c-e6af-4145-afdf-45b98a3994f0.jpeg,https://a0.muscache.com/im/pictures/5dd0649f-4946-48d5-a252-bdfb8b02eced.jpg,https://a0.muscache.com/im/pictures/miso/Hosting-12199470/original/2d7f2e05-e64e-484d-86d1-e8cf52a06e90.jpeg,https://a0.muscache.com/im/pictures/miso/Hosting-12199470/original/f8e163f5-4850-4ba1-9853-c536bc84d629.jpeg,https://a0.muscache.com/im/pictures/miso/Hosting-12199470/original/7738671e-d9f0-40b6-aa37-b3fbfa37723d.jpeg,https://a0.muscache.com/im/pictures/b0e634aa-f580-413c-9418-820d11cceead.jpg",6065337,Karen,"","",true,64.1447,-21.9271,5,2,4,1.0,false,"Hair dryer,Cleaning products,Shampoo,Conditioner,Body soap,Hot water,Shower gel,Washer,Dryer,Essentials,Hangers,Bed linens,Extra pillows and blankets,Room-darkening shades,Iron,Drying rack for clothing,Clothing storage,TV,Pack ’n play/Travel crib,High chair,Air conditioning,Heating,Smoke alarm,Carbon monoxide alarm,Fire extinguisher,First aid kit,Wifi,Kitchen,Refrigerator,Cooking basics,Dishes and silverware,Freezer,Dishwasher,Stove,Oven,Hot water kettle,Coffee maker,Wine glasses,Toaster,Baking sheet,Dining table,Coffee,Private entrance,Laundromat nearby,Backyard,Outdoor furniture,Paid parking off premises,Single level home,Luggage dropoff allowed,Long term stays allowed",,false,2,Moderate,3:00 PM,11:00 AM,true,false,ISK,70,0,true,558,4.88,4.9,4.9,4.9,4.9,5.0,4.8,87593.0,1.1197609E7,253.7,32428.7,0.893,0.931,226.7,28994.6,236.5,30237.2,1.5,1.7,326,15,39,365,18454.0,2348255.0,250.7,31897.2,0.767,0.92,193.4,24607.2,232.1,29528.7,1.9,2.2,69,15,21,90
12282881,Perfect city center location,"40fm, 2 bedroom  cosy apartment ,in the heart of city center . One minute away from downtown restaurant,cafés,supermarkets and shops. If taking the Fly bus then the closest stop is at the Landmark church Hallgrimskirkja 5 minutes away and also for the day tours.<br /><br /><b>The space</b><br />The apartments consists of an open kitchen and living room, bathroom with shower and 2 bedrooms . 1 bedroom has a queen size bed and the other has a double bed.<br /><br />The apartment has all the comforts needed to feel like at home<br /><br /><b>Guest access</b><br />The whole apartment which includes high speed internet , free wi-if, cable TV, washing machine , dryer , iron,hairdryer and a fully equipped kitchen.<br />We also provide bed linen and towels for our guests.",Entire home,entire_home,https://a0.muscache.com/im/pictures/miso/Hosting-12282881/original/d7319e8b-8a1b-450a-b790-a66e8bdb5dc2.jpeg,6,"https://a0.muscache.com/im/pictures/miso/Hosting-12282881/original/d7319e8b-8a1b-450a-b790-a66e8bdb5dc2.jpeg,https://a0.muscache.com/im/pictures/miso/Hosting-12282881/original/f6a66ecd-f34c-4d8a-861e-92f5bc8d98ba.jpeg,https://a0.muscache.com/im/pictures/0434db90-8ff2-43f3-bb4b-09dcd8631d2a.jpg,https://a0.muscache.com/im/pictures/3db50f96-b6ee-4c11-aa6a-54e981de311a.jpg,https://a0.muscache.com/im/pictures/e7cf9f7e-0e61-4e05-bff2-be69593e8f98.jpg,https://a0.muscache.com/im/pictures/5566196e-f484-45a6-99f3-cb9ebc941a17.jpg",6065337,Karen,"","",true,64.1445,-21.9254,4,2,2,1.0,false,"Hair dryer,Cleaning products,Shampoo,Conditioner,Body soap,Hot water,Shower gel,Washer,Dryer,Essentials,Hangers,Bed linens,Extra pillows and blankets,Iron,Drying rack for clothing,Clothing storage,TV,Pack ’n play/Travel crib,High chair,Air conditioning,Heating,Smoke alarm,Carbon monoxide alarm,Fire extinguisher,First aid kit,Wifi,Kitchen,Refrigerator,Cooking basics,Dishes and silverware,Mini fridge,Freezer,Stove,Oven,Hot water kettle,Coffee maker,Wine glasses,Toaster,Baking sheet,Dining table,Coffee,Private entrance,Laundromat nearby,Outdoor furniture,Free parking on premises,Paid parking off premises,Luggage dropoff allowed,Long term stays allowed",,false,8,Moderate,3:00 PM,11:00 AM,true,false,ISK,70,0,true,452,4.84,4.9,4.9,4.9,5.0,5.0,4.8,62278.0,7965613.0,221.9,28360.8,0.715,0.845,158.5,20286.2,187.3,23962.7,8.3,1.5,261,56,104,365,3266.0,415595.0,225.1,28641.0,0.144,0.382,32.4,4122.9,85.8,10913.5,1.9,2.2,13,56,77,90
12282977,Superb downtown location,"65 fm 2 bedroom  cosy apartment ,in the heart of city center . One minute away from downtown restaurant,cafés,supermarkets and shops.<br />There is free parking on the street from mon-fri 18 pm - 9 am,  sat from 16 pm and all day sun.<br /><br /><b>The space</b><br />Two bedroom cosy apartment in the heart of the city center. Few steps away from the Laugarveg the main shopping street and all the restaurants and cafés .Amazing location !<br /><br /><b>Guest access</b><br />You will have the apartment entirely to yourself during your (URL HIDDEN) has a high speed internet,TV ,kitchen with basic equipment ,bathroom and a nice comfortable bed. I can provide a high hair, travel cot and  other necessary things for children if needed.",Entire home,entire_home,https://a0.muscache.com/im/pictures/miso/Hosting-12282977/original/9dd5909e-09d0-4690-9c44-81297ec9bf73.jpeg,10,"https://a0.muscache.com/im/pictures/miso/Hosting-12282977/original/9dd5909e-09d0-4690-9c44-81297ec9bf73.jpeg,https://a0.muscache.com/im/pictures/miso/Hosting-12282977/original/7d2dde72-4c2f-41b8-9cc8-f8d1cea1b644.jpeg,https://a0.muscache.com/im/pictures/miso/Hosting-12282977/original/951e1be0-0cfb-4cf3-9567-5cf9c8b4b9ea.jpeg,https://a0.muscache.com/im/pictures/miso/Hosting-12282977/original/2fd15287-e77c-4968-8314-12926a8f88c4.jpeg,https://a0.muscache.com/im/pictures/0832345f-b9dc-4273-bcef-cfe036a662fc.jpg,https://a0.muscache.com/im/pictures/f59a1632-261b-45e8-9f52-0b9887449ebd.jpg,https://a0.muscache.com/im/pictures/35c0d1df-9338-44f4-a57d-17bdffa5ef04.jpg,https://a0.muscache.com/im/pictures/8795a933-4a62-4564-af68-b7643960884c.jpg,https://a0.muscache.com/im/pictures/7bafa88c-2b3d-4d61-94fe-1bf3a9f34c19.jpg,https://a0.muscache.com/im/pictures/hosting/Hosting-12282977/original/5e3f1a14-82a8-4d57-bf08-f6e73f8c86a9.jpeg",6065337,Karen,"","",true,64.1444,-21.9248,5,2,4,1.0,false,"Hair dryer,Cleaning products,Shampoo,Conditioner,Body soap,Hot water,Shower gel,Washer,Dryer,Essentials,Hangers,Bed linens,Extra pillows and blankets,Room-darkening shades,Iron,Drying rack for clothing,TV,Pack ’n play/Travel crib,Children’s books and toys,High chair,Air conditioning,Heating,Smoke alarm,Carbon monoxide alarm,Fire extinguisher,First aid kit,Wifi,Kitchen,Refrigerator,Cooking basics,Dishes and silverware,Freezer,Dishwasher,Stove,Oven,Hot water kettle,Coffee maker,Wine glasses,Toaster,Baking sheet,Dining table,Coffee,Private entrance,Backyard,Paid parking off premises,Single level home,Luggage dropoff allowed,Long term stays allowed",,false,2,Moderate,3:00 PM,11:00 AM,true,false,ISK,70,0,true,454,4.88,4.9,4.9,4.8,5.0,5.0,4.8,80911.0,1.0337018E7,237.2,30312.8,0.879,0.879,209.4,26758.8,209.4,26758.8,1.5,1.6,321,0,44,365,17917.0,2279917.0,230.9,29384.7,0.8,0.8,185.1,23551.0,185.1,23551.0,1.9,1.7,72,0,18,90
12492845,New spacious 4 bedroom house,"Located in the suburbs of Reykjavik, this modern open plan house is ideal accommodation for a family or group of friends. With easy access to the center of town and the beautiful countryside Iceland has to offer. Plus jacuzzi for extra comfort.",Entire townhouse,entire_home,https://a0.muscache.com/im/pictures/miso/Hosting-12492845/original/e8276bf1-c634-4a36-9b1f-7a8d37e882ba.jpeg,26,"https://a0.muscache.com/im/pictures/miso/Hosting-12492845/original/e8276bf1-c634-4a36-9b1f-7a8d37e882ba.jpeg,https://a0.muscache.com/im/pictures/miso/Hosting-12492845/original/221f1293-fe3f-4bea-95c8-adb3b1d5a8c3.jpeg,https://a0.muscache.com/im/pictures/miso/Hosting-12492845/original/1b0bf6dc-80b5-475c-ac66-7411c22a9c52.jpeg,https://a0.muscache.com/im/pictures/miso/Hosting-12492845/original/34d21ae3-2ea9-444f-abef-94d2c0b0be8b.jpeg,https://a0.muscache.com/im/pictures/miso/Hosting-12492845/original/ee1b59ae-c2c0-4ecc-a344-520f893abc05.jpeg,https://a0.muscache.com/im/pictures/miso/Hosting-12492845/original/b7742dd0-dc1f-451e-b358-2e66e4360324.jpeg,https://a0.muscache.com/im/pictures/miso/Hosting-12492845/original/dc8848aa-6887-4069-a103-e7355ce92312.jpeg,https://a0.muscache.com/im/pictures/miso/Hosting-12492845/original/a08321d1-5df6-461d-b0b0-9d7b9c336552.jpeg,https://a0.muscache.com/im/pictures/miso/Hosting-12492845/original/f7088a1f-f5e1-4db5-b05f-370b774db738.jpeg,https://a0.muscache.com/im/pictures/miso/Hosting-12492845/original/e637ec9c-7a24-4659-a9c7-eb3d9ebe0372.jpeg,https://a0.muscache.com/im/pictures/miso/Hosting-12492845/original/9fa6bbf0-5f0c-4b9b-b68b-6bb5a1df2fbe.jpeg,https://a0.muscache.com/im/pictures/miso/Hosting-12492845/original/74644789-22b2-4703-ad96-3ae0708eb72a.jpeg,https://a0.muscache.com/im/pictures/miso/Hosting-12492845/original/9f30a271-b43e-4a7d-bb01-af645378c378.jpeg,https://a0.muscache.com/im/pictures/miso/Hosting-12492845/original/3ba5c086-218f-4f76-a195-b9d26de17903.jpeg,https://a0.muscache.com/im/pictures/miso/Hosting-12492845/original/233ee655-0449-433d-b2de-f5740f4edd88.jpeg,https://a0.muscache.com/im/pictures/miso/Hosting-12492845/original/233cdaf6-3ee0-49e5-9624-a9ac6e1003b6.jpeg,https://a0.muscache.com/im/pictures/miso/Hosting-12492845/original/423d0527-7ee1-447e-8c37-cd46703278c4.jpeg,https://a0.muscache.com/im/pictures/miso/Hosting-12492845/original/30efd487-50d0-436f-8917-a0b7aca7fa6e.jpeg,https://a0.muscache.com/im/pictures/5eb60477-2f95-4819-848b-79a43976e6f6.jpg,https://a0.muscache.com/im/pictures/hosting/Hosting-U3RheVN1cHBseUxpc3Rpbmc6MTI0OTI4NDU%3D/original/1e76eef8-3965-496a-9c57-b8a58b4f99c7.jpeg,https://a0.muscache.com/im/pictures/hosting/Hosting-U3RheVN1cHBseUxpc3Rpbmc6MTI0OTI4NDU%3D/original/50863525-7f60-45ed-9fb6-725886d8037f.jpeg,https://a0.muscache.com/im/pictures/hosting/Hosting-U3RheVN1cHBseUxpc3Rpbmc6MTI0OTI4NDU%3D/original/4ae3a763-3266-4631-84b9-06e4cf996e1b.jpeg,https://a0.muscache.com/im/pictures/hosting/Hosting-U3RheVN1cHBseUxpc3Rpbmc6MTI0OTI4NDU%3D/original/6d9a6694-eeb8-4d04-81c0-20babaf88541.jpeg,https://a0.muscache.com/im/pictures/hosting/Hosting-U3RheVN1cHBseUxpc3Rpbmc6MTI0OTI4NDU%3D/original/c16ff2ec-ef6a-45f7-ab05-9e81f0c849d3.jpeg,https://a0.muscache.com/im/pictures/hosting/Hosting-U3RheVN1cHBseUxpc3Rpbmc6MTI0OTI4NDU%3D/original/6c9e546f-4d0b-4875-95ce-bd2dceb67432.jpeg,https://a0.muscache.com/im/pictures/hosting/Hosting-U3RheVN1cHBseUxpc3Rpbmc6MTI0OTI4NDU%3D/original/8d3f7a29-34f7-41c2-bd3a-061295ee552b.jpeg",59145841,Gunnsa,"","",true,64.0959,-21.7775,8,4,6,2.0,false,"Bathtub,Hair dryer,Cleaning products,Shampoo,Conditioner,Hot water,Washer,Dryer,Essentials,Hangers,Bed linens,Extra pillows and blankets,Room-darkening shades,Iron,Clothing storage,TV,High chair,Air conditioning,Heating,Smoke alarm,Carbon monoxide alarm,Fire extinguisher,First aid kit,Wifi,Kitchen,Refrigerator,Microwave,Cooking basics,Dishes and silverware,Dishwasher,Stove,Oven,Coffee maker,Blender,Private entrance,Patio or balcony,Backyard,Free parking on premises,Free street parking,Hot tub,Pets allowed",,false,2,Moderate,3:00 PM,11:00 AM,true,false,ISK,176,0,true,144,4.99,5.0,5.0,4.9,5.0,4.9,4.9,148310.0,1.889462E7,775.3,99088.6,0.482,0.482,381.7,48636.8,381.7,48636.8,1.8,2.8,176,0,189,365,21047.0,2678229.0,772.2,98259.5,0.278,0.278,220.2,28016.2,220.2,28016.2,1.8,2.8,25,0,65,90
12518584,"Amazing location, large room and free parking!","Welcome to my place. <br />I wish to offer you an unforgettable and comfortable place to stay in Reykjavik. Private and sparkling clean with the homey and elegant charm of a family home, a 1930's apartment in the center of Reykjavik. Located right next to Reykjavik's landmark, Hallgrimskirkja, you'll be able to walk to all of Reykjavik's attractions and easily find your way back home.<br /><br /><b>The space</b><br />This is a very nice double room which has recently been renovated. The room is big and bright in a calm neighborhood. It has a brand new 160x200cm bed. Towels and linens are provided upon arrival. High speed WiFi is of course included. Free parking is available 24/7 and there's no shortage of parking spots.<br /><br />The apartment is located in the more posh and old part of Reykjavik with a lot of interesting architectural houses in the area. The local geothermal swimming pool, Sundhöll Reykjavíkur, is only a 1 minute walk from the apartment. <br /><br />You'll be staying right next to our famous church Hallgrímskirkja and only a 4 min walk to Laugavegur, the main shopping street in Iceland. On Laugavegur and on it's side streets you'll find the most popular shops, bars, restaurants and cafés in Reykjavik. There's a supermarket close by (6 min. walk) that's open 24 hours a day and a low-cost supermarket on Laugavegur (6 min walk as well).<br /><br />You will have great access to public transportation. <br />The main bus terminal in Reykjavik (BSI bus terminal), is just a 7 minute walk from the apartment. The Flybus will take you straight to Keflavik airport from the bus terminal. <br />Pick-up spot nr. 8 for tour pick-ups is just a 2 minute walk from the apartment. <br />The local-bus terminal Hlemmur is just a 9 minute walk from the apartment. <br /><br />HOW TO GET HERE <br />It'll take you about 45 minutes to drive from Keflavík airport to the apartment. The Flybus departs from Keflavík Airport 35-40 minutes after each flight.<br /><br />The buses are located right outside the terminal building. Its destination is BSI, the main bus station in Iceland. The apartment is only 7 minutes away by foot and only 1 minute by car from the BSI bus station.<br />If you arrive by a car you can park on the streets right next to the apartment or in the parking lot right next to it. All parking is free of charge 24/7.<br /><br /><b>Guest access</b><br />The bathroom is shared with 2 other rooms and the kitchen as well.<br />The kitchen is fully equipped with a stove, coffee maker, electric kettle, microwave and everything you could expect to be in a standard kitchen.<br /><br /><b>During your stay</b><br />I am easily accessible and I will assist you in making your trip a one to remember. I am very experienced in accommodating guests and I will try my utmost to help you get the most out of your trip.<br />I am always available via the Airbnb app, email or phone to help you out with your stay in Reykjavik.<br /><br /><b>Other things to note</b><br />For your safety<br />Every room has a smoke detector and an emergency exit. There is also a fire extinguisher in the hallway and a fire blanket in the kitchen. LG-REK-015293.",Private room in rental unit,private_room,https://a0.muscache.com/im/pictures/62c7f8ed-00cf-484a-931f-9d65486ac9dd.jpg,9,"https://a0.muscache.com/im/pictures/62c7f8ed-00cf-484a-931f-9d65486ac9dd.jpg,https://a0.muscache.com/im/pictures/5050342b-c364-4d44-95b3-14d7af74b6ca.jpg,https://a0.muscache.com/im/pictures/7f079f09-5eae-448a-a93c-a90e61029f74.jpg,https://a0.muscache.com/im/pictures/ddf83b8b-4a35-4f4e-958a-cf979916fd21.jpg,https://a0.muscache.com/im/pictures/03504af1-0086-42eb-a536-33106177ed5c.jpg,https://a0.muscache.com/im/pictures/f74b615a-16b4-4115-a052-52be45c74f80.jpg,https://a0.muscache.com/im/pictures/9afbc51e-4988-4331-b2af-d967e4ed4475.jpg,https://a0.muscache.com/im/pictures/f758cfb8-4df3-4d33-973e-72c3b9730b6d.jpg,https://a0.muscache.com/im/pictures/d272ece2-3751-43be-a29a-13436d18911a.jpg",67796199,Jon,"","",true,64.1406,-21.9252,,,1,0.0,false,"Hair dryer,Cleaning products,Shampoo,Hot water,Essentials,Hangers,Bed linens,Extra pillows and blankets,Room-darkening shades,Clothing storage,Air conditioning,Heating,Smoke alarm,Fire extinguisher,First aid kit,Wifi,Dedicated workspace,Kitchen,Refrigerator,Microwave,Cooking basics,Dishes and silverware,Freezer,Dishwasher,Stove,Oven,Hot water kettle,Coffee maker,Wine glasses,Toaster,Baking sheet,Dining table,Coffee,Bread maker,Laundromat nearby,Free parking on premises,Free street parking,Single level home,Long term stays allowed,Cleaning before checkout",,false,2,Flexible,4:00 PM,12:00 PM,false,false,ISK,30,0,true,530,4.83,4.9,4.9,4.8,4.9,5.0,4.8,29444.0,3756140.0,92.5,11827.9,0.792,0.792,73.9,9433.3,73.9,9433.3,2.3,3.0,289,0,76,365,6937.0,882713.0,80.1,10187.0,0.867,0.867,69.1,8790.1,69.1,8790.1,2.5,3.3,78,0,12,90
12519229,Amazing location. Cozy room and free parking!,"Welcome to my place. <br />I wish to offer you an unforgettable and comfortable place to stay in Reykjavik. Private and sparkling clean with the homey and elegant charm of a family home, a 1930's apartment in the center of Reykjavik. Located right next to Reykjavik's landmark, Hallgrimskirkja, you'll be able to walk to all of Reykjavik's attractions and easily find your way back home.<br /><br /><b>The space</b><br />This is a very nice double room which has recently been renovated. The room is big and bright in a calm neighborhood. It has a brand new 160x200cm bed. Towels and linens are provided upon arrival. High speed WiFi is of course included. Free parking is available 24/7 and there's no shortage of parking spots.<br /><br />The apartment is located in the more posh and old part of Reykjavik with a lot of interesting architectural houses in the area. The local geothermal swimming pool, Sundhöll Reykjavíkur, is only a 1 minute walk from the apartment. <br /><br />You'll be staying right next to our famous church Hallgrímskirkja and only a 4 min walk to Laugavegur, the main shopping street in Iceland. On Laugavegur and on it's side streets you'll find the most popular shops, bars, restaurants and cafés in Reykjavik. There's a supermarket close by (6 min. walk) that's open 24 hours a day and a low-cost supermarket on Laugavegur (6 min walk as well).<br /><br />You will have great access to public transportation. <br />The main bus terminal in Reykjavik (BSI bus terminal), is just a 7 minute walk from the apartment. The Flybus will take you straight to Keflavik airport from the bus terminal. <br />Pick-up spot nr. 8 for tour pick-ups is just a 2 minute walk from the apartment. <br />The local-bus terminal Hlemmur is just a 9 minute walk from the apartment. <br /><br />HOW TO GET HERE <br />It'll take you about 45 minutes to drive from Keflavík airport to the apartment. The Flybus departs from Keflavík Airport 35-40 minutes after each flight.<br /><br />The buses are located right outside the terminal building. Its destination is BSI, the main bus station in Iceland. The apartment is only 7 minutes away by foot and only 1 minute by car from the BSI bus station.<br />If you arrive by a car you can park on the streets right next to the apartment or in the parking lot right next to it. All parking is free of charge 24/7.<br /><br /><b>Guest access</b><br />The bathroom is shared with 2 other rooms and the kitchen as well.<br />The kitchen is fully equipped with a stove, coffee maker, electric kettle, microwave and everything you could expect to be in a standard kitchen.<br /><br /><b>During your stay</b><br />I am easily accessible and I will assist you in making your trip a one to remember. I am very experienced in accommodating guests and I will try my utmost to help you get the most out of your trip.<br />I am always available via the Airbnb app, email or phone to help you out with your stay in Reykjavik.<br /><br /><b>Other things to note</b><br />For your safety<br />Every room has a smoke detector and an emergency exit. There is also a fire extinguisher in the hallway and a fire blanket in the kitchen. LG-REK-015293.",Private room in rental unit,private_room,https://a0.muscache.com/im/pictures/f48fe41f-234e-4e34-b3f5-55f2dbaeffe7.jpg,10,"https://a0.muscache.com/im/pictures/f48fe41f-234e-4e34-b3f5-55f2dbaeffe7.jpg,https://a0.muscache.com/im/pictures/545e6198-e7bc-45f7-a271-487d5eaf8f69.jpg,https://a0.muscache.com/im/pictures/44cf90ca-e96f-41c6-afb7-7298fde7d4a0.jpg,https://a0.muscache.com/im/pictures/d228cd2a-c1da-4bac-a00f-36166372191e.jpg,https://a0.muscache.com/im/pictures/77375741-397d-4c27-94d5-9c59daad5eed.jpg,https://a0.muscache.com/im/pictures/7d5da7e7-4713-4cd6-9fb1-e287a769e6e3.jpg,https://a0.muscache.com/im/pictures/3f75e09e-7934-4151-b9c1-46e3ced98b06.jpg,https://a0.muscache.com/im/pictures/3eb3b5ac-590a-4100-9baf-6f99f1eb9485.jpg,https://a0.muscache.com/im/pictures/8202f368-f6c8-4b53-9643-a424a7c7df35.jpg,https://a0.muscache.com/im/pictures/54fd339a-3076-43b6-baaa-b34fcac74261.jpg",67796199,Jon,"","",true,64.1418,-21.9234,,,1,0.0,false,"Hair dryer,Cleaning products,Shampoo,Hot water,Essentials,Hangers,Bed linens,Extra pillows and blankets,Room-darkening shades,Clothing storage,Air conditioning,Heating,Smoke alarm,Fire extinguisher,First aid kit,Wifi,Kitchen,Refrigerator,Microwave,Cooking basics,Dishes and silverware,Freezer,Dishwasher,Stove,Oven,Hot water kettle,Coffee maker,Wine glasses,Toaster,Baking sheet,Dining table,Coffee,Bread maker,Laundromat nearby,Free parking on premises,Free street parking,Single level home,Long term stays allowed,Cleaning before checkout",,false,2,Flexible,4:00 PM,12:00 PM,false,false,ISK,30,0,true,568,4.83,4.9,4.9,4.8,4.9,5.0,4.8,27040.0,3449533.0,92.3,11798.0,0.726,0.73,68.2,8697.8,68.5,8745.8,2.4,3.1,265,2,100,365,5334.0,678736.0,78.8,10027.2,0.678,0.693,53.6,6820.5,54.8,6975.5,2.8,2.9,61,2,29,90
12519335,Amazing location & room with a view. Free parking!,"Welcome to my place. <br />I wish to offer you an unforgettable and comfortable place to stay in Reykjavik. Private and sparkling clean with the homey and elegant charm of a family home, a 1930's apartment in the center of Reykjavik. Located right next to Reykjavik's landmark, Hallgrimskirkja, you'll be able to walk to all of Reykjavik's attractions and easily find your way back home.<br /><br /><b>The space</b><br />This is a very nice twin room which has recently been renovated. The room is big and bright in a calm neighborhood. It has two new 90x200cm beds. Towels and linens are provided upon arrival. High speed WiFi is of course included. Free parking is available 24/7 and there's no shortage of parking spots.<br /><br />The apartment is located in the more posh and old part of Reykjavik with a lot of interesting architectural houses in the area. The local geothermal swimming pool, Sundhöll Reykjavíkur, is only a 1 minute walk from the apartment. <br /><br />You'll be staying right next to our famous church Hallgrímskirkja and only a 4 min walk to Laugavegur, the main shopping street in Iceland. On Laugavegur and on it's side streets you'll find the most popular shops, bars, restaurants and cafés in Reykjavik. There's a supermarket close by (6 min. walk) that's open 24 hours a day and a low-cost supermarket on Laugavegur (6 min walk as well).<br /><br />You will have great access to public transportation. <br />The main bus terminal in Reykjavik (BSI bus terminal), is just a 7 minute walk from the apartment. The Flybus will take you straight to Keflavik airport from the bus terminal. <br />Pick-up spot nr. 8 for tour pick-ups is just a 2 minute walk from the apartment. <br />The local-bus terminal Hlemmur is just a 9 minute walk from the apartment. <br /><br />HOW TO GET HERE <br />It'll take you about 45 minutes to drive from Keflavík airport to the apartment. The Flybus departs from Keflavík Airport 35-40 minutes after each flight.<br /><br />The buses are located right outside the terminal building. Its destination is BSI, the main bus station in Iceland. The apartment is only 7 minutes away by foot and only 1 minute by car from the BSI bus station.<br />If you arrive by a car you can park on the streets right next to the apartment or in the parking lot right next to it. All parking is free of charge 24/7.<br /><br /><b>Guest access</b><br />The bathroom is shared with 2 other rooms and the kitchen as well.<br />The kitchen is fully equipped with a stove, coffee maker, electric kettle, microwave and everything you could expect to be in a standard kitchen.<br /><br /><b>During your stay</b><br />I am easily accessible and I will assist you in making your trip a one to remember. I am very experienced in accommodating guests and I will try my utmost to help you get the most out of your trip.<br />I am always available via the Airbnb app, email or phone to help you out with your stay in Reykjavik.<br /><br /><b>Other things to note</b><br />For your safety<br />Every room has a smoke detector and an emergency exit. There is also a fire extinguisher in the hallway and a fire blanket in the kitchen. LG-REK-015293.",Private room in rental unit,private_room,https://a0.muscache.com/im/pictures/c6c1a814-810c-459b-bf60-e73926ef60a8.jpg,12,"https://a0.muscache.com/im/pictures/c6c1a814-810c-459b-bf60-e73926ef60a8.jpg,https://a0.muscache.com/im/pictures/2312d8ad-ae2b-42f4-911e-bcb0fe32f78b.jpg,https://a0.muscache.com/im/pictures/c07121df-0f2d-4c24-9d26-5eb00cdf684d.jpg,https://a0.muscache.com/im/pictures/cd736364-3f5b-4a6f-8b47-5c9a86b13301.jpg,https://a0.muscache.com/im/pictures/1a1c462e-776a-454b-b875-8a0e4a715108.jpg,https://a0.muscache.com/im/pictures/493292d0-7817-4b64-953b-8438913a9ea3.jpg,https://a0.muscache.com/im/pictures/2274d4fd-4938-4c58-a261-2ca3534e7202.jpg,https://a0.muscache.com/im/pictures/4b90d908-8d67-4966-8818-7af3ee0f8644.jpg,https://a0.muscache.com/im/pictures/b81764bf-11b7-4496-85e1-b09fbf3b1d17.jpg,https://a0.muscache.com/im/pictures/0f654761-7d3b-4edf-8665-c7d87a581b8d.jpg,https://a0.muscache.com/im/pictures/f95ae117-1f2e-4ad9-b41f-8991d0a969ec.jpg,https://a0.muscache.com/im/pictures/639714bf-5c50-436f-ba39-be8194705561.jpg",67796199,Jon,"","",true,64.1397,-21.9234,,,2,0.0,false,"Wifi,Hair dryer,Cleaning products,Shampoo,Hot water,Essentials,Hangers,Bed linens,Extra pillows and blankets,Room-darkening shades,Clothing storage,Air conditioning,Heating,Smoke alarm,Fire extinguisher,First aid kit,Wifi,Kitchen,Refrigerator,Microwave,Cooking basics,Dishes and silverware,Freezer,Dishwasher,Stove,Oven,Hot water kettle,Coffee maker,Wine glasses,Toaster,Baking sheet,Dining table,Coffee,Bread maker,Laundromat nearby,Free parking on premises,Free street parking,Single level home,Long term stays allowed",,false,2,Flexible,4:00 PM,12:00 PM,false,false,ISK,30,0,true,596,4.82,4.9,4.9,4.8,4.9,4.9,4.8,30818.0,3935183.0,96.6,12351.1,0.784,0.817,77.2,9861.1,80.5,10283.7,2.3,2.4,286,15,79,365,5488.0,698334.0,80.7,10263.3,0.689,0.827,54.6,6953.5,65.6,8344.1,2.8,3.1,62,15,28,90
12520750,*B14 - Quad Room in Unique Apartment*,,Private room in rental unit,private_room,https://a0.muscache.com/im/pictures/6ffebaae-3f54-49ac-8910-7a337c5055d7.jpg,24,,2111523,⁨B14⁩,"","",false,64.1463,-21.9356,4,1,2,1.0,false,"Hair dryer,Shampoo,Hot water,Washer,Dryer,Essentials,Hangers,Iron,TV,Pack ’n play/Travel crib,High chair,Air conditioning,Heating,Smoke alarm,Fire extinguisher,Wifi,Kitchen,Dishes and silverware,Coffee maker,Paid parking off premises,Luggage dropoff allowed,Breakfast",,false,1,Firm,,,,,ISK,36,0,true,12,3.42,3.3,4.1,4.2,4.0,4.4,3.4,14429.0,1837578.0,317.6,40608.8,0.121,0.138,38.2,4858.8,43.8,5576.9,1.0,2.9,44,47,321,365,5287.0,672770.0,320.2,40749.5,0.178,0.178,56.7,7220.7,56.7,7220.7,1.0,3.2,16,0,74,90
12526172,Asi´s and Nina´s Apartment In Center with View,"You will be staying in a fully equipped  2 bedroom apartment in a prime location, walking distance to down town, to the pool and a food mart is next door.  You can explore  all that Reykjavik has to offer by either bus, rent a bike or walking.<br /><br /><b>The space</b><br />Address is Hátún 4, 105 Reykjavik <br /><br />This apartment has 2 comfortable bedrooms, master bedroom has two single beds that can be together or pulled apart, the other bedroom has two single beds.  Comfortable sofa in the living room and a cozy athmosphere.  All services are in walking distance downtown, shops, restaurants, Hallgrimskirka and food stores so you can make your own lovely dinners at  home.  Free Parking in front of house. <br /><br /> Check in is earliest at 14:00<br /><br />Early arrivals IF possible, you can have a early arrival but the policy is for such that you pay extra Euro 30 directly to the person that greets you when you arrive.<br /><br />Check out is latest 11:00 a.m.<br /><br />When leaving please take off the bed linens and place them on the floor.  Start the dish washer if there are any dirty dishes.<br /><br /><b>Guest access</b><br />Dishwasher, refrigerator, microwave, stove, oven.  Bathtube and a shower. Tv, Wifi.<br />The wifi account is Ninasapartment WiFi passcode Ninareykjavik   otherwise it is marked up on the refrigerator upper right hand corner.",Entire rental unit,entire_home,https://a0.muscache.com/im/pictures/8566406d-3600-4216-9927-1ef8e606ed94.jpg,19,"https://a0.muscache.com/im/pictures/8566406d-3600-4216-9927-1ef8e606ed94.jpg,https://a0.muscache.com/im/pictures/f0589116-d2af-4d81-b8ce-f44b7c1f4fb5.jpg,https://a0.muscache.com/im/pictures/24fea751-dfcc-492c-bcb6-9845954fc671.jpg,https://a0.muscache.com/im/pictures/ac21ca1b-ced5-4f96-a3e9-9778cf9677f1.jpg,https://a0.muscache.com/im/pictures/ecd4ccc0-4f8d-4df3-98fe-0084bc966e3b.jpg,https://a0.muscache.com/im/pictures/b90eeddd-68cf-4cab-841c-a774834f0294.jpg,https://a0.muscache.com/im/pictures/2b9763ec-fac6-459e-84a7-a1243868827c.jpg,https://a0.muscache.com/im/pictures/81ea34fb-9dd2-4c20-bac1-813766028e7b.jpg,https://a0.muscache.com/im/pictures/686b09ee-8a05-46d9-b522-2df4a096e844.jpg,https://a0.muscache.com/im/pictures/859080b5-4abb-4949-a673-bdff1b5747a2.jpg,https://a0.muscache.com/im/pictures/03958763-8ba3-44c6-9517-5568b798fa90.jpg,https://a0.muscache.com/im/pictures/e14a6cac-4acd-4f1d-96a4-fecf024e80bc.jpg,https://a0.muscache.com/im/pictures/05ef8649-dd11-4a30-bf27-0732d35f5a76.jpg,https://a0.muscache.com/im/pictures/f07a5a0e-5412-4921-91ae-562fce0d658b.jpg,https://a0.muscache.com/im/pictures/e5ac1852-310d-464c-bbe8-8b5f2a9d9ebd.jpg,https://a0.muscache.com/im/pictures/e951cf80-1e4f-468b-9725-2e14f10f2cb3.jpg,https://a0.muscache.com/im/pictures/c1bbd667-e1b9-47a4-96f9-5f7d2402b577.jpg,https://a0.muscache.com/im/pictures/bbad27f2-8892-4bee-9157-b80d7e186133.jpg,https://a0.muscache.com/im/pictures/8ab74bab-6f4f-410e-a697-75a62f02193b.jpg",67856789,Asgrimur Haukur,"","",true,64.1440,-21.9034,4,2,4,1.0,false,"Hair dryer,Shampoo,Hot water,Washer,Dryer,Essentials,Hangers,Iron,TV,Heating,Smoke alarm,Carbon monoxide alarm,Fire extinguisher,First aid kit,Wifi,Kitchen,Refrigerator,Microwave,Cooking basics,Dishes and silverware,Dishwasher,Stove,Oven,Coffee maker,Patio or balcony,Outdoor furniture,Free parking on premises,Elevator,Pets allowed",,false,22,Flexible,2:00 PM,11:00 AM,true,false,ISK,185,0,true,424,4.92,4.9,4.8,4.8,4.9,4.9,4.8,46437.0,5950146.0,268.6,34292.3,0.449,0.601,105.9,13592.9,141.6,18173.7,21.7,3.4,164,92,201,365,0.0,0.0,312.6,39781.0,0.0,0.0,0.0,0.0,0.0,0.0,82.0,0.0,0,0,90,90
12533607,B14 Unique room Quadruple Room,,Private room in rental unit,private_room,https://a0.muscache.com/im/pictures/hosting/Hosting-U3RheVN1cHBseUxpc3Rpbmc6MTI1MzM2MDc%3D/original/65afe909-0b5b-4a2d-934e-ea6f5eeac3a7.jpeg,15,,2111523,⁨B14⁩,"","",false,64.1463,-21.9356,4,1,2,1.0,false,"High chair,TV,Wifi,Air conditioning,Kitchen,Pack ’n play/Travel crib,Paid parking off premises,Hot water,Breakfast,Coffee maker,Dishes and silverware,Heating,Washer,Dryer,Smoke alarm,Fire extinguisher,Luggage dropoff allowed,Essentials,Shampoo,Lock on bedroom door,Hangers,Hair dryer,Iron",true,false,1,Firm,,,,,ISK,34,0,,17,4.82,4.8,4.9,4.9,4.8,4.8,4.7,19092.0,2437895.0,337.4,43130.7,0.142,0.158,50.8,6489.5,56.4,7199.6,1.0,2.9,52,36,313,365,739.0,94037.0,307.2,39086.8,0.022,0.022,7.8,996.8,7.8,996.8,1.0,2.0,2,0,88,90
12595660,Ingunn House,,Entire home,entire_home,https://a0.muscache.com/im/pictures/db56958f-9601-4981-b636-3626a14c4cb5.jpg,22,,14599023,Johann,"","",false,64.1356,-21.7761,6,4,7,1.5,false,"High chair,TV,Cable TV,Children’s books and toys,Wifi,Crib,Kitchen,Free parking on premises,Room-darkening shades,Children’s dinnerware,Hot tub,Microwave,Coffee maker,Refrigerator,Dishwasher,Dishes and silverware,Heating,Cooking basics,Oven,Stove,Washer,Dryer,Smoke alarm,Carbon monoxide alarm,First aid kit,Backyard,Fire extinguisher,Essentials,Shampoo,Hangers,Hair dryer,Iron,Bathtub,Changing table",,false,7,Firm,,,,,ISK,0,0,,17,5.0,4.8,5.0,5.0,5.0,4.9,4.9,6725.0,855752.0,553.5,70772.4,0.033,0.033,18.4,2344.5,18.4,2344.5,7.0,6.0,12,0,353,365,0.0,0.0,564.9,71877.7,0.0,0.0,0.0,0.0,0.0,0.0,7.0,0.0,0,0,90,90
12605925,Nice Double bed in Reykjavík (Grafarvogur),,Private room in rental unit,private_room,https://a0.muscache.com/im/pictures/airflow/Hosting-12605925/original/104533e2-4773-49a9-8448-abe220574c1e.jpg,47,,68416401,Anna,"","",false,64.1447,-21.7927,,3,3,0.0,false,"Bathtub,Hair dryer,Shampoo,Hot water,Washer,Dryer,Essentials,Hangers,Iron,TV,Heating,Smoke alarm,First aid kit,Wifi,Kitchen,Refrigerator,Microwave,Cooking basics,Freezer,Stove,Hot water kettle,Coffee maker,Toaster,Blender,Barbecue utensils,Coffee,BBQ grill,Free parking on premises,Free street parking",,false,1,Flexible,,,,,ISK,0,0,true,226,4.77,4.8,4.8,4.8,4.8,4.6,4.6,11190.0,1434780.0,93.0,11933.1,0.337,0.352,30.7,3930.9,32.1,4111.1,1.0,2.3,123,16,242,365,0.0,0.0,0.0,0.0,0.0,0.0,0.0,0.0,0.0,0.0,1.0,0.0,0,0,90,90
12606698,Nice single bed,"Nice bedroom in an apartment with access to bathroom and kitchen<br />This is my private home, in a quiet area, I will be your host<br />Bus stop in 2-3 min walking distance, bus goes directly down town<br />Grocery shops and restaurants within walking distance<br /><br /><b>The space</b><br />A clean home in a beautiful and family friendly neighbourhood close to the ocean.<br /><br /><b>Guest access</b><br />Guests can access any part of the apartment except for other bedrooms.<br /><br /><b>During your stay</b><br />Me or my 25 year old daughter will be more than happy to offer recommendations if needed.<br /><br /><b>Other things to note</b><br />I hope my guests will feel comfortable and that they will be able to enjoy their stay as well as their visit to Iceland.",Private room in rental unit,private_room,https://a0.muscache.com/im/pictures/airflow/Hosting-12606698/original/d3d43b9e-3e34-43d5-9c20-457e20d40c41.jpg,36,"https://a0.muscache.com/im/pictures/airflow/Hosting-12606698/original/d3d43b9e-3e34-43d5-9c20-457e20d40c41.jpg,https://a0.muscache.com/im/pictures/airflow/Hosting-12606698/original/8462dad2-04e2-45fc-b059-24f2a2cd9c8e.jpg,https://a0.muscache.com/im/pictures/airflow/Hosting-12606698/original/50faaea5-5df7-4b2a-8635-7a5cce903df5.jpg,https://a0.muscache.com/im/pictures/airflow/Hosting-12606698/original/c3edd969-3939-4185-8706-ae2fb8a9824b.jpg,https://a0.muscache.com/im/pictures/airflow/Hosting-12606698/original/1e841575-a543-4e05-9252-aa4fc878a8ce.jpg,https://a0.muscache.com/im/pictures/airflow/Hosting-12606698/original/1a7ffe02-9d8e-44a8-8c27-66f863ebacd9.jpg,https://a0.muscache.com/im/pictures/airflow/Hosting-12606698/original/d06e06e8-3395-4367-9cda-9581baf4eaa9.jpg,https://a0.muscache.com/im/pictures/airflow/Hosting-12606698/original/e210f064-47d4-45c0-948f-4dbc65136fcc.jpg,https://a0.muscache.com/im/pictures/airflow/Hosting-12606698/original/fdbd892d-abf2-432a-96d6-ce7ac1af8eda.jpg,https://a0.muscache.com/im/pictures/airflow/Hosting-12606698/original/dea44170-aa53-47f3-ba0c-5b24144a79ed.jpg,https://a0.muscache.com/im/pictures/airflow/Hosting-12606698/original/86326119-e656-4a16-9c2b-2d73947a53ca.jpg,https://a0.muscache.com/im/pictures/airflow/Hosting-12606698/original/c103f157-e32f-4d71-8581-0578a6529117.jpg,https://a0.muscache.com/im/pictures/airflow/Hosting-12606698/original/01769e64-c933-4cd1-a0ce-0bf6dbb0b294.jpg,https://a0.muscache.com/im/pictures/airflow/Hosting-12606698/original/fee84e65-6698-4120-9e16-6170d2dc4004.jpg,https://a0.muscache.com/im/pictures/airflow/Hosting-12606698/original/b806e2d2-a86f-4a9c-ade3-01a193e1ec8c.jpg,https://a0.muscache.com/im/pictures/airflow/Hosting-12606698/original/cf296541-7144-4254-bcab-6e72f51b91e4.jpg,https://a0.muscache.com/im/pictures/airflow/Hosting-12606698/original/0b4b4f33-07c4-400c-a568-812581821c2c.jpg,https://a0.muscache.com/im/pictures/airflow/Hosting-12606698/original/afd8beb5-da5f-493d-ade2-80bcc534f4c3.jpg,https://a0.muscache.com/im/pictures/airflow/Hosting-12606698/original/4f01b466-7237-491a-900f-3153409fbd6b.jpg,https://a0.muscache.com/im/pictures/airflow/Hosting-12606698/original/0a09ae27-7518-4f23-b08d-6d8679821cb1.jpg,https://a0.muscache.com/im/pictures/airflow/Hosting-12606698/original/6e53944a-0f42-43a1-b40b-5bb2750944d7.jpg,https://a0.muscache.com/im/pictures/airflow/Hosting-12606698/original/b11ab0ab-0bd1-4a8e-a16c-95e5b473cdda.jpg,https://a0.muscache.com/im/pictures/airflow/Hosting-12606698/original/02027ef5-bb2d-4e28-bb9d-a513b8d96af0.jpg,https://a0.muscache.com/im/pictures/airflow/Hosting-12606698/original/ac2901f4-e4a1-4c52-bc60-cbc3b5f7ef97.jpg,https://a0.muscache.com/im/pictures/airflow/Hosting-12606698/original/d93112ae-3e9f-4029-aaad-503ae1314e9a.jpg,https://a0.muscache.com/im/pictures/airflow/Hosting-12606698/original/3dae6bc1-f364-4f05-9ec5-43f35d736932.jpg,https://a0.muscache.com/im/pictures/airflow/Hosting-12606698/original/025b8b36-e193-4114-8d1b-841a3d7c2e96.jpg,https://a0.muscache.com/im/pictures/airflow/Hosting-12606698/original/6fbf1808-b1c3-4d0a-80af-ac3c50948081.jpg,https://a0.muscache.com/im/pictures/airflow/Hosting-12606698/original/686b2c50-dd88-4fa2-b1c7-34f208febe2c.jpg,https://a0.muscache.com/im/pictures/airflow/Hosting-12606698/original/a26386e4-7404-4994-9335-f41eb51a2550.jpg,https://a0.muscache.com/im/pictures/airflow/Hosting-12606698/original/237c18e9-68cb-4ae1-9d80-016162c2de60.jpg,https://a0.muscache.com/im/pictures/airflow/Hosting-12606698/original/58adb37f-0aa4-479e-96f9-751d824ede68.jpg,https://a0.muscache.com/im/pictures/airflow/Hosting-12606698/original/f1ccecc7-505b-4c2a-8837-e43601be3600.jpg,https://a0.muscache.com/im/pictures/c800cffa-cab2-40ed-8271-14c2b682a4f5.jpg,https://a0.muscache.com/im/pictures/dc3f9d38-924b-4a27-945a-9c7aaf7ff536.jpg,https://a0.muscache.com/im/pictures/hosting/Hosting-U3RheVN1cHBseUxpc3Rpbmc6MTI2MDY2OTg%3D/original/ddd5fb9e-8d21-4b3b-970d-508c73aa3611.jpeg",68416401,Anna,"","",false,64.1464,-21.7908,,,1,0.0,false,"Bathtub,Hair dryer,Shampoo,Hot water,Washer,Dryer,Essentials,Hangers,Iron,TV,Piano,Heating,Smoke alarm,First aid kit,Wifi,Kitchen,Refrigerator,Microwave,Cooking basics,Dishes and silverware,Stove,Oven,Hot water kettle,Coffee maker,Toaster,Barbecue utensils,Coffee,Patio or balcony,BBQ grill,Free parking on premises,Free street parking",,false,1,Flexible,,10:00 AM,true,false,ISK,10,0,true,137,4.91,4.9,4.8,4.9,4.9,4.7,4.9,8333.0,1065377.0,76.9,9870.3,0.296,0.317,22.5,2873.5,24.1,3075.8,1.0,4.2,108,24,257,365,0.0,0.0,0.0,0.0,0.0,0.0,0.0,0.0,0.0,0.0,1.0,0.0,0,0,90,90
12678629,Entire apartment w. 1 bedroom,"A 75 m² apartment with private entrance which accommodates 2 persons (1 bedroom), located in a quiet neighborhood, approximately 20 min walk to downtown Reykjavik or 5-10 min by bus. Convenience store only 2 min walking distance. Free Parking included.<br /><br /><b>The space</b><br />Newly renovated 75 m² apartment on ground floor w. private entrance and free parking.  Private cozy outdoor furnished seating area which is lovely in the summer time.",Entire rental unit,entire_home,https://a0.muscache.com/im/pictures/54ce3dd7-9ef2-4a9d-ad8b-52f7e1af01b1.jpg,7,"https://a0.muscache.com/im/pictures/54ce3dd7-9ef2-4a9d-ad8b-52f7e1af01b1.jpg,https://a0.muscache.com/im/pictures/b8225fc6-7d24-457c-9f0d-9cb82799b70e.jpg,https://a0.muscache.com/im/pictures/120a932a-9df7-4058-b979-069cc61a3aea.jpg,https://a0.muscache.com/im/pictures/48fef0d6-01b1-4e19-ae09-9d1072d59b69.jpg,https://a0.muscache.com/im/pictures/50c7f17b-5b82-406a-bf51-8ed411bed104.jpg,https://a0.muscache.com/im/pictures/89984882-d3fe-47ac-b553-4d776b786e9a.jpg,https://a0.muscache.com/im/pictures/83fcff51-fa47-412b-8a09-fc074467cbeb.jpg",64008358,Kristján,"","",false,64.1339,-21.8868,2,1,1,1.0,false,"Bathtub,Hair dryer,Shampoo,Hot water,Washer,Essentials,Hangers,Bed linens,Iron,TV,Heating,Smoke alarm,Fire extinguisher,First aid kit,Wifi,Dedicated workspace,Kitchen,Refrigerator,Microwave,Cooking basics,Dishes and silverware,Dishwasher,Stove,Oven,Coffee maker,Private entrance,Patio or balcony,Backyard,Free parking on premises,Free street parking,Single level home",,false,2,Moderate,2:00 PM,10:00 AM,true,false,ISK,58,0,true,8,5.0,5.0,4.9,5.0,5.0,4.8,5.0,3245.0,412927.0,158.4,20247.5,0.058,0.084,8.7,1111.1,12.8,1628.7,2.3,21.0,21,116,344,365,0.0,0.0,169.0,21510.8,0.0,0.0,0.0,0.0,0.0,0.0,2.0,0.0,0,14,90,90
12697780,Cozy Mid-Century modern 60's villa in Reykjavik,"A well located California style Mid-Century modern property for small groups and families. Nice open living room with large windows, adjacent to dining room and kitchen. Three balconies, living room balcony with view towards ocean, kitchen balcony with view over Mount Esja. <br /><br />Our guests love:<br />- Architecture and views<br />- Short 5-10 minute drive to the city<br />- Quiet residential neighborhood<br />- Free parking<br /><br />Bus stops right outside (no 14), to downtown area<br />Gray Line bus terminal is close by<br /><br /><b>The space</b><br />A cozy California style Mid-Century modern 60's villa with a view, located on Laugarás hill. One of Reykjavik's architectural gems.<br /><br /><b>Guest access</b><br />Three bedrooms, two bathrooms, one shower. Living room, dining room and kitchen. Basement is a separate area, not included. An extra room can be added, for more comfort or 2 extra guests (up to 7 persons total in house).<br /><br /><b>Other things to note</b><br />Early arrivals<br />If arriving by flight in the morning, we recommend going to nearby Laugar Spa, where you can unwind and rest in saunas, pools and hot tubs, as well as taking a nap by a fireplace in a relaxing area, before checking in at 3 pm. Laugar Spa is also a large Gym with a restaurant and a Joe and the Juice cafe.<br /><br />If baggage storage is needed, there are lockers at nearby Gray Line Bus Terminal in Holtagardar. <br /><br />The nearest supermarket is Bónus and bakery Jói Fel, as well as Vínbúðin liquor store, all located next to Gray Line Bus Terminal in Holtagarðar.",Entire home,entire_home,https://a0.muscache.com/im/pictures/293ec328-6f8c-4889-b682-72bd5b9b3437.jpg,48,"https://a0.muscache.com/im/pictures/293ec328-6f8c-4889-b682-72bd5b9b3437.jpg,https://a0.muscache.com/im/pictures/adffcd18-533f-4077-b61b-0b7fc6b21b93.jpg,https://a0.muscache.com/im/pictures/8c07531f-2c41-4111-86b2-caf82d1dfbe1.jpg,https://a0.muscache.com/im/pictures/c21c8584-9ec1-4db0-bff1-20b448e422d2.jpg,https://a0.muscache.com/im/pictures/3b016d46-d2b1-4989-8f87-1e8ba5d144a2.jpg,https://a0.muscache.com/im/pictures/d17a729d-d66b-47e3-b572-721ae4604ee8.jpg,https://a0.muscache.com/im/pictures/11652d48-bd7a-4529-88ab-2c053c638ca3.jpg,https://a0.muscache.com/im/pictures/e67b7d6f-9e5c-4905-88d8-f2a5954393a2.jpg,https://a0.muscache.com/im/pictures/c4c311f0-f20b-40c0-85b1-3e3f560f3d9b.jpg,https://a0.muscache.com/im/pictures/ac881116-f64a-417f-b835-825c9cdecdf4.jpg,https://a0.muscache.com/im/pictures/1bc07792-70a6-4937-9e1f-a0169f987441.jpg,https://a0.muscache.com/im/pictures/b3e0c128-7c4a-485c-ab90-1c013a8b8b8b.jpg,https://a0.muscache.com/im/pictures/f1c1fa55-4ea9-4806-995e-5fbbfa2dddb5.jpg,https://a0.muscache.com/im/pictures/04eeb3e4-b034-4919-ac7e-44b94a3b6434.jpg,https://a0.muscache.com/im/pictures/efaca38d-2636-4ffa-8947-321de5fa6bf2.jpg,https://a0.muscache.com/im/pictures/af574bd5-706f-4bbd-afdb-23e1b979eb9a.jpg,https://a0.muscache.com/im/pictures/9ad30dd8-d365-432d-955a-c1846e26af1a.jpg,https://a0.muscache.com/im/pictures/911e1e0f-8846-4631-92b3-d044b11916e1.jpg,https://a0.muscache.com/im/pictures/aa14fc4d-e4e4-44cb-9987-831dedcd819d.jpg,https://a0.muscache.com/im/pictures/616cb3b2-80a8-4f6d-8140-6ab752d43dd0.jpg,https://a0.muscache.com/im/pictures/e57e559c-a5aa-444e-aaef-ee200debc9f6.jpg,https://a0.muscache.com/im/pictures/a71d256a-3e58-44b6-b81b-6e476f3c89e0.jpg,https://a0.muscache.com/im/pictures/9e26ab5b-df83-41f4-8602-bf49b8f1de60.jpg,https://a0.muscache.com/im/pictures/07dcbd6d-4ce5-49a7-ace8-3993449b2660.jpg,https://a0.muscache.com/im/pictures/1cf6cb60-d0b8-4464-baa8-a91290ea0756.jpg,https://a0.muscache.com/im/pictures/254a671b-e2ef-4883-b899-b7d7f802df34.jpg,https://a0.muscache.com/im/pictures/3120a7b1-3c36-4a71-b678-90efbcedb3de.jpg,https://a0.muscache.com/im/pictures/68eee9ef-0e65-482e-a744-e0e029e066ce.jpg,https://a0.muscache.com/im/pictures/a773f371-45b2-444c-920e-c7b80448dc01.jpg,https://a0.muscache.com/im/pictures/f8f9630c-6243-452e-96bc-d2bd42550e28.jpg,https://a0.muscache.com/im/pictures/d1f352c5-55e8-4df5-a51b-ac6dd1aeaed0.jpg,https://a0.muscache.com/im/pictures/06acd4b6-46ec-4d17-9a44-f290d210c67d.jpg,https://a0.muscache.com/im/pictures/8d923238-91fe-4452-b1b5-a29f9c9d18ea.jpg,https://a0.muscache.com/im/pictures/ce2d4a5f-1124-4cb4-8c58-1e02dad6c7dd.jpg,https://a0.muscache.com/im/pictures/712e96e7-8923-43cc-901d-8f66b437761c.jpg,https://a0.muscache.com/im/pictures/63a65189-bae6-4d17-924e-8744f731c43f.jpg,https://a0.muscache.com/im/pictures/d0c5a010-1c5c-41ff-9755-9ebcba716368.jpg,https://a0.muscache.com/im/pictures/919b6bb7-9f75-4e54-ac4d-801f75b95301.jpg,https://a0.muscache.com/im/pictures/5271bceb-8527-4d62-a0d2-d40927bfbc18.jpg,https://a0.muscache.com/im/pictures/b73f618a-741c-4887-a289-ad7262b49745.jpg,https://a0.muscache.com/im/pictures/1c6f2083-aec8-463c-9e04-3446bbe7d258.jpg,https://a0.muscache.com/im/pictures/d676ec34-d830-477f-a9b7-321872622a5c.jpg,https://a0.muscache.com/im/pictures/98c41488-e625-45ae-9cab-cd5b8b677ce3.jpg,https://a0.muscache.com/im/pictures/33ef8a02-5cd5-4da5-b98c-77d1946d9212.jpg,https://a0.muscache.com/im/pictures/da5a7da5-1fab-45d6-be98-5219561eb8c3.jpg,https://a0.muscache.com/im/pictures/4967df38-bbe8-40fe-8830-6de3ed4aeac2.jpg,https://a0.muscache.com/im/pictures/2e96c72d-195a-474f-b3a8-d714f5f3fafd.jpg,https://a0.muscache.com/im/pictures/hosting/Hosting-12697780/original/fc94c728-0637-4a74-a5b7-a1b865156f04.jpeg",159192,Siggi,89617493,Ólafur Óskar,true,64.1440,-21.8627,7,4,7,1.5,false,"Cable TV,Air conditioning,TV,Gym,Wifi,Pets allowed,Bathtub,Hair dryer,Hot water,Washer,Dryer,Essentials,Hangers,Bed linens,Extra pillows and blankets,Iron,Drying rack for clothing,Clothing storage,Ethernet connection,TV,Piano,Crib,Pack ’n play/Travel crib,High chair,Heating,Smoke alarm,Carbon monoxide alarm,Fire extinguisher,Wifi,Kitchen,Refrigerator,Microwave,Cooking basics,Dishes and silverware,Freezer,Dishwasher,Stove,Oven,Hot water kettle,Coffee maker,Dining table,Coffee,Private entrance,Patio or balcony,Backyard,Outdoor furniture,Free parking on premises,Free street parking,Paid parking on premises,Long term stays allowed",,false,3,Moderate,3:00 PM,11:00 AM,true,true,ISK,49,0,true,164,4.93,5.0,4.9,4.8,4.9,4.9,4.8,89460.0,1.1432043E7,374.7,47877.7,0.636,0.65,238.1,30432.4,243.5,31114.4,3.0,4.0,232,8,133,365,16438.0,2091728.0,299.4,38094.3,0.589,0.589,176.1,22410.1,176.1,22410.1,3.0,4.4,53,0,37,90
12704516,Cosy home in east part of Reykjavík,"A real home in the suburb of Reykjavík with a private garden and a patio. Suitable for families or couples. The neighbourhood is quiet and family friendly with playgrounds for the kids and a swimming pool in walking distance. Bus stop is 2 min away.<br /><br /><b>The space</b><br />The apartment is very well equipped with: High Speed WiFi, 47\" Flatscreen TV, Dishwasher, Coffee maker, Toaster, Sandwich Grill, Hairdryer, Iron and Ironing board and access to washing machine.<br /><br />If you are travelling with a baby, we can supply a baby high chair and a baby travel bed at no extra cost.<br /><br />Linen and towels included.<br /><br />Free WiFi and TV included.<br /><br />The apartment is bright and welcoming with open living area with a TV and a door to the patio. The kitchen is fully equipped for home cooking and from the kitchen you enter the washing room. Bathroom has shower inside of the bathtub. There are to bedrooms, one with 150 cm wide Tempur memory foam bed, the other room has a 140 cm wide tempur memory foam bed.<br /><br /><b>Guest access</b><br />To the entire apartment.",Entire rental unit,entire_home,https://a0.muscache.com/im/pictures/d767803f-d82e-405c-9003-75dc364667e8.jpg,18,"https://a0.muscache.com/im/pictures/d767803f-d82e-405c-9003-75dc364667e8.jpg,https://a0.muscache.com/im/pictures/c82d5458-2245-48d5-b70f-14cf8c619e00.jpg,https://a0.muscache.com/im/pictures/e500f0bf-7427-48be-a082-582e0b7103c2.jpg,https://a0.muscache.com/im/pictures/ebd46928-2033-4e36-99d6-c227a5db16a5.jpg,https://a0.muscache.com/im/pictures/cff1b67f-8db6-47a2-b7d4-7afd6cd88166.jpg,https://a0.muscache.com/im/pictures/a8cb40ef-35e4-4999-9804-5ee6bb7d39f0.jpg,https://a0.muscache.com/im/pictures/6247f842-3d66-45dc-97dc-c04ee9c5f5b8.jpg,https://a0.muscache.com/im/pictures/1a9c3dbc-bedc-415b-9e6f-077722a7cf6d.jpg,https://a0.muscache.com/im/pictures/ffb56d6a-9d77-4213-9fbc-e85dda9626f5.jpg,https://a0.muscache.com/im/pictures/9249ec77-b71c-4302-8cb8-e8566823428f.jpg,https://a0.muscache.com/im/pictures/178d2d67-e9a8-4899-9190-ced248e38897.jpg,https://a0.muscache.com/im/pictures/5eac36ac-c4e3-49db-a772-9b2a241fbc4b.jpg,https://a0.muscache.com/im/pictures/58fcb3f1-80dc-4076-8cb5-42bced4c4b0d.jpg,https://a0.muscache.com/im/pictures/906eec5d-98a4-445a-9103-5beae5a996cb.jpg,https://a0.muscache.com/im/pictures/9e02d4c7-79a8-4564-929f-ca1c8d945346.jpg,https://a0.muscache.com/im/pictures/d58acba4-047c-42b4-b2bd-6d1d1072262e.jpg,https://a0.muscache.com/im/pictures/9062f804-bf6d-4306-b926-c5b107f2bca0.jpg,https://a0.muscache.com/im/pictures/2b096337-0e4d-4af9-b5cc-3bdd62cb2809.jpg",69058890,Bylgja Sjöfn,"","",true,64.1360,-21.7969,4,2,2,1.0,false,"Hair dryer,Washer,Dryer,Hangers,Iron,TV,Heating,Wifi,Kitchen,Free parking on premises",,false,2,Firm,2:00 PM,11:00 AM,true,false,ISK,59,0,false,117,4.91,4.9,4.8,4.9,4.8,4.8,4.9,20657.0,2628596.0,243.7,31145.3,0.216,0.264,53.4,6790.2,65.1,8289.1,2.0,4.0,79,66,286,365,0.0,0.0,259.0,32961.8,0.0,0.0,0.0,0.0,0.0,0.0,2.0,0.0,0,13,90,90
12804181,Large 5 bdrm house with everything!,,Entire home,entire_home,https://a0.muscache.com/im/pictures/miso/Hosting-12804181/original/0c4a9d93-03f1-4844-999b-ea43b655008a.jpeg,43,,1371047,Gunnar Ingi,"","",false,64.1341,-21.7915,10,5,5,3.0,false,"Bathtub,Hair dryer,Cleaning products,Body soap,Hot water,Washer,Dryer,Essentials,Hangers,Bed linens,Extra pillows and blankets,Room-darkening shades,Iron,Drying rack for clothing,Ethernet connection,TV,Game console,Exercise equipment,Pack ’n play/Travel crib,Children’s books and toys,High chair,Fireplace guards,Board games,Indoor fireplace,Heating,Smoke alarm,Fire extinguisher,First aid kit,Wifi,Dedicated workspace,Kitchen,Refrigerator,Microwave,Cooking basics,Dishes and silverware,Freezer,Dishwasher,Stove,Oven,Hot water kettle,Coffee maker,Wine glasses,Toaster,Baking sheet,Blender,Rice maker,Barbecue utensils,Dining table,Private entrance,Patio or balcony,Backyard,Fire pit,Outdoor furniture,Outdoor dining area,BBQ grill,Free parking on premises,Free street parking,Hot tub,Gym,Pets allowed,Long term stays allowed",,false,5,Firm,,,,,ISK,209,,,49,4.96,4.9,5.0,4.9,4.9,4.9,4.8,36054.0,4627660.0,536.6,68606.2,0.184,0.277,95.3,12241.3,143.8,18463.2,5.0,9.6,67,123,298,365,0.0,0.0,557.0,70875.1,0.0,0.0,0.0,0.0,0.0,0.0,5.0,0.0,0,90,90,90
12805726,*B14 - Double Room in Unique Apartment*,"B14 Bankastræti is located right in Reykjavik city centre at the beginning of the famous Rainbow Street.<br />Double, triple and quadruple rooms all with private bathrooms. <br />Bars, restaurant, coffee shops, bakery, grocery store and little boutiques are all within a few minutes walking distance<br />Walking to Harpa concert hall takes around 7 minutes<br /><br /><b>The space</b><br />B14 occupies the two top floors of a newly renovated building in the heart of Reykjavik city center with total 11 bedrooms and with fully equipped kitchen, living room, dining area and washer/drier on each floor.<br /><br />This apartment has 5 bedrooms. All the rooms have private bathroom and large sliding windows and both floors have a balcony<br /><br /><b>Guest access</b><br />The address is Bankastræti 14, (you will see Subway on the ground floor<br /><br />B14 has an easy and convenient self check-in system<br />All the doors have digital code door locks. You will get the numbers by email two days before arrival<br /><br />The flybys can drop you off at drop off nr.6 next to the Culture House, which is only 3 minutes walk away<br /><br /><b>Other things to note</b><br />For your safety the communal area has a security camera.<br />Kindly note that you are renting one room that is private in an apartment shared with other guests.",Private room in rental unit,private_room,https://a0.muscache.com/im/pictures/14787608-fb27-4505-9d78-09960bb4b3f1.jpg,16,"https://a0.muscache.com/im/pictures/14787608-fb27-4505-9d78-09960bb4b3f1.jpg,https://a0.muscache.com/im/pictures/8c17422a-7479-4f7d-a9f2-4e87a121d853.jpg,https://a0.muscache.com/im/pictures/cb857c37-4619-49bf-8e84-daddbd1a7420.jpg,https://a0.muscache.com/im/pictures/00fa9811-7d39-4e5f-8c57-14fa6e3f0bb1.jpg,https://a0.muscache.com/im/pictures/d31e6c23-9c72-42ce-84d4-611f72f5c6f9.jpg,https://a0.muscache.com/im/pictures/76712e0d-0361-4f0e-8678-a5710ee31571.jpg,https://a0.muscache.com/im/pictures/3ead4c8b-eb22-4f09-8f00-46e3e947918c.jpg,https://a0.muscache.com/im/pictures/063bae67-74dc-482b-9631-75bdb58a9f56.jpg,https://a0.muscache.com/im/pictures/cb0dc14a-afe8-4429-9555-2f69815fc7f0.jpg,https://a0.muscache.com/im/pictures/4b4f4f16-fca2-494a-a418-57f55543d5af.jpg,https://a0.muscache.com/im/pictures/19396770-7136-42fb-9827-23a06425ac1d.jpg,https://a0.muscache.com/im/pictures/aa979aa9-eb6e-4045-a14d-4d0e360df18a.jpg,https://a0.muscache.com/im/pictures/d2193241-0586-405f-85dc-fabdc8da1b39.jpg,https://a0.muscache.com/im/pictures/prohost-api/Hosting-12805726/original/6fbeebe4-ae5b-4920-8a46-1a0b1ca0d488.png,https://a0.muscache.com/im/pictures/43c8f813-9e25-4e50-b53e-a510ec10d3e3.jpg,https://a0.muscache.com/im/pictures/prohost-api/Hosting-12805726/original/5717cc32-9f2c-4815-8f0e-0a04c697e8e1.png",2111523,⁨B14⁩,"","",false,64.1463,-21.9356,2,1,2,1.0,false,"Hair dryer,Shampoo,Hot water,Washer,Dryer,Essentials,Hangers,Iron,TV,Pack ’n play/Travel crib,High chair,Air conditioning,Heating,Smoke alarm,Fire extinguisher,Wifi,Kitchen,Dishes and silverware,Coffee maker,Paid parking off premises,Luggage dropoff allowed,Breakfast",,false,1,Firm,3:00 PM,11:00 AM,false,true,ISK,34,0,true,12,4.25,4.3,4.8,4.9,4.1,4.8,4.2,12588.0,1602982.0,246.2,31475.3,0.148,0.159,33.3,4237.7,35.7,4549.2,1.0,2.7,54,25,311,365,3314.0,421701.0,199.6,25397.6,0.2,0.2,35.3,4493.3,35.3,4493.3,1.1,2.0,18,0,72,90
12805768,"B14 Unique room, private bath down town #11",,Private room in rental unit,private_room,https://a0.muscache.com/im/pictures/6049d3ed-428b-4849-af93-3bf50d1964c4.jpg,11,,2111523,⁨B14⁩,"","",false,64.1465,-21.9330,3,1,2,1.0,false,"TV,Wifi,Air conditioning,Crib,Pack ’n play/Travel crib,Room-darkening shades,Paid parking off premises,Hot water,Body soap,Mini fridge,Bed linens,Extra pillows and blankets,Microwave,Coffee maker,Heating,Dryer,Smoke alarm,Carbon monoxide alarm,Fire extinguisher,Luggage dropoff allowed,Essentials,Shampoo,Lock on bedroom door,Hangers,Hair dryer,Iron,Private entrance",true,false,1,Firm,,,,,ISK,35,0,,26,4.54,4.5,4.7,4.7,4.2,4.9,4.3,10318.0,1323612.0,327.0,41772.6,0.09,0.12,27.5,3528.7,36.6,4700.7,1.0,2.4,33,91,332,365,1152.0,146592.0,334.7,42590.5,0.033,0.033,12.4,1579.3,12.4,1579.3,1.0,3.0,3,0,87,90
12832747,Cosy Studio 600 m from Hallgrimskirkja Church,"Friendly and cosy 40 sq. m. quality studio that was recently renewed and refurnished.  The location is ideal in a quiet neighborhood 600 meters from Hallgrimskirkja Church.  The apartment is well located with children playground in 50 meters, 150 meters from nice Klambratun park and Kjarvalsstadir art museum.  It is 650 meters from the main street Laugavegur and 700 meters from the street Skolavordustigur. BSI, the main Bus Terminal in Reykjavik, is 650 meters away.<br /><br /><b>The space</b><br />-One quality double bed<br />-Nice and bright 40 sqm. apartment on gound floor with seperate entrance.<br />-One sofa bed that sleeps one adult or two children<br />-Fridge <br />-Free high speed Wifi with up to 500 mb/s<br />-Nespresso coffee machine (4 capsules on arrival)<br />-Microwave<br />-43\" Smart TV with following channels:<br />•Sky News, <br />•CNN,<br />•BBC World News, <br />•DR1, <br />•NRK1,<br />•SVT1,<br />•BBC Brit, <br />•ID Discovery, <br />•E!<br />•MTV,<br />•Food Network, <br />•JimJam<br />•Disney Junior, <br />•BBC Earth, <br />•Animal Planet, <br />•National Geographic, <br />•Discovery Science, <br />•Discovery Channel, <br />•Discovery World, <br />•TLC, <br />•Movie Star Channel, <br />•Eurosport 1,<br />•Eurosport 2,<br />•LFCTV,<br />•MUTV<br /><br /><b>Guest access</b><br />Guests have access to the whole apartment",Entire rental unit,entire_home,https://a0.muscache.com/im/pictures/12a60f7a-19f1-4365-8abb-579a6e9cd82b.jpg,27,"https://a0.muscache.com/im/pictures/12a60f7a-19f1-4365-8abb-579a6e9cd82b.jpg,https://a0.muscache.com/im/pictures/50f70415-1a98-4f9b-9bfd-5886f4885246.jpg,https://a0.muscache.com/im/pictures/ea52b6c2-29e9-4140-993f-41b3bf87b7bc.jpg,https://a0.muscache.com/im/pictures/d22b03a7-bbfb-4565-a6c1-89757d5c3f24.jpg,https://a0.muscache.com/im/pictures/c3ad2dff-a804-46ef-9486-1b032bb42a8c.jpg,https://a0.muscache.com/im/pictures/f15194e5-6a81-4a9f-9e04-10387a68c06f.jpg,https://a0.muscache.com/im/pictures/998c9234-a520-41dc-874f-df33f02bc9f1.jpg,https://a0.muscache.com/im/pictures/2844df22-ccd3-4d42-a1b0-90951316fd0a.jpg,https://a0.muscache.com/im/pictures/918767df-cc4e-46ca-8fc8-96d88255ac7a.jpg,https://a0.muscache.com/im/pictures/1a4559e8-fa77-4bd1-a47a-eb2e078baabc.jpg,https://a0.muscache.com/im/pictures/0e9fef8a-e389-4c4b-bfe4-99bd13608281.jpg,https://a0.muscache.com/im/pictures/7125f757-2564-4b2a-a2f1-5f5f2a8b0cbd.jpg,https://a0.muscache.com/im/pictures/e4486c7b-565e-466c-acd0-e0fee616a3f0.jpg,https://a0.muscache.com/im/pictures/3bd85c3a-be2b-40ec-8515-6fc3e7561557.jpg,https://a0.muscache.com/im/pictures/7d9226f6-e88e-4fc8-8ec8-847493706ab8.jpg,https://a0.muscache.com/im/pictures/5bac0c2f-65a4-4394-a743-c7420b95fbdb.jpg,https://a0.muscache.com/im/pictures/3f2df3f2-1b5f-4e59-a76c-13ffff0b94c6.jpg,https://a0.muscache.com/im/pictures/e067de2d-c792-4841-b1c8-3d5276bd7c64.jpg,https://a0.muscache.com/im/pictures/30cfba59-88ae-495c-ac40-1143dccd5f3b.jpg,https://a0.muscache.com/im/pictures/7b62f5f8-eef9-4921-bc3f-88c303384251.jpg,https://a0.muscache.com/im/pictures/630e43b1-fbab-43ef-9074-9b338d9ff097.jpg,https://a0.muscache.com/im/pictures/9c160423-830d-4e46-bd7d-f7862343377d.jpg,https://a0.muscache.com/im/pictures/ee8b1845-91fe-40ba-b496-773abf4d2884.jpg,https://a0.muscache.com/im/pictures/f597ea42-a66e-4dc3-acca-15a86525e999.jpg,https://a0.muscache.com/im/pictures/65f7c5c9-fb41-471a-9db7-541cb6254ffc.jpg,https://a0.muscache.com/im/pictures/566edfe7-92e4-4e7c-a562-94ba3b5362f8.jpg,https://a0.muscache.com/im/pictures/d9453066-e255-47e7-a5b6-72c7056fb854.jpg",70039525,Brynja,"","",true,64.1370,-21.9200,2,,2,1.0,false,"Hair dryer,Shampoo,Hot water,Washer,Essentials,Hangers,Iron,TV,Heating,Smoke alarm,Fire extinguisher,First aid kit,Wifi,Kitchen,Refrigerator,Microwave,Cooking basics,Dishes and silverware,Stove,Coffee maker,Backyard,Free parking on premises",,false,3,Strict,3:00 PM,12:00 PM,true,true,ISK,58,0,true,338,4.91,5.0,4.9,4.9,5.0,4.9,4.8,36729.0,4702138.0,168.1,21477.9,0.562,0.582,92.8,11891.8,96.3,12331.0,3.3,4.0,205,13,160,365,3885.0,494362.0,171.8,21860.0,0.233,0.233,40.6,5164.9,40.6,5164.9,5.3,5.3,21,0,69,90
13028685,Cozy double/twin bedroom in heart of city center!,,Private room in hostel,private_room,https://a0.muscache.com/im/pictures/e588cb17-b8fe-4870-b344-faa9e7409a7c.jpg,11,,31682311,Aldís,"","",false,64.1492,-21.9471,2,1,2,3.0,false,"High chair,Wifi,Kitchen,Pack ’n play/Travel crib,Room-darkening shades,Hot water,Bed linens,Extra pillows and blankets,Microwave,Coffee maker,Refrigerator,Dishwasher,Dishes and silverware,Heating,Cooking basics,Oven,Stove,Washer,Dryer,Smoke alarm,Patio or balcony,First aid kit,Fire extinguisher,Luggage dropoff allowed,Essentials,Long term stays allowed,Shampoo,Lock on bedroom door,Hangers,Hair dryer,Iron",,false,3,Firm,,,,,ISK,17,0,,244,4.59,4.8,4.9,4.6,4.9,4.9,4.7,6306.0,806712.0,195.1,24946.2,0.099,0.17,16.6,2127.2,28.6,3662.4,3.0,2.4,36,153,329,365,1960.0,249406.0,171.1,21768.1,0.122,0.122,20.8,2651.0,20.8,2651.0,9.1,2.2,11,0,79,90
13029172,Elegant 4 BR central yet quiet. High quality beds.,"Elegant and cozy 4 bedroom apartment on 1st and 2nd floor in a quiet location right in the middle of the city center. New high quality mattresses. Super fast WiFi and dedicated workspaces in 3 bedrooms. Grocery store next door.  Private entrance on ground floor. 1st floor has well equipped kitchen next to a large dining room, spacious living room (with the option of sleeping on the couch or air mattress), and 1 bedroom. 2nd floor has 3 bedrooms, bathroom with bathtub + shower and a laundry room.<br /><br /><b>The space</b><br />The apartment is in a recently completely renovated 90 year old house with rich history that used to host one of Reykjavik's oldest printing presses for decades (Therefore it has unusually tall ceilings).  The location could not be more central but it is still quiet and relaxed as it is in a back street. The apartment is cozy and well organized and has real character. High quality matresses in every bedroom.<br /><br /><b>Guest access</b><br />Guests have access to the whole apartment. There are six of us who live here (2 adults, 2 teenagers and 2 toddlers) so don't expect empty closets but there will be plenty of space for you :)<br /><br /><b>Registration Details</b><br />HG-00006585",Entire condo,entire_home,https://a0.muscache.com/im/pictures/hosting/Hosting-13029172/original/ca6e54f0-a636-40e8-bc77-af3cf3e25d92.jpeg,23,"https://a0.muscache.com/im/pictures/hosting/Hosting-13029172/original/ca6e54f0-a636-40e8-bc77-af3cf3e25d92.jpeg,https://a0.muscache.com/im/pictures/0dd49eea-4981-410e-8542-d87809a8e637.jpg,https://a0.muscache.com/im/pictures/85c7b30e-8056-41d2-aee7-a9f35809d498.jpg,https://a0.muscache.com/im/pictures/2203e113-8227-45d9-bc46-81459622bd3e.jpg,https://a0.muscache.com/im/pictures/a9d0711b-e0a7-44ab-acf5-df2d16d09d29.jpg,https://a0.muscache.com/im/pictures/hosting/Hosting-13029172/original/7bc4901f-edb3-44a0-b372-6af898265bb8.jpeg,https://a0.muscache.com/im/pictures/hosting/Hosting-13029172/original/facb7178-265a-4455-a9b8-61fc75466c57.jpeg,https://a0.muscache.com/im/pictures/6a7670a9-f8ef-4137-be54-394c71016368.jpg,https://a0.muscache.com/im/pictures/15124770-cd37-495a-8451-ec97c3fb9817.jpg,https://a0.muscache.com/im/pictures/hosting/Hosting-13029172/original/abfff0d9-468a-447c-800b-a29c0abe18bf.jpeg,https://a0.muscache.com/im/pictures/hosting/Hosting-13029172/original/6d65153c-47bb-4d26-abb6-12a2375e9c50.jpeg,https://a0.muscache.com/im/pictures/a97c2a8c-37cc-4bd9-a864-2b6e8f6e79b3.jpg,https://a0.muscache.com/im/pictures/429f4db4-70e1-4141-8c1f-c49408f6b5c5.jpg,https://a0.muscache.com/im/pictures/e3cf4641-fe6f-46a6-af94-e8adfd513f56.jpg,https://a0.muscache.com/im/pictures/2f36e29d-8586-481f-ad3f-736b28f6093c.jpg,https://a0.muscache.com/im/pictures/99973e0d-6fea-45b5-ac4a-c1b893723899.jpg,https://a0.muscache.com/im/pictures/a492bd3d-8575-4f0a-acde-ab6692d4ab49.jpg,https://a0.muscache.com/im/pictures/94138b75-d2ce-4e99-98bd-bfca8eed41ca.jpg,https://a0.muscache.com/im/pictures/21c73b22-8c27-4b19-8c24-88e2950165b8.jpg,https://a0.muscache.com/im/pictures/04841151-7779-4f36-a406-f6d866d775ca.jpg,https://a0.muscache.com/im/pictures/8b119d4e-9146-409d-a8e1-7b891313048b.jpg,https://a0.muscache.com/im/pictures/e4c1ebc3-8dca-45be-a052-ef2417ebc6b0.jpg,https://a0.muscache.com/im/pictures/41e88240-bf78-4c05-97ab-812526c74a8c.jpg",1134183,Georg,"184850274,349386556","Kristrún Tinna,Ellert",false,64.1450,-21.9337,7,4,4,1.0,true,"Air conditioning,Bathtub,Hair dryer,Cleaning products,Shampoo,Conditioner,Body soap,Hot water,Shower gel,Washer,Dryer,Essentials,Bed linens,Extra pillows and blankets,Room-darkening shades,Iron,Drying rack for clothing,Ethernet connection,TV,Sound system,Exercise equipment,Books and reading material,Crib,Pack ’n play/Travel crib,Children’s books and toys,High chair,Children’s dinnerware,Board games,Baby safety gates,Children's playroom,Heating,Smoke alarm,Carbon monoxide alarm,Fire extinguisher,First aid kit,Wifi,Dedicated workspace,Kitchen,Refrigerator,Microwave,Cooking basics,Dishes and silverware,Freezer,Dishwasher,Stove,Oven,Hot water kettle,Coffee maker,Wine glasses,Toaster,Baking sheet,Blender,Barbecue utensils,Dining table,Coffee,Private entrance,Patio or balcony,Outdoor furniture,BBQ grill,EV charger,Paid parking off premises,Long term stays allowed",,false,4,Firm,3:00 PM,11:00 AM,true,true,ISK,0,0,true,46,5.0,5.0,5.0,4.9,5.0,5.0,4.9,14782.0,1896080.0,283.7,36403.6,0.142,0.142,40.5,5194.7,40.5,5194.7,3.9,13.0,52,0,313,365,0.0,0.0,0.0,0.0,0.0,0.0,0.0,0.0,0.0,0.0,3.9,0.0,0,0,90,90
13049726,Downtown-Fully-Equipped 2X2-Apartment,"Fully equipped basement apartment for 4 people close to the Grandi harbor area with private entrance at the back of the building. <br />The house is in front of a primary school which I love because it is so alive when the children go out to play. The school started at 08:30 and you might hear the bell ringing and children and parents coming to school.<br />The bed is 140 X 200 cm and the Sofa bed has the same size.<br /><br /><b>The space</b><br />The apartment is located in a residential neighborhood in the old harbor area and an easy stroll to the city center. It is only 950 meters from the city center itself and the areas numerous attractions.<br />You don't need any public transportation because you can walk to the tourist office, restaurants and shops.<br />Hotel Oddsson at Hringbraut 121 is the closest pick up/drop off point.<br /><br /><b>Guest access</b><br />The apartment is only for you. You can use the kitchen as you please but please don't cook fish. We have really bad experiences when the guests have done so. <br />Nobody likes to arrive to a place that smell fishy.<br /><br /><b>Registration Details</b><br />REK-2021-013070",Entire rental unit,entire_home,https://a0.muscache.com/im/pictures/miso/Hosting-13049726/original/e7040510-9310-48a1-8bd7-f9fc82293c74.jpeg,44,"https://a0.muscache.com/im/pictures/miso/Hosting-13049726/original/e7040510-9310-48a1-8bd7-f9fc82293c74.jpeg,https://a0.muscache.com/im/pictures/4e30c1be-dbe5-4638-840f-91b40f7cc540.jpg,https://a0.muscache.com/im/pictures/e4d6b7f1-851f-411b-96f1-7a62ac0a009c.jpg,https://a0.muscache.com/im/pictures/miso/Hosting-13049726/original/63a743dc-3295-475d-b828-2c4215581d8a.jpeg,https://a0.muscache.com/im/pictures/dc9ea837-61d9-4444-b25f-505bd1bbc8ef.jpg,https://a0.muscache.com/im/pictures/miso/Hosting-13049726/original/9ca1a011-4bef-4f38-af75-f7d4cb9c5ee1.jpeg,https://a0.muscache.com/im/pictures/3e43cf2e-9e30-4a87-9a33-a498efd2aaa7.jpg,https://a0.muscache.com/im/pictures/e6cf3d34-9336-4a67-97ee-b432eeb616b6.jpg,https://a0.muscache.com/im/pictures/84a7375d-5e86-4b9a-acff-1507388ef174.jpg,https://a0.muscache.com/im/pictures/miso/Hosting-13049726/original/85c15ad9-699c-4a06-a474-59171e5f5d7a.jpeg,https://a0.muscache.com/im/pictures/miso/Hosting-13049726/original/abb0ce3e-410d-463d-aca3-e3303ebdfebd.jpeg,https://a0.muscache.com/im/pictures/3218f806-5025-4a42-8bb0-c1424af00527.jpg,https://a0.muscache.com/im/pictures/7b9cc137-d4f5-44ff-bd47-94a928caa69d.jpg,https://a0.muscache.com/im/pictures/miso/Hosting-13049726/original/c34b5e9f-c2df-4fb4-9934-607761c859a2.jpeg,https://a0.muscache.com/im/pictures/miso/Hosting-13049726/original/e6c0fd3a-3e53-4937-8e54-6ad8e25c4446.jpeg,https://a0.muscache.com/im/pictures/miso/Hosting-13049726/original/433c7988-aff0-40cb-9e89-a1d5792c3c30.jpeg,https://a0.muscache.com/im/pictures/e3923000-dc06-494b-9e8f-e65937217231.jpg,https://a0.muscache.com/im/pictures/08e88100-f61e-41bd-9c71-0aa781588ff3.jpg,https://a0.muscache.com/im/pictures/bd455e5b-8eda-4423-92ee-4f87cfc1b207.jpg,https://a0.muscache.com/im/pictures/1c5346bf-3422-40de-acca-55b6c07fbe1e.jpg,https://a0.muscache.com/im/pictures/04453370-9d57-446b-a83c-b214c9db1bf1.jpg,https://a0.muscache.com/im/pictures/26a345bc-d3f4-4d74-b09c-3585a3342012.jpg,https://a0.muscache.com/im/pictures/09ad3f07-0ec1-4895-a661-fd6ede03c13b.jpg,https://a0.muscache.com/im/pictures/4a92db8d-68c8-407b-b978-ce6ba00c0d55.jpg,https://a0.muscache.com/im/pictures/32cee901-00e2-4f55-b2c7-bfbf6832e1ff.jpg,https://a0.muscache.com/im/pictures/bbc3a957-9934-42c2-bbb4-bc47ec982a6b.jpg,https://a0.muscache.com/im/pictures/85cba719-263b-4357-8e65-72c1463f13f3.jpg,https://a0.muscache.com/im/pictures/e995645b-673c-44f9-b6aa-283347a44044.jpg,https://a0.muscache.com/im/pictures/82ef5f4d-b6bc-4778-9267-05af2b0832b8.jpg,https://a0.muscache.com/im/pictures/5ac93f1d-a868-4d06-bf70-45bb5e06524c.jpg,https://a0.muscache.com/im/pictures/076604ce-27ce-4323-b064-f9698175eb70.jpg,https://a0.muscache.com/im/pictures/9f0e1c41-9107-4d0e-ba60-abe0b2be956e.jpg,https://a0.muscache.com/im/pictures/50b0ce81-43c3-4fb1-a999-c999c722fc9b.jpg,https://a0.muscache.com/im/pictures/f253d7e5-d6cf-4cbb-93c8-3e451d755095.jpg,https://a0.muscache.com/im/pictures/fc54c1ff-b755-4f5e-b88a-7ef59864c9f7.jpg,https://a0.muscache.com/im/pictures/0d087ca3-64ef-4fb5-bddc-29779ff0d002.jpg,https://a0.muscache.com/im/pictures/5d7ff104-df32-4424-8e3f-4ae11a2fd65f.jpg,https://a0.muscache.com/im/pictures/647bf33d-c65a-44b2-b1ce-e4a53f4b415a.jpg,https://a0.muscache.com/im/pictures/8bb1caa1-395d-4835-a635-86cce9c30c55.jpg,https://a0.muscache.com/im/pictures/3a039bb8-4c18-4271-9484-cae7cb39d40a.jpg,https://a0.muscache.com/im/pictures/5d56bd91-1909-43d0-9b05-985b00ae2ef9.jpg,https://a0.muscache.com/im/pictures/8cf9d4c0-1d86-4f36-9272-307f310f7e54.jpg,https://a0.muscache.com/im/pictures/miso/Hosting-13049726/original/f4856da4-3b6a-451f-aed5-ec442e3b0b2c.jpeg,https://a0.muscache.com/im/pictures/ba2c668a-d9f5-450a-a419-5bcb32ea24e0.jpg",6413199,Maria,"","",true,64.1499,-21.9573,4,2,2,1.0,true,"Hair dryer,Shampoo,Hot water,Essentials,Hangers,Bed linens,Iron,TV,Pack ’n play/Travel crib,High chair,Heating,Smoke alarm,Carbon monoxide alarm,Fire extinguisher,First aid kit,Wifi,Kitchen,Refrigerator,Coffee maker,Free parking on premises,Free street parking,Luggage dropoff allowed,Long term stays allowed",,false,1,Moderate,4:00 PM,10:00 AM,false,true,ISK,0,0,true,771,4.8,4.9,4.9,4.9,4.9,4.8,4.8,72310.0,9235935.0,260.5,33279.2,0.715,0.839,198.1,25303.9,232.5,29697.5,1.0,1.2,261,54,104,365,4561.0,580382.0,210.7,26805.8,0.244,0.611,50.7,6448.7,126.7,16121.7,1.0,1.1,22,54,68,90
13159452,Downtown-3x2-Beautiful-Design-Penthouse/Apartment,"A very comfortable large 100,4m²  (1080 ft²)  apartment on the third floor (no lift) for up to six persons, close to the old harbor and only 950 m from the city center in the residential area of downtown Reykjavík (101). <br /><br />Free public parking across the street.<br /><br />The house is in front of a primary school which I love because it is so alive when the children go out to play. The school started at 08:30 and you might hear the bell ringing and children and parents coming to school.<br /><br /><b>The space</b><br />The apartment is in a residential neighborhood, you will be able to meet the locals. <br />It takes only a minute to walk to the seashore and the closest restaurant from the apartment; but there are plenty more just 5-10 min away by the old harbor.<br /><br /><b>Guest access</b><br />The entire apartment is exclusively only for you.<br /><br /><b>Other things to note</b><br />The house is in front of a primary school which I love because it is so alive when the children go out to play during the day.<br /><br /><b>Registration Details</b><br />REK-2021-023748",Entire rental unit,entire_home,https://a0.muscache.com/im/pictures/miso/Hosting-13159452/original/19b19e2a-3ffc-49c4-a531-5c226555237d.jpeg,32,"https://a0.muscache.com/im/pictures/miso/Hosting-13159452/original/19b19e2a-3ffc-49c4-a531-5c226555237d.jpeg,https://a0.muscache.com/im/pictures/miso/Hosting-13159452/original/f2899f3b-87d0-4ded-ad58-6b52303010cb.jpeg,https://a0.muscache.com/im/pictures/8e3107f6-b2e7-444c-91e6-8c9193dbcd55.jpg,https://a0.muscache.com/im/pictures/miso/Hosting-13159452/original/b8b04224-9cea-4173-ba89-2a5fcf918a9a.jpeg,https://a0.muscache.com/im/pictures/miso/Hosting-13159452/original/17235c97-001b-4212-8868-b45445100e91.jpeg,https://a0.muscache.com/im/pictures/c60f5aa7-4441-473b-8487-62337d32847c.jpg,https://a0.muscache.com/im/pictures/miso/Hosting-13159452/original/45b4cb6f-fe1e-4d63-8a1b-5aa3be441f42.jpeg,https://a0.muscache.com/im/pictures/miso/Hosting-13159452/original/eeb8c35a-3ddc-47af-ab19-bd03339d2c93.jpeg,https://a0.muscache.com/im/pictures/miso/Hosting-13159452/original/1257e279-17d3-42e8-ab7d-2c52df41b41a.jpeg,https://a0.muscache.com/im/pictures/miso/Hosting-13159452/original/560eb88c-bc38-4a1f-a775-b8e158dd1b1b.jpeg,https://a0.muscache.com/im/pictures/miso/Hosting-13159452/original/84995236-10e6-4250-b51f-121940b309cc.jpeg,https://a0.muscache.com/im/pictures/miso/Hosting-13159452/original/7f160987-8547-4181-8ff5-2e93f73dfa7c.jpeg,https://a0.muscache.com/im/pictures/miso/Hosting-13159452/original/81020326-5c2b-451a-8349-84a2c06abd9b.jpeg,https://a0.muscache.com/im/pictures/29064938-4a4c-4566-9ab9-dccb0e851ef4.jpg,https://a0.muscache.com/im/pictures/debbe458-157b-4fdd-96de-3d5a574689e1.jpg,https://a0.muscache.com/im/pictures/ea1ba7d8-4c13-4a75-9c1a-f042de54cf24.jpg,https://a0.muscache.com/im/pictures/8e3a2d32-569c-41ac-9885-a0d2bd6b1a23.jpg,https://a0.muscache.com/im/pictures/miso/Hosting-13159452/original/bcb90547-7c9b-433e-8158-9a3d34f60732.jpeg,https://a0.muscache.com/im/pictures/c618ee3f-f86f-4c43-94f6-1cb5cd943e71.jpg,https://a0.muscache.com/im/pictures/miso/Hosting-13159452/original/73be27e6-f9e4-4e6a-9171-9aa4538fe3b9.jpeg,https://a0.muscache.com/im/pictures/5a3b61f5-13a2-4a84-aba4-cd7f572547b0.jpg,https://a0.muscache.com/im/pictures/60ece786-02b7-4ec0-b964-cf09c22980b4.jpg,https://a0.muscache.com/im/pictures/0fd46cb8-45fd-47f4-b7ab-af4e25b049d0.jpg,https://a0.muscache.com/im/pictures/b12e2438-588a-4e3a-ab3f-23af8f000a37.jpg,https://a0.muscache.com/im/pictures/504d45ce-c1aa-437f-9811-37748d36bcb1.jpg,https://a0.muscache.com/im/pictures/8d1c022a-abbe-4d6e-8e35-599a5a33a662.jpg,https://a0.muscache.com/im/pictures/0c759c42-694f-4dde-a547-6d793cfb204c.jpg,https://a0.muscache.com/im/pictures/4475198a-e2a7-4a4f-bc22-ac0351d9873c.jpg,https://a0.muscache.com/im/pictures/3cc5c050-6eca-4fb1-b614-1ba9536bb079.jpg,https://a0.muscache.com/im/pictures/890f26e5-faf4-4192-9c13-76c251476355.jpg,https://a0.muscache.com/im/pictures/26edd4b1-ba18-4fcb-bfe2-01458157675b.jpg,https://a0.muscache.com/im/pictures/67b0e4ed-43bf-4343-ade8-3138e96564e0.jpg",6413199,Maria,"","",true,64.1500,-21.9570,6,2,3,1.0,true,"Bathtub,Hair dryer,Cleaning products,Shampoo,Conditioner,Body soap,Hot water,Shower gel,Washer,Essentials,Hangers,Bed linens,Extra pillows and blankets,Room-darkening shades,Iron,Drying rack for clothing,Clothing storage,TV,Piano,Books and reading material,Crib,Pack ’n play/Travel crib,High chair,Board games,Heating,Smoke alarm,Carbon monoxide alarm,Fire extinguisher,First aid kit,Wifi,Dedicated workspace,Kitchen,Refrigerator,Microwave,Cooking basics,Dishes and silverware,Freezer,Dishwasher,Stove,Oven,Hot water kettle,Coffee maker,Wine glasses,Toaster,Baking sheet,Dining table,Coffee,Laundromat nearby,Patio or balcony,Free street parking,Hot tub,Luggage dropoff allowed,Long term stays allowed",,false,1,Moderate,4:00 PM,10:00 AM,true,true,ISK,0,0,true,1216,4.88,4.9,4.9,4.9,4.9,4.8,4.8,135590.0,1.7323837E7,439.3,56120.8,0.83,0.83,371.5,47462.6,371.5,47462.6,1.0,1.4,303,0,62,365,27429.0,3490328.0,379.6,48309.6,0.789,0.789,304.8,38781.4,304.8,38781.4,1.0,1.4,71,0,19,90
13185606,Charming Apartment in Center of Reykjavik,,Entire rental unit,entire_home,https://a0.muscache.com/im/pictures/hosting/Hosting-U3RheVN1cHBseUxpc3Rpbmc6MTMxODU2MDY=/original/a1e9e507-dd0a-4e73-a579-5c34ee3755f9.jpeg,16,,73765621,Geirthrudur,"","",false,64.1456,-21.9336,2,1,1,1.0,false,"Shampoo,Hot water,Essentials,Hangers,Bed linens,Heating,Smoke alarm,Kitchen,Refrigerator,Cooking basics,Stove,Oven,Private entrance,Patio or balcony,Backyard,Paid parking off premises",,false,5,Moderate,,,,,ISK,68,0,,27,4.59,4.7,4.8,4.9,4.9,5.0,4.8,5266.0,670096.0,121.9,15638.6,0.11,0.11,13.5,1717.3,13.5,1717.3,4.8,8.0,40,0,325,365,0.0,0.0,0.0,0.0,0.0,0.0,0.0,0.0,0.0,0.0,7.4,0.0,0,0,90,90
13242366,Apartment in West-End of Reykjavík (Room 1),"Comfortable basement apartment with two big private bedrooms, shared small kitchenette (microwave, sandwich toaster, no stove) and shared bathroom. The place is in West-Town (Vesturbæjarlaug) which is within walking distance to downtown Reykjavík and close to Grandi area with various restaurants and grocery stores. The place is also close to Vesturbæjarlaug (local geothermal pool) and other West-Town places and the ocean.<br /><br />If this listing is booked you can check my other listing (Room 2).<br /><br /><b>The space</b><br />We have official permits (i.e. an operating license) from the local authorities and the apartment fulfills all Health-Code regulations.<br /><br />The system is such that the entrance to the apartment is completely separate, meaning that you can come and go at your own discretion. Whether you're beginning or ending your journey in Iceland with us we feel that having your own space and privacy is paramount. As such you can be completely independent while staying at our place.<br /><br /><b>Guest access</b><br />This apartment is on the ground floor of a three-story house. The apartment is completely separated from the other floors and guests have access to the room they book (Room 1 and Room 2, respectively) and the rest of the apartment (kitchen, shower and bathroom)",Private room in rental unit,private_room,https://a0.muscache.com/im/pictures/88c7d5c5-695c-424f-9938-a924c41afbf2.jpg,8,"https://a0.muscache.com/im/pictures/88c7d5c5-695c-424f-9938-a924c41afbf2.jpg,https://a0.muscache.com/im/pictures/3d78892a-cfa5-45d5-b3df-4aec26a3cee9.jpg,https://a0.muscache.com/im/pictures/f3ffeab7-ee30-4c17-af54-4bc8278a96a8.jpg,https://a0.muscache.com/im/pictures/a999c543-80fc-4026-b565-7ae47e60b161.jpg,https://a0.muscache.com/im/pictures/3aa83c08-580c-45ce-9de9-4c12df733fa0.jpg,https://a0.muscache.com/im/pictures/4e21c4d3-1c86-46a6-a780-b6119866ed20.jpg,https://a0.muscache.com/im/pictures/b2f4d5d7-2e2d-4759-9d0d-ee22b455544d.jpg,https://a0.muscache.com/im/pictures/8238cb30-83f2-4e03-8b8f-0f94d30932c2.jpg",74416688,Alina,"","",true,64.1507,-21.9593,,,2,0.0,false,"Hair dryer,Shampoo,Hot water,Essentials,Hangers,Bed linens,Heating,Smoke alarm,Fire extinguisher,First aid kit,Wifi,Dedicated workspace,Private entrance,Free street parking",,false,1,Firm,2:00 PM,11:00 AM,false,false,ISK,0,0,true,1078,4.75,4.9,4.9,4.9,4.9,4.8,4.7,29553.0,3775723.0,99.4,12706.8,0.808,0.808,81.0,10344.4,81.0,10344.4,1.0,1.6,295,0,70,365,6289.0,800267.0,100.8,12823.9,0.689,0.689,69.9,8891.9,69.9,8891.9,1.0,1.7,62,0,28,90
13243620,Apartment in West-End of Reykjavík (Room 2),"Comfortable and clean basement apartment with two big private bedrooms, shared small kitchenette (microwave, sandwich toaster, no stove) and shared bathroom. The place is in West-Town (Vesturbær) which is within walking distance to downtown Reykjavík and close to Grandi area with various restaurants and grocery stores. The place is also close to Vesturbæjarlaug (local geothermal pool) and other West-Town places and the ocean.<br /><br /><b>The space</b><br />We have official permits (i.e. an operating license) from the local authorities and the apartment fulfills all Health-Code regulations. <br /><br />The system is such that the entrance to the apartment is completely separate, meaning that you can come and go at your own discretion. Whether you're beginning or ending your journey with us we feel that having your own space and privacy is paramount. As such you can be completely independent while staying at our place.<br /><br /><b>Guest access</b><br />This apartment is in the basement of a three-story house. The apartment is completely separated from the other floors and guests have access to the room they book (Room 1 and Room 2, respectively) and the rest of the apartment (kitchenette, shower and bedroom)",Private room in rental unit,private_room,https://a0.muscache.com/im/pictures/045caaf9-f88d-4f2a-a68e-752d4610bca1.jpg,7,"https://a0.muscache.com/im/pictures/045caaf9-f88d-4f2a-a68e-752d4610bca1.jpg,https://a0.muscache.com/im/pictures/be2353eb-629b-441a-9f10-04c878c93a06.jpg,https://a0.muscache.com/im/pictures/9a9b2d85-912f-4965-af8f-699efd59e70b.jpg,https://a0.muscache.com/im/pictures/cc330cc3-74b8-48bf-b22b-22d8b473090c.jpg,https://a0.muscache.com/im/pictures/3ef67aae-8b0f-4ef0-a80f-fa678749a91e.jpg,https://a0.muscache.com/im/pictures/d1005bf4-6c19-49ee-97c3-ca2eac5130e5.jpg,https://a0.muscache.com/im/pictures/64ee75c1-89dc-4e01-896d-fd2c0e14adff.jpg",74416688,Alina,"","",true,64.1490,-21.9592,,,2,0.0,false,"Hair dryer,Shampoo,Hot water,Essentials,Hangers,Bed linens,Heating,Smoke alarm,Fire extinguisher,First aid kit,Wifi,Refrigerator,Microwave,Dishes and silverware,Coffee maker,Waterfront,Private entrance,Free street parking",,false,1,Moderate,2:00 PM,11:00 AM,true,false,ISK,0,0,true,981,4.78,4.9,4.9,4.9,4.9,4.8,4.8,25801.0,3294388.0,102.3,13072.7,0.682,0.682,70.7,9025.7,70.7,9025.7,1.0,1.8,249,0,116,365,5554.0,706742.0,103.2,13129.3,0.6,0.6,61.7,7852.7,61.7,7852.7,1.0,2.2,54,0,36,90
13297190,Double/Twin room in perfect city center location!,,Private room in hostel,private_room,https://a0.muscache.com/im/pictures/21b4216b-e1f6-408d-b1af-5ce99bd1348c.jpg,13,,31682311,Aldís,"","",false,64.1507,-21.9474,2,1,2,3.5,false,"High chair,Wifi,Kitchen,Pack ’n play/Travel crib,Room-darkening shades,Hot water,Bed linens,Extra pillows and blankets,Microwave,Coffee maker,Refrigerator,Dishwasher,Dishes and silverware,Heating,Cooking basics,Oven,Stove,Washer,Dryer,Smoke alarm,First aid kit,Fire extinguisher,Luggage dropoff allowed,Essentials,Long term stays allowed,Shampoo,Lock on bedroom door,Hangers,Hair dryer,Iron",,false,3,Firm,,,,,ISK,17,0,,275,4.63,4.8,4.9,4.6,4.9,4.9,4.7,7319.0,931334.0,197.0,25195.7,0.11,0.194,19.4,2462.7,34.3,4363.5,3.0,2.4,40,159,325,365,2500.0,318122.0,180.9,23019.4,0.144,0.144,26.6,3390.5,26.6,3390.5,9.1,1.9,13,0,77,90
13298199,Spacious Double/Twin Room in Ideal Downtown Spot,,Private room in hostel,private_room,https://a0.muscache.com/im/pictures/59478470-88b3-4081-9af8-44dbfcd34d6a.jpg,9,,31682311,Aldís,"","",false,64.1498,-21.9485,2,1,2,3.0,false,"High chair,Wifi,Crib,Kitchen,Pack ’n play/Travel crib,Room-darkening shades,Hot water,Bed linens,Microwave,Coffee maker,Refrigerator,Dishwasher,Dishes and silverware,Heating,Cooking basics,Oven,Stove,Washer,Dryer,Smoke alarm,Patio or balcony,First aid kit,Fire extinguisher,Luggage dropoff allowed,Essentials,Long term stays allowed,Shampoo,Lock on bedroom door,Hangers,Hair dryer,Iron",,false,3,Firm,,,,,ISK,17,0,,187,4.66,4.8,4.8,4.6,4.8,4.9,4.7,5685.0,723409.0,202.8,25924.9,0.079,0.159,15.1,1916.8,30.2,3844.0,3.0,2.2,29,183,336,365,2120.0,269767.0,170.6,21713.0,0.133,0.135,22.6,2877.2,22.9,2909.6,9.1,2.0,12,1,78,90
13358452,Cozy twin room in great downtown location!,,Private room in hostel,private_room,https://a0.muscache.com/im/pictures/47f677f9-dafe-476d-80a4-430d6c025144.jpg,8,,31682311,Aldís,"","",false,64.1474,-21.9492,2,1,2,3.5,false,"High chair,Wifi,Kitchen,Pack ’n play/Travel crib,Hot water,Bed linens,Extra pillows and blankets,Microwave,Coffee maker,Refrigerator,Dishwasher,Dishes and silverware,Heating,Cooking basics,Oven,Stove,Washer,Dryer,Smoke alarm,Patio or balcony,Fire extinguisher,Luggage dropoff allowed,Essentials,Long term stays allowed,Shampoo,Lock on bedroom door,Hangers,Hair dryer,Iron",,false,3,Firm,,,,,ISK,21,0,,194,4.64,4.8,4.8,4.7,4.8,4.9,4.7,9793.0,1252475.0,207.7,26559.3,0.132,0.191,25.9,3314.3,37.7,4819.6,3.0,2.3,48,114,317,365,3270.0,416106.0,184.7,23505.8,0.189,0.191,34.9,4445.3,35.3,4495.2,9.1,2.4,17,1,73,90
13393208,Bright and cozy twin room in downtown Reykjavik!,,Private room in hostel,private_room,https://a0.muscache.com/im/pictures/56390e9a-2d66-4861-af3d-431d14d3a45f.jpg,14,,31682311,Aldís,"","",false,64.1477,-21.9468,2,1,2,3.0,false,"High chair,Wifi,Kitchen,Pack ’n play/Travel crib,Room-darkening shades,Hot water,Bed linens,Extra pillows and blankets,Microwave,Coffee maker,Refrigerator,Dishwasher,Dishes and silverware,Heating,Cooking basics,Oven,Stove,Washer,Dryer,Smoke alarm,Patio or balcony,First aid kit,Fire extinguisher,Luggage dropoff allowed,Essentials,Long term stays allowed,Shampoo,Lock on bedroom door,Hangers,Hair dryer,Iron",,false,3,Firm,,,,,ISK,17,0,,253,4.71,4.8,4.8,4.7,4.9,5.0,4.7,9013.0,1153846.0,200.9,25689.4,0.123,0.195,24.1,3084.2,38.1,4873.3,3.0,2.5,45,134,320,365,2840.0,361388.0,191.2,24331.5,0.156,0.156,31.0,3943.3,31.0,3943.3,9.1,2.3,14,0,76,90
13405589,Luxurious large house w/ hot&cold tube & sauna,,Entire townhouse,entire_home,https://a0.muscache.com/im/pictures/miso/Hosting-13405589/original/802cb918-b34a-4150-9f37-3d549e79f5bd.jpeg,40,,120881087,Anna,16302627,Hörður,false,64.1156,-21.7897,8,4,4,1.5,false,"Bathtub,Hair dryer,Cleaning products,Shampoo,Conditioner,Body soap,Outdoor shower,Hot water,Shower gel,Washer,Dryer,Essentials,Hangers,Bed linens,Extra pillows and blankets,Room-darkening shades,Iron,Drying rack for clothing,Clothing storage,Ethernet connection,TV,Sound system,Game console,Exercise equipment,Climbing wall,Books and reading material,Crib,Pack ’n play/Travel crib,Children’s books and toys,High chair,Children’s dinnerware,Changing table,Fireplace guards,Window guards,Board games,Children's playroom,Children’s bikes,Air conditioning,Indoor fireplace,Heating,Smoke alarm,Carbon monoxide alarm,Fire extinguisher,First aid kit,Wifi,Dedicated workspace,Kitchen,Refrigerator,Microwave,Cooking basics,Dishes and silverware,Freezer,Dishwasher,Stove,Oven,Hot water kettle,Coffee maker,Wine glasses,Toaster,Baking sheet,Blender,Barbecue utensils,Dining table,Coffee,Private entrance,Patio or balcony,Backyard,Fire pit,Outdoor furniture,Hammock,Outdoor dining area,BBQ grill,Sun loungers,Free parking on premises,Free street parking,Hot tub,Sauna,EV charger,Pets allowed,Luggage dropoff allowed,Long term stays allowed,Cleaning before checkout",,false,4,Moderate,,,,,ISK,120,0,true,7,5.0,5.0,5.0,5.0,5.0,5.0,4.7,13340.0,1697513.0,502.0,64184.8,0.079,0.091,35.9,4567.0,41.2,5242.1,4.0,14.5,29,47,336,365,0.0,0.0,550.6,70063.7,0.0,0.0,0.0,0.0,0.0,0.0,3.0,0.0,0,39,90,90
13434919,The Old Bicycle Shop - Double / Twin Room,"Katie’s room (named after our first ever guest in there ten years ago), is a large double room with a 180cm bed. We can set it up as a twin room. It is ideal for a couple or pair of friends, but can be booked as a single. It is on the main floor and looks out over Odinstorg square and its cafe tables. It is our best room. <br />We are a licenced, family run, and fantastically well located guesthouse in the centre of Reykjavik 101.<br /><br /><b>The space</b><br />The house is a traditional timber built Icelandic house, warm and snug throughout the year as heated with Iceland’s famous hydro-thermic hot water. All our guests have access to three shared bathrooms, two sitting rooms, an office space upstairs, a dining area, and to a kitchen which can be used for heating up food and snacks but not for cooking full meals. We do not offer breakfast for the very good reasons that we are not licenced to serve food and there are so many excellent bakeries, restaurants and coffee houses so locally; these open very early.<br />Our house itself is well known, and is historically listed. Built in 1906, it was a bicycle shop for fifty years, the first of these in Iceland, and as such it is much loved in Reykjavik, especially by people who bought their first bike here a generation ago. We are popular with film companies who love filming here. Traditional timber framed houses have certain features and quirks. Ours flexes and breathes, which is important in earthquake prone zones like ours, but it does mean that it is not as soundproof as modern concrete buildings are.<br /><br /><b>Guest access</b><br />Your private bedroom, two sitting rooms, a small office space upstairs, kitchen and dining room. There are three shared bathrooms which guests can use exclusively. There is a back yard with attractive golden rowan trees in it which is a nice aspect out of the windows, but this is part of our family space and not part of the guesthouse strictly speaking.<br /><br /><b>During your stay</b><br />I am half English / half Icelandic, born and bred in Reykjavik, and am native in both languages. This is my home as I grew a couple of hundred meters away in Njalsgata street. My husband Fergus is Anglo-Irish and our children (by upbringing) are English. Our part of the property is adjacent to but attached to the guesthouse. We are in residence most of the time, but spend some time in England as two of our now adult children live there. When not here, we have a manager who lives in. <br />Be in touch before you travel to allow us to help you have the best possible experience of Iceland. Once you book we will send you directions and instructions for a stress free arrival.<br /><br /><b>Other things to note</b><br />Reykjavik is served by hydro-thermally heated water. Our hot water is hot and plentiful therefore and each bedroom has a radiator with an adjustable regulator. Don't be cold. Turn your radiator up if you wish.<br />Hydro-thermic hot water is, by definition, volcanic, and therefore very slightly sulphurous. It is good for your skin. It tastes a bit off however, so run the mixer tap on cold for a good few seconds before drinking it or brushing your teeth. We have the best quality municipal drinking water in the world, by a very considerable margin. Delicious.<br /><br /><b>Registration Details</b><br />Malsnr. 0441-041-2015-0607",Private room in home,private_room,https://a0.muscache.com/im/pictures/b7d900b8-6750-4f3d-95f0-72d6ceab2ab5.jpg,45,"https://a0.muscache.com/im/pictures/b7d900b8-6750-4f3d-95f0-72d6ceab2ab5.jpg,https://a0.muscache.com/im/pictures/3e5bb3f2-2a28-4e08-93ff-6aa84936128f.jpg,https://a0.muscache.com/im/pictures/7e7950b8-cf0d-459e-9996-8ea64e61bf66.jpg,https://a0.muscache.com/im/pictures/267f9ae1-2863-4bc2-ad9f-e6615579272b.jpg,https://a0.muscache.com/im/pictures/54a5feb6-78bf-452e-9207-f4526fd9752b.jpg,https://a0.muscache.com/im/pictures/0d52a21b-b447-43e5-8c54-b82e72ea2980.jpg,https://a0.muscache.com/im/pictures/23c87698-305b-41f1-b013-c0a754cd5439.jpg,https://a0.muscache.com/im/pictures/aa391721-9b2b-40cf-a006-56468549ec92.jpg,https://a0.muscache.com/im/pictures/af764d7e-21b6-43f4-991b-2f6ff81583fb.jpg,https://a0.muscache.com/im/pictures/44a24783-37a0-41fc-ab59-a77ea980110b.jpg,https://a0.muscache.com/im/pictures/6d3c81c8-af0c-420c-993d-cc38d29aea2c.jpg,https://a0.muscache.com/im/pictures/9879c449-cf68-483c-a06f-baee2514143a.jpg,https://a0.muscache.com/im/pictures/c2106a81-f4e4-4ef8-86e1-cda68fa111a7.jpg,https://a0.muscache.com/im/pictures/772b43ad-ef09-4728-94a0-c6de5b1c4cf0.jpg,https://a0.muscache.com/im/pictures/19fba291-dd05-46ae-b1cc-0d446c8ea9cf.jpg,https://a0.muscache.com/im/pictures/a87ccccc-aab1-4bf6-b590-665f091dd505.jpg,https://a0.muscache.com/im/pictures/eb6e1464-82de-4ddd-a239-899ba01b9a1f.jpg,https://a0.muscache.com/im/pictures/609043f5-e510-4855-8261-ad47e9e0b6f1.jpg,https://a0.muscache.com/im/pictures/acec4a52-63db-4089-b36d-ea58cec907b5.jpg,https://a0.muscache.com/im/pictures/abc2f3fb-87f9-477e-a178-83f951ddc512.jpg,https://a0.muscache.com/im/pictures/34b9b719-5b53-4c3b-939f-e05e182645b6.jpg,https://a0.muscache.com/im/pictures/3b2ce515-1be6-4da2-9dec-615efab6d551.jpg,https://a0.muscache.com/im/pictures/ec7bc36a-5edd-4f53-af21-2689b078dbb0.jpg,https://a0.muscache.com/im/pictures/1e546ed2-4cbe-4e5d-b035-71fadc904757.jpg,https://a0.muscache.com/im/pictures/5fb51c65-158b-42c2-8816-a14791764f14.jpg,https://a0.muscache.com/im/pictures/159d3328-9027-498e-a1d7-cf2dcbc2eea2.jpg,https://a0.muscache.com/im/pictures/d8d77d1a-1934-47ef-abbd-484d5c0d50a2.jpg,https://a0.muscache.com/im/pictures/2d3ebab9-1aed-47bf-be4a-f8f81b8db1a9.jpg,https://a0.muscache.com/im/pictures/4a2e5d67-f7e3-4893-9f1c-b68f084f2645.jpg,https://a0.muscache.com/im/pictures/b1fc4489-d989-4348-b44f-6e51bdcdc2db.jpg,https://a0.muscache.com/im/pictures/1c655efe-3966-4210-9121-045e12390d41.jpg,https://a0.muscache.com/im/pictures/b7651993-0f3a-4923-a5e3-3596f1968952.jpg,https://a0.muscache.com/im/pictures/f19888b5-692a-4bde-b9ca-46d20442aa9c.jpg,https://a0.muscache.com/im/pictures/5fe8e3db-8a42-4a4b-b336-b375748d2717.jpg,https://a0.muscache.com/im/pictures/3b758cba-a739-4284-9f17-34b5e1b41e17.jpg,https://a0.muscache.com/im/pictures/a1f00a72-ebf9-4dac-9b0c-4335098ec753.jpg,https://a0.muscache.com/im/pictures/7b138e19-0fbf-43a5-babd-193ecd5ef048.jpg,https://a0.muscache.com/im/pictures/858b0663-8d67-4f7b-a105-007d8b4c2cbb.jpg,https://a0.muscache.com/im/pictures/b29ca160-e8ea-448e-a66f-2d60aeec402f.jpg,https://a0.muscache.com/im/pictures/2b376b59-9d7b-4783-b206-6526118a38a0.jpg,https://a0.muscache.com/im/pictures/ade99da6-36d0-4dfa-abc6-7772097e069c.jpg,https://a0.muscache.com/im/pictures/9f7ce77f-f41c-4997-a56e-2f68737915aa.jpg,https://a0.muscache.com/im/pictures/8d509bbe-7561-477b-929f-ce1e25f0cb05.jpg,https://a0.muscache.com/im/pictures/hosting/Hosting-U3RheVN1cHBseUxpc3Rpbmc6MTM0MzQ5MTk%3D/original/74fa9a9c-9026-457c-8464-7875da5ad342.jpeg,https://a0.muscache.com/im/pictures/hosting/Hosting-U3RheVN1cHBseUxpc3Rpbmc6MTM0MzQ5MTk%3D/original/e445f0eb-fb5b-4579-a7cf-ad58d563e80d.jpeg",14324446,⁨Gudrun Maria.⁩,"","",true,64.1446,-21.9330,,,3,0.0,true,"Bathtub,Hair dryer,Shampoo,Conditioner,Hot water,Dryer,Essentials,Hangers,Bed linens,Extra pillows and blankets,Room-darkening shades,Iron,Crib,Pack ’n play/Travel crib,Children’s books and toys,High chair,Children’s dinnerware,Board games,Baby safety gates,Air conditioning,Heating,Smoke alarm,Carbon monoxide alarm,Fire extinguisher,First aid kit,Wifi,Dedicated workspace,Kitchen,Refrigerator,Microwave,Cooking basics,Dishes and silverware,Freezer,Dishwasher,Stove,Oven,Hot water kettle,Coffee maker,Wine glasses,Coffee,Paid parking off premises",,false,1,Moderate,3:00 PM,10:00 AM,true,true,ISK,50,35,true,288,4.89,4.9,4.9,4.9,4.9,5.0,4.7,32561.0,4145079.0,172.9,22097.8,0.449,0.449,83.2,10589.5,83.2,10589.5,1.0,2.6,164,0,201,365,5292.0,673400.0,152.4,19395.6,0.356,0.356,54.9,6987.4,54.9,6987.4,1.0,3.2,32,0,58,90
13435427,The Old Bicycle Shop - Budget little single room,"We are a well established, licenced and family run guesthouse. Idunn'’s room is a very small single room on the bottom floor with a 90cm single bed. It is ideal for a single person on a budget, and its small size is reflected in its cost. There is plenty of room to enjoy in the house, but be aware that this room is a sleeping space and not suitable for anyone much over 6 foot tall or 90kg. It is, as such, much appreciated, booked constantly, and well reviewed.<br /><br /><b>The space</b><br />The house is a traditional timber built Icelandic house, warm and snug throughout the year as heated with Iceland’s famous hydro-thermic hot water. All our guests have access to three shared bathrooms, two sitting rooms, an office space upstairs, a dining area, and to a kitchen which can be used for heating up food and snacks but not for cooking full meals. We do not offer breakfast for the very good reasons that we are not licenced to serve food and there are so many excellent bakeries, restaurants and coffee houses so locally; these open very early.<br />Our house itself is well known, and is listed. Built in 1906, it was a bicycle shop for fifty years, the first of these in Iceland, and as such it is much loved in Reykjavik, especially by people who bought their first bike here a generation ago. We are popular with film companies who love filming here. Traditional timber framed houses have certain features and quirks. Ours flexes and breathes, which is important in earthquake prone zones like ours, but it does mean that it is not as soundproof as modern concrete buildings are.<br /><br /><b>Guest access</b><br />Your private bedroom, two sitting rooms, a small office space upstairs, kitchen and dining room. There are three shared bathrooms which guests can use exclusively. There is a back yard with attractive golden rowan trees in it which is a nice aspect out of the windows, but this is part of our family space and not part of the guesthouse strictly speaking.<br /><br /><b>During your stay</b><br />I am half English / half Icelandic, born and bred in Reykjavik, and am native in both languages. This is my home as I grew a couple of hundred meters away in Njalsgata street. My husband Fergus is Anglo-Irish and our children (by upbringing) are English. Our part of the property is adjacent to but attached to the guesthouse. We are in residence most of the time, but spend some time in England as two of our now adult children live there. When not here, we have a manager who lives in. <br />Be in touch before you travel to allow us to help you have the best possible experience of Iceland. Once you book we will send you directions and instructions for a stress free arrival.<br /><br /><b>Other things to note</b><br />Reykjavik is served by hydro-thermally heated water. Our hot water is hot and plentiful therefore and each bedroom has a radiator with an adjustable regulator. Don't be cold. Turn your radiator up if you wish.<br />Hydro-thermic hot water is, by definition, volcanic, and therefore very slightly sulphurous. It is good for your skin. It tastes a bit off however, so run the mixer tap on cold for a good few seconds before drinking it or brushing your teeth. We have the best quality municipal drinking water in the world, by a very considerable margin. Delicious.",Private room in home,private_room,https://a0.muscache.com/im/pictures/6c2f9b2a-5335-43ab-8adc-73edafa31ca6.jpg,29,"https://a0.muscache.com/im/pictures/6c2f9b2a-5335-43ab-8adc-73edafa31ca6.jpg,https://a0.muscache.com/im/pictures/hosting/Hosting-13435427/original/b2d6af82-65f7-4e2c-b440-9957b1691ae6.jpeg,https://a0.muscache.com/im/pictures/c77f5f87-94b9-4ee8-8d36-d22eeb71fa2f.jpg,https://a0.muscache.com/im/pictures/3e445a6b-adec-4f4c-a95c-143d1eb6ae8b.jpg,https://a0.muscache.com/im/pictures/d277a6cd-4c09-4c7f-8db9-755c89f1467e.jpg,https://a0.muscache.com/im/pictures/hosting/Hosting-13435427/original/576b767f-5c26-41af-be6f-afdd59ba3316.jpeg,https://a0.muscache.com/im/pictures/cece93ee-5d0a-4459-ae6d-3b230383f900.jpg,https://a0.muscache.com/im/pictures/963b9e32-9f11-4de7-ad45-7fe84f369151.jpg,https://a0.muscache.com/im/pictures/a37520aa-0553-41c6-a05e-3f19729f1e70.jpg,https://a0.muscache.com/im/pictures/2e6d191e-8b6d-4bc6-b1b7-57fb12474066.jpg,https://a0.muscache.com/im/pictures/042c9636-d6f1-4591-ae7c-adcb667b578e.jpg,https://a0.muscache.com/im/pictures/2738fa62-8245-4066-902e-7584e998b642.jpg,https://a0.muscache.com/im/pictures/fcde7b98-b3c1-4c5f-abf7-a5cda7273468.jpg,https://a0.muscache.com/im/pictures/3b086e0b-aca3-44fc-a4ef-ef13c0b52ae3.jpg,https://a0.muscache.com/im/pictures/0797f9a6-ae15-41ad-ab4f-087af497992f.jpg,https://a0.muscache.com/im/pictures/91e6a542-43ac-4baa-8c42-fe7c068a3f2f.jpg,https://a0.muscache.com/im/pictures/b9d97ca3-ffef-4658-9d26-4b24a6de4a8c.jpg,https://a0.muscache.com/im/pictures/b3a5902d-39e1-421c-8396-060c9f057d59.jpg,https://a0.muscache.com/im/pictures/b9a12981-35fc-4488-8d13-aa22c1aa3ab7.jpg,https://a0.muscache.com/im/pictures/11e2124e-a3f4-44fa-96dd-28d0c991761f.jpg,https://a0.muscache.com/im/pictures/92a92f97-8076-4896-bfe1-b5f21fe0eb6f.jpg,https://a0.muscache.com/im/pictures/hosting/Hosting-13435427/original/ecc12de9-c7f0-48ee-b064-9b72255c6174.jpeg,https://a0.muscache.com/im/pictures/hosting/Hosting-13435427/original/6f5749da-835a-4d20-9f35-83386e226738.jpeg,https://a0.muscache.com/im/pictures/hosting/Hosting-13435427/original/28b82175-c2a7-4916-80ce-e3a2aa82cae6.jpeg,https://a0.muscache.com/im/pictures/hosting/Hosting-13435427/original/0debba97-b4c2-4c60-8c39-55b44b3d3392.jpeg,https://a0.muscache.com/im/pictures/hosting/Hosting-13435427/original/7d996747-aeea-403d-acb5-67fab78c4a57.jpeg,https://a0.muscache.com/im/pictures/hosting/Hosting-13435427/original/b3cf84d0-1945-4aca-a308-0f3c0878acaf.jpeg,https://a0.muscache.com/im/pictures/hosting/Hosting-13435427/original/fceb3670-5ab9-4ed1-ac17-47fdbd5fa181.jpeg,https://a0.muscache.com/im/pictures/hosting/Hosting-13435427/original/44348b4f-3c60-4f5a-8c30-a2c60bb3e63e.jpeg",14324446,⁨Gudrun Maria.⁩,"","",true,64.1436,-21.9344,,,2,0.0,false,"Bathtub,Hair dryer,Shampoo,Conditioner,Hot water,Dryer,Essentials,Hangers,Bed linens,Extra pillows and blankets,Room-darkening shades,Iron,Ethernet connection,Books and reading material,Crib,Children’s books and toys,High chair,Children’s dinnerware,Window guards,Board games,Baby safety gates,Heating,Smoke alarm,Carbon monoxide alarm,Fire extinguisher,First aid kit,Wifi,Dedicated workspace,Kitchen,Refrigerator,Microwave,Cooking basics,Dishes and silverware,Dishwasher,Stove,Oven,Hot water kettle,Coffee maker,Wine glasses,Dining table,Coffee,Laundromat nearby,Paid parking off premises,Long term stays allowed",,false,1,Moderate,3:00 PM,10:00 AM,true,false,ISK,45,0,true,401,4.83,4.8,4.9,4.9,4.9,5.0,4.7,30066.0,3837917.0,93.0,11891.1,0.789,0.789,73.4,9369.6,73.4,9369.6,1.0,2.8,288,0,77,365,6422.0,817187.0,91.1,11593.7,0.689,0.689,62.9,7998.3,62.9,7998.3,1.0,3.3,62,0,28,90
13436153,The Old Bicycle Shop - Budget Double/Twin Room,"The Kitchen room is so called because sometimes in the winter we let the bottom floor as a separate unit, and this room serves as the kitchenette. There is a sink, kettle, fridge and microwave etc you can use, a sofa and small table.  <br />Most of the year it is set up as a double (with a king sized bed) or twin, we disconnect the hob and we encourage guests to use the proper kitchen upstairs. It faces onto Spitalsatigur, and is one of our most distinctive and popular rooms.<br /><br /><b>The space</b><br />The house is a traditional timber built Icelandic house, warm and snug throughout the year as heated with Iceland’s famous hydro-thermic hot water. All our guests have access to three shared bathrooms, two sitting rooms, an office space upstairs, a dining area, and to a kitchen which can be used for heating up food and snacks but not for cooking full meals. We do not offer breakfast for the very good reasons that we are not licenced to serve food and there are so many excellent bakeries, restaurants and coffee houses so locally; these open very early.<br />Our house itself is well known, and is listed. Built in 1906, it was a bicycle shop for fifty years, the first of these in Iceland, and as such it is much loved in Reykjavik, especially by people who bought their first bike here a generation ago. We are popular with film companies who love filming here. Traditional timber framed houses have certain features and quirks. Ours flexes and breathes, which is important in earthquake prone zones like ours, but it does mean that it is not as soundproof as modern concrete buildings are.<br /><br /><b>Guest access</b><br />Your private bedroom, two sitting rooms, a small office space upstairs, kitchen and dining room. There are three shared bathrooms which guests can use exclusively. There is a back yard with attractive golden rowan trees in it which is a nice aspect out of the windows, but this is part of our family space and not part of the guesthouse strictly speaking.<br /><br /><b>During your stay</b><br />I am half English / half Icelandic, born and bred in Reykjavik, and am native in both languages. This is my home as I grew a couple of hundred meters away in Njalsgata street. My husband Fergus is Anglo-Irish and our children (by upbringing) are English. Our part of the property is adjacent to but attached to the guesthouse. We are in residence most of the time, but spend some time in England as two of our now adult children live there. When not here, we have a manager who lives in. <br />Be in touch before you travel to allow us to help you have the best possible experience of Iceland. Once you book we will send you directions and instructions for a stress free arrival.<br /><br /><b>Other things to note</b><br />Reykjavik is served by hydro-thermally heated water. Our hot water is hot and plentiful therefore and each bedroom has a radiator with an adjustable regulator. Don't be cold. Turn your radiator up if you wish.<br />Hydro-thermic hot water is, by definition, volcanic, and therefore very slightly sulphurous. It is good for your skin. It tastes a bit off however, so run the mixer tap on cold for a good few seconds before drinking it or brushing your teeth. We have the best quality municipal drinking water in the world, by a very considerable margin. Delicious.<br /><br /><b>Registration Details</b><br />Malsnr. 0441-041-2015-0607",Private room in home,private_room,https://a0.muscache.com/im/pictures/15c2ccb4-4e3a-42ef-9ff5-784720a62c17.jpg,39,"https://a0.muscache.com/im/pictures/15c2ccb4-4e3a-42ef-9ff5-784720a62c17.jpg,https://a0.muscache.com/im/pictures/b9bb0585-d01a-4536-8b5b-20d37ec55ed4.jpg,https://a0.muscache.com/im/pictures/5655d5d5-4761-4cfe-8685-231edb2b93f2.jpg,https://a0.muscache.com/im/pictures/3f18308f-d16b-4d8f-aa61-946dd3181f4c.jpg,https://a0.muscache.com/im/pictures/4ffcf7ea-6b4f-444b-8244-16ef3696d4d7.jpg,https://a0.muscache.com/im/pictures/e7ac9af2-7740-4766-b5ec-83676b705ac8.jpg,https://a0.muscache.com/im/pictures/30ec3dc8-9227-4533-8535-18de5ee37194.jpg,https://a0.muscache.com/im/pictures/8324339d-f653-4075-a2b6-cccca01647dc.jpg,https://a0.muscache.com/im/pictures/d78d3896-92cd-4ba2-9ce8-f9b5429d948a.jpg,https://a0.muscache.com/im/pictures/a1bffc49-1c5e-4560-a1cf-a8dca43cbfab.jpg,https://a0.muscache.com/im/pictures/0a3793b1-18db-46c7-8a12-45f142def9c3.jpg,https://a0.muscache.com/im/pictures/18491bdd-3346-47c2-9f9f-985a88a1c83b.jpg,https://a0.muscache.com/im/pictures/af46dc6b-0247-45ec-874b-06518d79ddd6.jpg,https://a0.muscache.com/im/pictures/ab684d2f-1c03-4d7d-ad7b-42b69c30abfd.jpg,https://a0.muscache.com/im/pictures/25f9ba5d-3cf3-4a06-9aed-a9c2b0b5efb9.jpg,https://a0.muscache.com/im/pictures/ef7e0083-a784-48ec-8ed1-7169d37a3f19.jpg,https://a0.muscache.com/im/pictures/43526523-9012-47eb-87a7-337eb125ddfc.jpg,https://a0.muscache.com/im/pictures/fbd939f2-40e3-49ad-914a-8488e2d20b65.jpg,https://a0.muscache.com/im/pictures/bef028c5-10f1-4ef2-82da-53394fed66d8.jpg,https://a0.muscache.com/im/pictures/a804634c-4a18-42ff-bb9a-91b355d06c21.jpg,https://a0.muscache.com/im/pictures/0e2f2264-cf73-4924-b421-429115a513a8.jpg,https://a0.muscache.com/im/pictures/3994c97b-013f-4bc5-bf74-dd06836cffef.jpg,https://a0.muscache.com/im/pictures/d9853994-c61c-4b69-ab6a-5269040e97d0.jpg,https://a0.muscache.com/im/pictures/fea61280-a470-48f0-a76e-d4d61b90d069.jpg,https://a0.muscache.com/im/pictures/miso/Hosting-13436153/original/13f2ef8e-2653-49a2-bba4-cc3993444493.jpeg,https://a0.muscache.com/im/pictures/miso/Hosting-13436153/original/d332bfc6-930b-4ec0-9bb2-9fb546a9b234.jpeg,https://a0.muscache.com/im/pictures/miso/Hosting-13436153/original/24440304-eb4c-4389-94d0-294c4dc6ba77.jpeg,https://a0.muscache.com/im/pictures/miso/Hosting-13436153/original/a928815b-3c44-40b0-9417-e0e290ed5cb1.jpeg,https://a0.muscache.com/im/pictures/hosting/Hosting-U3RheVN1cHBseUxpc3Rpbmc6MTM0MzYxNTM=/original/0fbc7bc7-0ca6-47c6-8fa2-dbca7546e308.jpeg,https://a0.muscache.com/im/pictures/hosting/Hosting-U3RheVN1cHBseUxpc3Rpbmc6MTM0MzYxNTM=/original/e91a9a43-f3e8-475e-8a19-0c3813202c15.jpeg,https://a0.muscache.com/im/pictures/hosting/Hosting-U3RheVN1cHBseUxpc3Rpbmc6MTM0MzYxNTM=/original/3004930d-dfb5-42bd-aa7a-81c0efefc024.jpeg,https://a0.muscache.com/im/pictures/hosting/Hosting-U3RheVN1cHBseUxpc3Rpbmc6MTM0MzYxNTM=/original/ce2fd9be-8cef-453b-829f-43f2aa95c6df.jpeg,https://a0.muscache.com/im/pictures/hosting/Hosting-U3RheVN1cHBseUxpc3Rpbmc6MTM0MzYxNTM=/original/15c5519e-a940-4b9c-ada0-006a2e3375e0.jpeg,https://a0.muscache.com/im/pictures/hosting/Hosting-U3RheVN1cHBseUxpc3Rpbmc6MTM0MzYxNTM=/original/962ef88e-69a5-41b9-b077-38a5262201b8.jpeg,https://a0.muscache.com/im/pictures/hosting/Hosting-U3RheVN1cHBseUxpc3Rpbmc6MTM0MzYxNTM=/original/d5c54afa-c8ad-446a-b735-c7b3c6446643.jpeg,https://a0.muscache.com/im/pictures/hosting/Hosting-13436153/original/f611aea0-fbea-4c0e-88b2-522b54d8945b.jpeg,https://a0.muscache.com/im/pictures/hosting/Hosting-13436153/original/d012a482-b024-4e4d-b0a1-f25ad8013100.jpeg,https://a0.muscache.com/im/pictures/hosting/Hosting-13436153/original/45169a94-d39f-45ec-b28e-a4c70586ce7e.jpeg,https://a0.muscache.com/im/pictures/hosting/Hosting-13436153/original/715bd09c-125b-41e9-9f56-d73fc584041d.jpeg",14324446,⁨Gudrun Maria.⁩,"","",true,64.1452,-21.9320,,,3,0.0,true,"Hair dryer,Shampoo,Hot water,Essentials,Hangers,Room-darkening shades,Iron,Crib,Children’s books and toys,Window guards,Baby safety gates,Heating,Smoke alarm,Carbon monoxide alarm,Fire extinguisher,First aid kit,Wifi,Dedicated workspace,Kitchen,Refrigerator,Microwave,Dishes and silverware,Dishwasher,Stove,Coffee maker,Paid parking off premises",,false,1,Moderate,3:00 PM,10:00 AM,false,false,ISK,60,50,false,192,4.83,4.8,4.9,4.9,4.9,5.0,4.8,18460.0,2350805.0,151.8,19391.5,0.282,0.283,45.5,5792.1,45.6,5808.0,1.0,2.5,103,1,262,365,1469.0,186929.0,128.0,16282.3,0.111,0.111,14.3,1822.5,14.3,1822.5,1.0,2.0,10,0,80,90
13436334,The Old Bicycle Shop - single room,"Clare’s room (named after our first ever guest in there ten years ago), is a decent sized single room with a 120cm bed. It is on the bottom floor with an aspect out to the garden. <br />We are a licenced, family run, and fantastically well located guesthouse in the centre of Reykjavik 101. All Reykjavik’s main attractions, including her best restaurants, bars, cafes, sites and museums are within a few hundred meters, and the city’s festivals and events happen on our doorstep.<br /><br /><b>The space</b><br />The house is a traditional timber built Icelandic house, warm and snug throughout the year as heated with Iceland’s famous hydro-thermic hot water. All our guests have access to three shared bathrooms, two sitting rooms, an office space upstairs, a dining area, and to a kitchen which can be used for heating up food and snacks but not for cooking full meals. We do not offer breakfast for the very good reasons that we are not licenced to serve food and there are so many excellent bakeries, restaurants and coffee houses so locally; these open very early.<br />Our house itself is well known, and is listed. Built in 1906, it was a bicycle shop for fifty years, the first of these in Iceland, and as such it is much loved in Reykjavik, especially by people who bought their first bike here a generation ago. We are popular with film companies who love filming here. Traditional timber framed houses have certain features and quirks. Ours flexes and breathes, which is important in earthquake prone zones like ours, but it does mean that it is not as soundproof as modern concrete buildings are.<br /><br /><b>Guest access</b><br />Your private bedroom, two sitting rooms, a small office space upstairs, kitchen and dining room. There are three shared bathrooms which guests can use exclusively. There is a back yard with attractive golden rowan trees in it which is a nice aspect out of the windows, but this is part of our family space and not part of the guesthouse strictly speaking.<br /><br /><b>During your stay</b><br />I am half English / half Icelandic, born and bred in Reykjavik, and am native in both languages. This is my home as I grew a couple of hundred meters away in Njalsgata street. My husband Fergus is Anglo-Irish and our children (by upbringing) are English. Our part of the property is adjacent to but attached to the guesthouse. We are in residence most of the time, but spend some time in England as two of our now adult children live there. When not here, we have a manager who lives in. <br />Be in touch before you travel to allow us to help you have the best possible experience of Iceland. Once you book we will send you directions and instructions for a stress free arrival.<br /><br /><b>Other things to note</b><br />Reykjavik is served by hydro-thermally heated water. Our hot water is hot and plentiful therefore and each bedroom has a radiator with an adjustable regulator. Don't be cold. Turn your radiator up if you wish.<br />Hydro-thermic hot water is, by definition, volcanic, and therefore very slightly sulphurous. It is good for your skin. It tastes a bit off however, so run the mixer tap on cold for a good few seconds before drinking it or brushing your teeth. We have the best quality municipal drinking water in the world, by a very considerable margin. Delicious.<br /><br /><b>Registration Details</b><br />Malsnr. 0441-041-2015-0607",Private room in home,private_room,https://a0.muscache.com/im/pictures/fd9d2bd0-c892-491b-9b1b-484339dd0171.jpg,32,"https://a0.muscache.com/im/pictures/fd9d2bd0-c892-491b-9b1b-484339dd0171.jpg,https://a0.muscache.com/im/pictures/3b82a3c0-10cc-4e56-b9cb-331bd5fd54c7.jpg,https://a0.muscache.com/im/pictures/4bfb0814-0fef-415f-ac02-36566533ebd1.jpg,https://a0.muscache.com/im/pictures/7c2cad9d-94f6-4b90-abc5-6c0c50fb982c.jpg,https://a0.muscache.com/im/pictures/7880dbe8-2e50-4b59-aa9d-8c99173b9450.jpg,https://a0.muscache.com/im/pictures/90f08a18-22fc-4bc1-bd11-ff83d4afe4d8.jpg,https://a0.muscache.com/im/pictures/215bf06c-8d13-4060-a54a-656c9a366b2a.jpg,https://a0.muscache.com/im/pictures/6fbfbc5d-3a94-4eff-8825-e791fa6e0af0.jpg,https://a0.muscache.com/im/pictures/84f4bdf2-05b2-4a3c-a3c5-bb8326db857b.jpg,https://a0.muscache.com/im/pictures/4bb9aeac-3a07-4565-acb2-d426090de52d.jpg,https://a0.muscache.com/im/pictures/c2b872fa-9b14-4d5f-8517-56f61109b0a3.jpg,https://a0.muscache.com/im/pictures/f4bf9d07-2e49-4e95-9254-2b5a4b12e90f.jpg,https://a0.muscache.com/im/pictures/67e3226d-3e29-474a-9afc-12b01be70994.jpg,https://a0.muscache.com/im/pictures/379a5784-b2d2-4931-b660-cf9278b66ff8.jpg,https://a0.muscache.com/im/pictures/miso/Hosting-13436334/original/133b67cf-1be5-40fa-9e67-ae28b5be994e.jpeg,https://a0.muscache.com/im/pictures/miso/Hosting-13436334/original/ffff8c2c-f35f-4735-abc3-21f0693e4d53.jpeg,https://a0.muscache.com/im/pictures/miso/Hosting-13436334/original/509fb254-e4fb-4ba9-8d1e-3f791efe282a.jpeg,https://a0.muscache.com/im/pictures/miso/Hosting-13436334/original/b286b236-f20f-46d4-9543-97d5262e5349.jpeg,https://a0.muscache.com/im/pictures/miso/Hosting-13436334/original/eb033705-87f7-4f46-b0b5-d39ba0b9fee9.jpeg,https://a0.muscache.com/im/pictures/8e58183a-cff9-47d5-be42-999c3836a2a4.jpg,https://a0.muscache.com/im/pictures/cf68e6bf-4528-489a-87cf-a72255da7e66.jpg,https://a0.muscache.com/im/pictures/ec05e5c3-98ac-48be-9c7d-203cf7c1d83f.jpg,https://a0.muscache.com/im/pictures/398e6def-f3cd-4581-aa65-c4f20b7a31aa.jpg,https://a0.muscache.com/im/pictures/46769231-3f72-4ed2-b2e7-2e52cd84469b.jpg,https://a0.muscache.com/im/pictures/ed7e923a-249a-4e4f-a9cd-140bb88d4b67.jpg,https://a0.muscache.com/im/pictures/5e40e1b3-bb6c-4374-b828-c48c0f7df066.jpg,https://a0.muscache.com/im/pictures/hosting/Hosting-13436334/original/bcfb97f2-06ed-45cf-805c-3a2ad997c999.jpeg,https://a0.muscache.com/im/pictures/hosting/Hosting-13436334/original/55d392e0-77c0-4ee4-8750-eb1d76d29e01.jpeg,https://a0.muscache.com/im/pictures/hosting/Hosting-13436334/original/06efac56-2f6d-456f-b151-64ea9be2f808.jpeg,https://a0.muscache.com/im/pictures/hosting/Hosting-13436334/original/8f5e9a73-f60a-4edd-b319-912406c20e20.jpeg,https://a0.muscache.com/im/pictures/hosting/Hosting-13436334/original/e739cc7d-f3ef-4ba5-aac3-c61956ad2213.jpeg,https://a0.muscache.com/im/pictures/hosting/Hosting-13436334/original/528dfaaf-7ca9-42a6-a2f7-edfabca64d3a.jpeg",14324446,⁨Gudrun Maria.⁩,"","",true,64.1437,-21.9338,,,1,0.0,true,"Bathtub,Hair dryer,Shampoo,Conditioner,Hot water,Essentials,Hangers,Bed linens,Extra pillows and blankets,Room-darkening shades,Iron,Crib,Children’s books and toys,High chair,Children’s dinnerware,Window guards,Heating,Smoke alarm,Carbon monoxide alarm,Fire extinguisher,First aid kit,Wifi,Dedicated workspace,Kitchen,Refrigerator,Microwave,Cooking basics,Dishes and silverware,Freezer,Dishwasher,Stove,Coffee maker,Paid parking off premises",,false,1,Moderate,3:00 PM,10:00 AM,true,false,ISK,35,0,true,319,4.83,4.8,4.9,4.9,4.9,5.0,4.7,28369.0,3618619.0,107.0,13677.2,0.666,0.666,71.4,9108.6,71.4,9108.6,1.0,2.6,243,0,122,365,5852.0,744669.0,106.0,13494.1,0.567,0.567,60.0,7630.7,60.0,7630.7,1.0,3.4,51,0,39,90
13555367,Stunning Harbour and SeaView apartment in 101,"A newly furnished apartment in down town 101 Reykjavík with an astonishing view over the old harbour and with an amazing balcony overlooking the sea and the mountains. It is located in the up-and-coming harbour district, just a 3 minutes walk  from the capital’s center and main attractions. Free Private Parking and Free Internet.<br /><br /><b>The space</b><br />An open floor arrangement with fully equipped kitchen, balcony, living room with a comfortable slepping sofa. We offer Netflix to watch a movie after a long day. The bedroom is airy and comfortable with a window facing south. It has a new king size bed and a closet wall.<br /><br /><b>Guest access</b><br />The guests have the apartment all by themselves. It has a private entrance and free parking in a secure underground parking house.<br /><br /><b>Other things to note</b><br />You’ll love my place because of the Best harbour view in Reykjavík. My place is good for couples, solo adventurers, business travelers, and families (with kids).",Entire rental unit,entire_home,https://a0.muscache.com/im/pictures/35e38aba-4027-48f4-8540-0d2b98c91be3.jpg,26,"https://a0.muscache.com/im/pictures/35e38aba-4027-48f4-8540-0d2b98c91be3.jpg,https://a0.muscache.com/im/pictures/c6577281-ae12-44a0-9dbf-df967607d8ed.jpg,https://a0.muscache.com/im/pictures/15623a8a-6e89-4464-b420-132275370db5.jpg,https://a0.muscache.com/im/pictures/e7f92497-2240-4bf0-8810-9df6e015e4bf.jpg,https://a0.muscache.com/im/pictures/524e3bdc-d5ac-463c-bc52-4299638f0654.jpg,https://a0.muscache.com/im/pictures/dc4c37b2-3757-4aca-9aa2-724e3ffe41e1.jpg,https://a0.muscache.com/im/pictures/c0406c7a-0a8d-4262-93ea-df396befdbb9.jpg,https://a0.muscache.com/im/pictures/8079528b-61d8-4b20-a276-7687c7541f2d.jpg,https://a0.muscache.com/im/pictures/bcda8f1e-59a9-44f7-828f-04cd6b42075f.jpg,https://a0.muscache.com/im/pictures/5309bd5e-5d83-45a9-8f7b-195f537db2e8.jpg,https://a0.muscache.com/im/pictures/4ce62677-3fe7-4668-bb22-d0002f6da9ad.jpg,https://a0.muscache.com/im/pictures/b8d40638-f1c5-4466-ba6f-05acafc46dff.jpg,https://a0.muscache.com/im/pictures/41fa70b3-3888-46b4-b67f-3457bcbd9285.jpg,https://a0.muscache.com/im/pictures/b743fc8f-c392-4796-bc08-4f76cf704c26.jpg,https://a0.muscache.com/im/pictures/9b4bc91b-15a7-49b5-84a4-269b9f922da3.jpg,https://a0.muscache.com/im/pictures/876b5f42-8306-4fde-9d59-754b9f9a3085.jpg,https://a0.muscache.com/im/pictures/5bb4b2c0-a6e1-4cd0-9529-ea77fe9248f0.jpg,https://a0.muscache.com/im/pictures/1ce6bfcf-bbc8-483e-8447-512be78d4e41.jpg,https://a0.muscache.com/im/pictures/5c58bcd6-9efd-4077-a177-02aa10785869.jpg,https://a0.muscache.com/im/pictures/f70c156c-2dee-4cad-8164-f567934620fb.jpg,https://a0.muscache.com/im/pictures/c07d536e-642f-471c-a787-a4a20375ea99.jpg,https://a0.muscache.com/im/pictures/d977da24-2eaf-47c7-9a99-337f4618f7c0.jpg,https://a0.muscache.com/im/pictures/ca382184-7743-4c08-8995-ab9489723f46.jpg,https://a0.muscache.com/im/pictures/027dda44-9bb2-4330-8464-2b6d3d1fda50.jpg,https://a0.muscache.com/im/pictures/15b48e6a-1589-4e6d-8134-008b0425ef59.jpg,https://a0.muscache.com/im/pictures/9ef3e2b5-67e6-41e9-8611-b88e6897ce16.jpg",8982929,Diljá,46552895,Kristján,true,64.1501,-21.9460,4,1,1,1.0,false,"Kitchen,Hair dryer,Shampoo,Hot water,Washer,Dryer,Essentials,Hangers,Iron,TV,Crib,Heating,Smoke alarm,Fire extinguisher,Wifi,Dedicated workspace,Kitchen,Refrigerator,Microwave,Cooking basics,Dishes and silverware,Stove,Oven,Coffee maker,Patio or balcony,Free parking on premises,Elevator,Long term stays allowed",,false,2,Moderate,2:00 PM,11:00 AM,true,false,ISK,0,0,true,142,4.88,4.9,4.9,4.8,4.9,5.0,4.7,46869.0,5977614.0,414.4,52990.0,0.315,0.355,128.4,16377.0,144.7,18449.4,2.0,1.9,115,41,250,365,6339.0,806634.0,304.1,38695.2,0.233,0.318,70.4,8962.6,96.0,12221.7,2.0,1.8,21,24,69,90
13610601,Cozy 4 rooms apartment 15 min from city center,,Entire serviced apartment,entire_home,https://a0.muscache.com/im/pictures/07716a14-2ee5-4ff2-8eaa-976e2c846ea8.jpg,43,,32525780,Stefan Snorri,"","",false,64.1477,-21.8680,5,3,3,1.0,true,"TV,Cable TV,Wifi,Kitchen,Free parking on premises,Hot water,Bed linens,Extra pillows and blankets,Free street parking,Microwave,Coffee maker,Refrigerator,Dishwasher,Dishes and silverware,Heating,Cooking basics,Oven,Stove,Washer,Dryer,Smoke alarm,Patio or balcony,First aid kit,Backyard,Fire extinguisher,Essentials,Long term stays allowed,Shampoo,Hangers,Hair dryer,Iron,Dedicated workspace",,false,10,Strict,,,,,ISK,,,,33,4.97,4.9,5.0,4.8,5.0,4.8,4.8,17905.0,2278407.0,236.4,30230.2,0.197,0.242,49.1,6242.2,60.1,7645.7,10.1,8.0,72,67,293,365,0.0,0.0,204.1,25975.8,0.0,0.0,0.0,0.0,0.0,0.0,26.0,0.0,0,0,90,90
13639404,Great Double/Twin Room in Best Reykjavik Location!,,Private room in hostel,private_room,https://a0.muscache.com/im/pictures/09228413-276f-4ffc-8073-d762a788cd3e.jpg,10,,31682311,Aldís,"","",false,64.1475,-21.9475,2,1,2,3.5,false,"High chair,Wifi,Crib,Kitchen,Pack ’n play/Travel crib,Hot water,Bed linens,Extra pillows and blankets,Microwave,Coffee maker,Refrigerator,Dishwasher,Dishes and silverware,Heating,Cooking basics,Oven,Stove,Washer,Dryer,Smoke alarm,Patio or balcony,First aid kit,Fire extinguisher,Luggage dropoff allowed,Essentials,Long term stays allowed,Shampoo,Lock on bedroom door,Hangers,Hair dryer,Iron",,false,3,Firm,,,,,ISK,17,0,,208,4.76,4.9,4.8,4.8,4.8,4.9,4.8,11033.0,1416397.0,209.1,26740.2,0.151,0.226,29.4,3779.8,44.2,5677.5,3.0,2.9,55,122,310,365,2675.0,340389.0,184.5,23471.8,0.156,0.156,28.6,3637.9,28.6,3637.9,9.1,2.0,14,0,76,90
13696791,Family apartment in Hlidar (licensed-HG357),"The apartment is next to Klambratún park and in walking distance from Kringlan shopping mall, the city center and other outdoor/recreation areas like Laugardalur, Öskjuhlíð and Nauthólsvík.  It has one bedroom with a king size bed. Another bedroom with a double bed (130 cm). The third room is a kids room with a double bed for two children or teenagers. TV room can also be used as a bedroom.  Airbed can be provided and a travel baby crib. Kitchen, two bathrooms, one with a bath. TV and netflix.<br /><br /><b>Registration Details</b><br />HG357",Entire rental unit,entire_home,https://a0.muscache.com/im/pictures/miso/Hosting-13696791/original/2dd9ecf6-3ab2-4b15-ae7d-8bcfe7b2d74b.jpeg,52,"https://a0.muscache.com/im/pictures/miso/Hosting-13696791/original/2dd9ecf6-3ab2-4b15-ae7d-8bcfe7b2d74b.jpeg,https://a0.muscache.com/im/pictures/miso/Hosting-13696791/original/5158e1d2-b0e4-44f9-aa21-d26e0a928f6b.jpeg,https://a0.muscache.com/im/pictures/miso/Hosting-13696791/original/7d57ef02-3a5a-41f7-87e5-11fab4fc8a77.jpeg,https://a0.muscache.com/im/pictures/miso/Hosting-13696791/original/299865b3-2e06-4924-80ee-b1681857b789.jpeg,https://a0.muscache.com/im/pictures/miso/Hosting-13696791/original/b4445786-673b-49e2-b2c7-a069287c58f7.jpeg,https://a0.muscache.com/im/pictures/miso/Hosting-13696791/original/c8a9a370-a171-4fc9-82f1-2d627637b256.jpeg,https://a0.muscache.com/im/pictures/miso/Hosting-13696791/original/efb7f6b3-3856-42fe-92be-722eaecf2d91.jpeg,https://a0.muscache.com/im/pictures/miso/Hosting-13696791/original/b727eac5-6e60-40b1-a669-ec260521c100.jpeg,https://a0.muscache.com/im/pictures/miso/Hosting-13696791/original/bb8ad6dd-5141-40f8-b79b-1530ced7519e.jpeg,https://a0.muscache.com/im/pictures/miso/Hosting-13696791/original/6c91d2d3-6558-4219-bcfa-4d195f026fcc.jpeg,https://a0.muscache.com/im/pictures/miso/Hosting-13696791/original/6486bd4c-e7df-4aa6-ac49-05f628770f63.jpeg,https://a0.muscache.com/im/pictures/miso/Hosting-13696791/original/57157598-876a-4a9b-9e68-9fcfe363063b.jpeg,https://a0.muscache.com/im/pictures/miso/Hosting-13696791/original/7a1fe0a7-65d8-4e06-aebe-8afaf7387c2e.jpeg,https://a0.muscache.com/im/pictures/miso/Hosting-13696791/original/6dbebfc3-76c2-40ab-801e-d972ef4c754e.jpeg,https://a0.muscache.com/im/pictures/02d37d2e-f9ff-44a6-b366-6eb25f926a39.jpg,https://a0.muscache.com/im/pictures/218e942c-b4dc-4ed6-adef-e1a3eea32ad3.jpg,https://a0.muscache.com/im/pictures/miso/Hosting-13696791/original/de8b8d91-d470-45b4-8cc7-bd6a204c6b9f.jpeg,https://a0.muscache.com/im/pictures/miso/Hosting-13696791/original/cb8b0e08-7f2d-41cc-8591-ef5a4c55fc25.jpeg,https://a0.muscache.com/im/pictures/miso/Hosting-13696791/original/afbc7374-6359-4dea-bdfc-2f4e0ab89291.jpeg,https://a0.muscache.com/im/pictures/miso/Hosting-13696791/original/43c89f36-2459-4f94-8a06-0e46cc1cc50d.jpeg,https://a0.muscache.com/im/pictures/miso/Hosting-13696791/original/44784855-22ee-4aa9-8918-c3356b2d957b.jpeg,https://a0.muscache.com/im/pictures/miso/Hosting-13696791/original/bf80412a-392b-4b67-b5c2-ac23106a59d0.jpeg,https://a0.muscache.com/im/pictures/miso/Hosting-13696791/original/56953738-cec5-4320-b42a-9315fec61edf.jpeg,https://a0.muscache.com/im/pictures/716bc330-ac12-4262-852c-9cfb33380a15.jpg,https://a0.muscache.com/im/pictures/c790adb4-c79d-4395-be33-a4217e6e6790.jpg,https://a0.muscache.com/im/pictures/miso/Hosting-13696791/original/99c01d82-1857-4658-bf00-2d9379033b5d.jpeg,https://a0.muscache.com/im/pictures/miso/Hosting-13696791/original/a6178b70-bb71-48e3-998e-4a7f4ed55871.jpeg,https://a0.muscache.com/im/pictures/miso/Hosting-13696791/original/0ef66239-42da-42c9-b7e0-cd5c6f9dfa39.jpeg,https://a0.muscache.com/im/pictures/miso/Hosting-13696791/original/60649a67-b608-4444-bd74-713f54f9cc2b.jpeg,https://a0.muscache.com/im/pictures/miso/Hosting-13696791/original/d1d88516-0e1b-4a8c-a360-6b8840b32d0b.jpeg,https://a0.muscache.com/im/pictures/miso/Hosting-13696791/original/9d7c4626-d0a3-4838-8dd5-e7248e4fcfb8.jpeg,https://a0.muscache.com/im/pictures/miso/Hosting-13696791/original/741dab1d-7b19-4ce2-a51d-a513307c1217.jpeg,https://a0.muscache.com/im/pictures/miso/Hosting-13696791/original/d7f14dd6-f73b-436c-a46f-36b6887de839.jpeg,https://a0.muscache.com/im/pictures/miso/Hosting-13696791/original/da943723-a338-400a-a95b-d9ab99e73109.jpeg,https://a0.muscache.com/im/pictures/miso/Hosting-13696791/original/fd01bb1d-ab2a-4a9a-ab00-51f98f7c5c72.jpeg,https://a0.muscache.com/im/pictures/miso/Hosting-13696791/original/b60737f6-1d81-46f7-87bd-af0c6bc091db.jpeg,https://a0.muscache.com/im/pictures/miso/Hosting-13696791/original/2ca159b8-f7bd-4eb5-9345-fe0596817fc2.jpeg,https://a0.muscache.com/im/pictures/miso/Hosting-13696791/original/b359c9f3-0e70-4ab0-804a-3477412b53cf.jpeg,https://a0.muscache.com/im/pictures/miso/Hosting-13696791/original/bd7ee95f-d092-4f60-aa7e-b50e3618998e.jpeg,https://a0.muscache.com/im/pictures/miso/Hosting-13696791/original/37b99eaf-0b36-4962-9b3c-a5dccb6da06b.jpeg,https://a0.muscache.com/im/pictures/miso/Hosting-13696791/original/7bb0de04-3124-464b-af89-71c243fb5009.jpeg,https://a0.muscache.com/im/pictures/miso/Hosting-13696791/original/4e9caf05-7e7e-4eb4-a090-eed6e184c390.jpeg,https://a0.muscache.com/im/pictures/miso/Hosting-13696791/original/834c2ca6-7307-4b26-9f76-667de33cac42.jpeg,https://a0.muscache.com/im/pictures/e16daf6f-4537-4d2a-a66e-0e46b8fa238f.jpg,https://a0.muscache.com/im/pictures/3328a206-3663-4e82-a3d4-5621082b3cc5.jpg,https://a0.muscache.com/im/pictures/8a801014-e2b7-4175-b7a3-4ec95a522c30.jpg,https://a0.muscache.com/im/pictures/c1cc0674-d409-4803-8b91-bb65e6f7be09.jpg,https://a0.muscache.com/im/pictures/301733fb-da26-45d2-bb27-5c362ea35073.jpg,https://a0.muscache.com/im/pictures/a6db0273-68e9-4073-86fa-f3505c9c88f7.jpg,https://a0.muscache.com/im/pictures/d9385715-cda5-470b-ab0c-1e7b6523bf91.jpg,https://a0.muscache.com/im/pictures/f3cbe2ca-0efb-4cb0-b9a4-6c1f6fe765fa.jpg,https://a0.muscache.com/im/pictures/miso/Hosting-13696791/original/54d21300-e1e3-416a-ab92-d4146e214c43.jpeg",54771516,Svavar,"","",true,64.1373,-21.9077,6,3,3,2.0,true,"Bathtub,Cleaning products,Body soap,Hot water,Shower gel,Washer,Dryer,Essentials,Hangers,Bed linens,Extra pillows and blankets,Room-darkening shades,Iron,Drying rack for clothing,Clothing storage,TV,Sound system,Children’s books and toys,Board games,Heating,Smoke alarm,Fire extinguisher,Wifi,Dedicated workspace,Kitchen,Refrigerator,Cooking basics,Dishes and silverware,Freezer,Dishwasher,Stove,Oven,Hot water kettle,Coffee maker,Wine glasses,Toaster,Baking sheet,Rice maker,Barbecue utensils,Dining table,Private entrance,Laundromat nearby,Patio or balcony,Backyard,Fire pit,BBQ grill,Free parking on premises,Free street parking,Single level home,Luggage dropoff allowed",,false,3,Moderate,2:00 PM,10:00 AM,true,true,ISK,176,0,true,35,,,,,,,,27117.0,3450625.0,544.8,69645.6,0.148,0.273,71.4,9085.6,131.6,16748.7,3.2,7.7,54,167,311,365,0.0,0.0,639.8,81417.3,0.0,0.0,0.0,0.0,0.0,0.0,3.7,0.0,0,90,90,90
13712829,Dollhouse in the heart of Reykjavik,"In the center of old Reykjavik (right next to Hallgrimskirkja Church), this charming 2 bedroom house is a unique find in the perfect location. With less than a 5 minutes walk to the main shopping street you will be as close as possible to all the main sights, restaurants and shopping that Reykjavik city center has to offer, yet just far enough for a good night's sleep in a quiet, residential area.<br /><br /><b>The space</b><br />Please keep in mind that this is my own home, so you will be living like a local in a personalized space, not a generic apartment. <br /><br />The house is one of the classic, Icelandic corrugated iron houses. Built in 1927, it is listed as one of cultural value, because it is an example of the typical Reykjavík streetscape of the early 20th century. It is situated in a courtyard and not visible from the street, which means that it is very peaceful and quiet despite being so close to the buzz of downtown. This house has a lot of soul, and I kindly ask you to treat it with care ❤️<br /><br />There is a minimarket (Krambudin) with essentials two blocks away, open until late. A grocery store (Krónan) is also within walking distance. Across the street you will find an excellent wood-fire pizzeria and a plethora of other restaurants, bakeries and bars etc are within easy walking distance. The local swimming pool Sundhöllin is less than 10 minutes walk away.<br /><br /><b>Guest access</b><br />The entire house is available to you, with two private entrances (one on each floor). One bedroom has a queen size bed, the other room has 2 single beds which can be pushed together to make a double. The bathroom has a shower + bath tub.<br /><br />The two bedrooms and bathroom are on the ground-floor, while the upper floor has a small kitchen, dining room and living room with tv. Outside there is a small courtyard, with a small table and chairs, which enjoys sunshine until mid-afternoon during summer.<br /><br />Parking: The street is at the end of the paid parking zone (P3), meaning that there is free parking just around the corner, within 1 minute walking distance. In my street, there is a fee between 9am-6pm on weekdays, while the weekends are free.<br /><br /><b>Other things to note</b><br />Please be aware that the kitchen is small and unfortunately has no dishwasher, but it is otherwise well equipped.",Entire home,entire_home,https://a0.muscache.com/im/pictures/fc7a078c-2271-4830-93c0-4c53418a8b3d.jpg,16,"https://a0.muscache.com/im/pictures/fc7a078c-2271-4830-93c0-4c53418a8b3d.jpg,https://a0.muscache.com/im/pictures/miso/Hosting-13712829/original/492997bf-38a8-4d31-b611-41a06c40df31.jpeg,https://a0.muscache.com/im/pictures/miso/Hosting-13712829/original/27bb246f-2bcb-4839-b161-fd920ccdf941.jpeg,https://a0.muscache.com/im/pictures/miso/Hosting-13712829/original/0e7be155-a717-477a-9938-9b5717b2f4f4.jpeg,https://a0.muscache.com/im/pictures/miso/Hosting-13712829/original/426d41d5-61c1-43a4-8f39-2d0614872c49.jpeg,https://a0.muscache.com/im/pictures/miso/Hosting-13712829/original/44ca802d-0cec-4006-82fb-fb6e54eb3e33.jpeg,https://a0.muscache.com/im/pictures/55d6ca17-b8b4-463f-bf65-f4a8094a0b24.jpg,https://a0.muscache.com/im/pictures/997df883-567e-4641-9d3f-28ee15c927f7.jpg,https://a0.muscache.com/im/pictures/miso/Hosting-13712829/original/d8315e2d-e01b-4d87-a843-5776ca72ee0d.jpeg,https://a0.muscache.com/im/pictures/miso/Hosting-13712829/original/2ec716f1-346d-4d77-8682-518d968e6779.jpeg,https://a0.muscache.com/im/pictures/a905e11b-814a-4109-99f2-85e2531eaa86.jpg,https://a0.muscache.com/im/pictures/d74ed969-6571-4956-ae32-923692425619.jpg,https://a0.muscache.com/im/pictures/3b45bc88-1f16-4256-ad30-ebf387a5dae5.jpg,https://a0.muscache.com/im/pictures/miso/Hosting-13712829/original/46df40a8-a1eb-4f6a-a69c-403d6f2bf1ad.jpeg,https://a0.muscache.com/im/pictures/fb8e1ed0-80e7-495a-a412-bf07befb5abc.jpg,https://a0.muscache.com/im/pictures/4552b21c-744d-4366-8078-06655d58b3c6.jpg",4761855,Una,"","",false,64.1414,-21.9300,4,2,3,1.0,false,"Bathtub,Hair dryer,Cleaning products,Body soap,Hot water,Washer,Essentials,Hangers,Bed linens,Iron,Clothing storage,TV,Sound system,Books and reading material,Heating,Smoke alarm,Fire extinguisher,Wifi,Kitchen,Refrigerator,Microwave,Cooking basics,Dishes and silverware,Freezer,Stove,Oven,Hot water kettle,Coffee maker,Wine glasses,Toaster,Trash compactor,Dining table,Coffee,Private entrance,Patio or balcony,Free parking on premises,Free street parking,Luggage dropoff allowed",,false,4,Moderate,12:00 PM,12:00 PM,true,false,ISK,50,0,true,132,4.95,4.9,5.0,4.9,5.0,5.0,4.9,61865.0,7910998.0,317.1,40530.3,0.545,0.603,168.1,21499.7,186.0,23779.9,3.8,12.5,199,35,166,365,10498.0,1335866.0,350.3,44578.4,0.333,0.417,113.9,14489.5,142.3,18111.9,3.5,5.0,30,18,60,90
13764635,"Downtown 101 near Swimming, Cultural Spots & Uni","My home is centrally located, right across from Sundhöll, one of Reykjavik's swimming and sauna halls. The apartment is just a 5-minute walk from the famous Hallgrímskirkja church, public transport at Hlemmur Square, and the main commercial artery of downtown Reykjavik, Laugavegur. Here, you can find the best restaurants, nightlife, and events. Both the University of Iceland and the Icelandic Academy of Art are within a 20-minute walk. It is ideal for couples, business travelers, or academics.<br /><br /><b>The space</b><br />The apartment features two bedrooms: one with a king-size bed (160x200 cm) and a smaller room with a couch that can be converted into a double bed (140x200 cm). The living room includes a corner sofa (90x200 cm) that can be used as a bed in case of emergency.<br /><br />Clean sheets will be provided on the beds upon your arrival. When you leave, there's no need to remove the bed linen; simply leave the beds as you found them.<br /><br />Towels are available in the white corner wardrobe in the larger bedroom. The hairdryer can be found in one of the bathroom drawers.<br /><br />The stove in the kitchen requires special handling. It has touch buttons. You need to use a dish towel or cloth to press the buttons so the burners will turn on.<br /><br />There is a laundry room in the basement equipped with a washing machine and a dryer. The dryer is positioned on top of the washing machine. You are welcome to use them at your convenience.<br /><br /><b>Guest access</b><br />When you arrive, either I or a family member will be there to welcome you, show you around, and give you the keys.<br /><br />There are two doors to the house. Please use only the main door, which faces Bergþórugata.<br /><br />Please leave the keys on the kitchen table when you depart.<br /><br /><b>Other things to note</b><br />This is my home, so feel free to use basic items like my spices and some oil if you decide to cook.",Entire rental unit,entire_home,https://a0.muscache.com/im/pictures/hosting/Hosting-U3RheVN1cHBseUxpc3Rpbmc6MTM3NjQ2MzU=/original/3577d626-f387-43ca-acc3-41e0b04e5181.jpeg,20,"https://a0.muscache.com/im/pictures/hosting/Hosting-U3RheVN1cHBseUxpc3Rpbmc6MTM3NjQ2MzU=/original/3577d626-f387-43ca-acc3-41e0b04e5181.jpeg,https://a0.muscache.com/im/pictures/hosting/Hosting-U3RheVN1cHBseUxpc3Rpbmc6MTM3NjQ2MzU=/original/2518624d-3142-4add-b6ff-c0243df29eb4.jpeg,https://a0.muscache.com/im/pictures/hosting/Hosting-U3RheVN1cHBseUxpc3Rpbmc6MTM3NjQ2MzU=/original/263ce213-0c0a-43f7-99d9-6eb271ed4332.jpeg,https://a0.muscache.com/im/pictures/hosting/Hosting-U3RheVN1cHBseUxpc3Rpbmc6MTM3NjQ2MzU=/original/68972f39-3a12-432a-9029-e9bfb8298886.jpeg,https://a0.muscache.com/im/pictures/hosting/Hosting-U3RheVN1cHBseUxpc3Rpbmc6MTM3NjQ2MzU=/original/c589152a-5830-4f16-bde9-2e636bcb636e.jpeg,https://a0.muscache.com/im/pictures/hosting/Hosting-U3RheVN1cHBseUxpc3Rpbmc6MTM3NjQ2MzU=/original/f27bbbda-c6da-415d-917c-d94868b93a0c.jpeg,https://a0.muscache.com/im/pictures/hosting/Hosting-U3RheVN1cHBseUxpc3Rpbmc6MTM3NjQ2MzU=/original/62430e8c-61aa-4813-b8fb-f072c84e7f71.jpeg,https://a0.muscache.com/im/pictures/hosting/Hosting-U3RheVN1cHBseUxpc3Rpbmc6MTM3NjQ2MzU=/original/c77fc74d-86b1-4a72-9485-8afd851be72d.jpeg,https://a0.muscache.com/im/pictures/hosting/Hosting-U3RheVN1cHBseUxpc3Rpbmc6MTM3NjQ2MzU=/original/6113a16e-f367-418f-a0e3-9a81f31ebe9c.jpeg,https://a0.muscache.com/im/pictures/hosting/Hosting-U3RheVN1cHBseUxpc3Rpbmc6MTM3NjQ2MzU=/original/ff2de0ac-9ef9-4bac-8688-039183493643.jpeg,https://a0.muscache.com/im/pictures/hosting/Hosting-13764635/original/dc342dba-b392-4666-bb13-d70e4867e112.jpeg,https://a0.muscache.com/im/pictures/hosting/Hosting-13764635/original/c8c11d1b-80a4-4e3a-8cff-b64a1f4c3acb.jpeg,https://a0.muscache.com/im/pictures/hosting/Hosting-U3RheVN1cHBseUxpc3Rpbmc6MTM3NjQ2MzU=/original/786915b3-5a44-4044-8b0b-c403b09631ca.jpeg,https://a0.muscache.com/im/pictures/hosting/Hosting-U3RheVN1cHBseUxpc3Rpbmc6MTM3NjQ2MzU=/original/8eb110f2-3e9d-420f-875e-ddf48c186f65.jpeg,https://a0.muscache.com/im/pictures/hosting/Hosting-U3RheVN1cHBseUxpc3Rpbmc6MTM3NjQ2MzU=/original/6ab868de-408c-4397-a671-3cf64dc61092.jpeg,https://a0.muscache.com/im/pictures/hosting/Hosting-U3RheVN1cHBseUxpc3Rpbmc6MTM3NjQ2MzU=/original/e53a5577-2aec-4bef-8705-9e87cbd00dd3.jpeg,https://a0.muscache.com/im/pictures/hosting/Hosting-U3RheVN1cHBseUxpc3Rpbmc6MTM3NjQ2MzU=/original/b5b63c64-68d2-490f-a634-0daff5cc8681.jpeg,https://a0.muscache.com/im/pictures/hosting/Hosting-U3RheVN1cHBseUxpc3Rpbmc6MTM3NjQ2MzU=/original/b247f9a4-41c0-48ce-b70f-5a3f517bccaf.jpeg,https://a0.muscache.com/im/pictures/hosting/Hosting-U3RheVN1cHBseUxpc3Rpbmc6MTM3NjQ2MzU=/original/51c97176-7c97-4c7e-9406-972dcaaaac7a.jpeg,https://a0.muscache.com/im/pictures/hosting/Hosting-U3RheVN1cHBseUxpc3Rpbmc6MTM3NjQ2MzU=/original/460f0f05-cc14-4cd9-b1f1-a956dc24b160.jpeg",5837605,Berglind,"","",false,64.1413,-21.9207,4,2,2,1.0,false,"Bathtub,Hair dryer,Cleaning products,Shampoo,Body soap,Hot water,Shower gel,Washer,Dryer,Essentials,Hangers,Bed linens,Extra pillows and blankets,Room-darkening shades,Iron,Drying rack for clothing,Clothing storage,TV,Sound system,Exercise equipment,Books and reading material,Heating,Smoke alarm,Fire extinguisher,Wifi,Dedicated workspace,Kitchen,Refrigerator,Microwave,Cooking basics,Dishes and silverware,Freezer,Dishwasher,Stove,Oven,Hot water kettle,Coffee maker,Wine glasses,Toaster,Baking sheet,Blender,Trash compactor,Dining table,Coffee",,false,2,Moderate,9:00 AM,11:00 AM,true,false,ISK,0,0,true,17,4.88,4.9,4.9,4.6,4.9,4.9,4.9,16571.0,2131221.0,200.3,25646.0,0.225,0.225,45.4,5839.0,45.4,5839.0,2.1,11.7,82,0,283,365,0.0,0.0,0.0,0.0,0.0,0.0,0.0,0.0,0.0,0.0,2.0,0.0,0,0,90,90
13837178,Room C for 2 in a quiet neighbourhood. Central.,,Private room in home,private_room,https://a0.muscache.com/im/pictures/3d00438e-bcfb-4b56-8351-32fd6916934d.jpg,12,,12732836,Gudjon,"","",true,64.1220,-21.8594,,,1,0.0,false,"High chair,Baby safety gates,Wifi,Crib,Kitchen,Free parking on premises,Room-darkening shades,Hot water,Breakfast,Bed linens,Extra pillows and blankets,Free street parking,Microwave,Refrigerator,Dishes and silverware,Heating,Cooking basics,Washer,Dryer,Smoke alarm,Carbon monoxide alarm,Patio or balcony,First aid kit,Backyard,Fire extinguisher,Luggage dropoff allowed,Essentials,Long term stays allowed,Shampoo,Lock on bedroom door,Hangers,Hair dryer,Iron,Bathtub",,false,1,Moderate,,,,,ISK,35,30,,228,4.91,5.0,5.0,4.9,5.0,4.7,4.8,2918.0,371310.0,68.1,8711.6,0.112,0.158,7.5,956.3,10.6,1347.6,1.0,8.2,41,106,324,365,0.0,0.0,69.0,8778.7,0.0,0.0,0.0,0.0,0.0,0.0,1.0,0.0,0,90,90,90
13841762,Downtown-2x2-New Design-Apartment-free parking,"The apartment is a very comfortable private apartment close to the old harbor, just 950m from the city center. Free street parking directly in front of the house.<br /><br /><b>The space</b><br />The apartment is on the third floor (no lift). The house is in front of a primary school which I love because it is so alive when the children go out to play. The school started at 08:30 and you might hear the bell ringing and children and parents coming to school.<br /><br /><b>Guest access</b><br />The entire apartment is exclusively for you. You can use the kitchen as you please but please, don't cook fish. We have really bad experiences when the guests have done so. Nobody likes to arrive at a place that smells fishy.<br /><br /><b>Other things to note</b><br />The bed is 140 X 200 cm and the sofa bed is 140 X 200 cm.<br /><br /><b>Registration Details</b><br />REK-2021-023748",Entire rental unit,entire_home,https://a0.muscache.com/im/pictures/miso/Hosting-13841762/original/31fa2f6d-6442-4dc5-94ab-64c51e510119.jpeg,36,"https://a0.muscache.com/im/pictures/miso/Hosting-13841762/original/31fa2f6d-6442-4dc5-94ab-64c51e510119.jpeg,https://a0.muscache.com/im/pictures/miso/Hosting-13841762/original/e77deb76-c24c-40cb-bebe-49656716ea54.jpeg,https://a0.muscache.com/im/pictures/miso/Hosting-13841762/original/cfdab9ea-03a2-4733-af04-31f5b2f4828b.jpeg,https://a0.muscache.com/im/pictures/miso/Hosting-13841762/original/6ec3e0e5-3ddc-4709-8379-4441bd31e825.jpeg,https://a0.muscache.com/im/pictures/miso/Hosting-13841762/original/0aa39680-ce2e-4755-bbc4-04c4cc1840e9.jpeg,https://a0.muscache.com/im/pictures/miso/Hosting-13841762/original/e2265b75-5e57-4067-9662-0d25a3bf45ef.jpeg,https://a0.muscache.com/im/pictures/miso/Hosting-13841762/original/c98edc7e-4fb3-4da9-b12d-b76a851c837f.jpeg,https://a0.muscache.com/im/pictures/miso/Hosting-13841762/original/27e87eee-40ea-41cf-9b71-d22cee78a5ab.jpeg,https://a0.muscache.com/im/pictures/miso/Hosting-13841762/original/87d706d9-f785-429e-ab52-14075074ba7a.jpeg,https://a0.muscache.com/im/pictures/cd098c6e-cbb1-4aff-895b-c3865aba763b.jpg,https://a0.muscache.com/im/pictures/miso/Hosting-13841762/original/456c39d1-8aa8-4155-aeb3-2815765c4cf0.jpeg,https://a0.muscache.com/im/pictures/f3593a77-c281-44ac-b963-88205b1efdf3.jpg,https://a0.muscache.com/im/pictures/miso/Hosting-13841762/original/5e12721a-957d-46f8-b153-0f668b6337fa.jpeg,https://a0.muscache.com/im/pictures/e47ceeab-20c0-4e73-bbd0-59d5fdb947c3.jpg,https://a0.muscache.com/im/pictures/78dad2b5-1e3f-4bcc-8396-df1dd99c69fa.jpg,https://a0.muscache.com/im/pictures/5a2bc6a0-20a3-4b7e-9d12-04d3b76a08cd.jpg,https://a0.muscache.com/im/pictures/864a7eb3-74bc-4502-aae8-575dcf22ea05.jpg,https://a0.muscache.com/im/pictures/8806668b-ef71-46b2-8b3b-820d8f2a9151.jpg,https://a0.muscache.com/im/pictures/4160d8a2-4724-4088-a376-6fe54e01a3ac.jpg,https://a0.muscache.com/im/pictures/691a8608-d41e-4edb-a6fc-9d34130f954d.jpg,https://a0.muscache.com/im/pictures/420f6851-f90f-4762-9720-215976622619.jpg,https://a0.muscache.com/im/pictures/f2d75571-4fa6-4f69-9bf7-80cdd5ab18bc.jpg,https://a0.muscache.com/im/pictures/205b640f-2fd4-43b2-a125-c169b147853d.jpg,https://a0.muscache.com/im/pictures/05d28863-8e82-404e-b389-51ccc6f52ec6.jpg,https://a0.muscache.com/im/pictures/84b901dd-1b13-4a7a-9a7f-31189a379c86.jpg,https://a0.muscache.com/im/pictures/668d5e60-1ab6-4c5b-8189-e9b345e8bca0.jpg,https://a0.muscache.com/im/pictures/000fc9cb-708a-4631-baef-6aba876cef5b.jpg,https://a0.muscache.com/im/pictures/7482c0f5-f5d3-45d1-b6f0-d10b536381e1.jpg,https://a0.muscache.com/im/pictures/cae3b9e3-10b1-46c6-bb51-c615fae652ee.jpg,https://a0.muscache.com/im/pictures/3c3e1e31-c057-4fce-ba08-b554ff9aa1ba.jpg,https://a0.muscache.com/im/pictures/34adcdf4-1478-4727-935e-92537d412f2b.jpg,https://a0.muscache.com/im/pictures/02bf9848-c6a1-457f-8634-5d12bd759745.jpg,https://a0.muscache.com/im/pictures/e4c22368-d396-4a8f-89ce-30178b878ebe.jpg,https://a0.muscache.com/im/pictures/4e546912-c909-430a-ac0f-800486e381b9.jpg,https://a0.muscache.com/im/pictures/89f01c02-a358-456f-a68c-1f9aa31165df.jpg,https://a0.muscache.com/im/pictures/77b826e8-3427-4547-944a-94d872e0b04d.jpg",6413199,Maria,"","",true,64.1501,-21.9570,4,1,2,1.0,true,"Hair dryer,Cleaning products,Shampoo,Body soap,Hot water,Shower gel,Essentials,Hangers,Bed linens,Extra pillows and blankets,Room-darkening shades,Iron,Drying rack for clothing,TV,Books and reading material,Heating,Smoke alarm,Carbon monoxide alarm,Fire extinguisher,First aid kit,Wifi,Kitchen,Refrigerator,Microwave,Cooking basics,Dishes and silverware,Stove,Oven,Hot water kettle,Coffee maker,Wine glasses,Toaster,Baking sheet,Dining table,Coffee,Laundromat nearby,Patio or balcony,Free street parking,Long term stays allowed",,false,1,Moderate,4:00 PM,10:00 AM,true,true,ISK,0,0,true,1025,4.84,4.9,4.9,4.9,5.0,4.8,4.8,75997.0,9712867.0,258.0,32955.3,0.767,0.912,208.2,26610.6,247.5,31638.0,1.0,1.2,280,58,85,365,4942.0,628864.0,206.4,26269.9,0.267,0.75,54.9,6987.4,154.4,19652.0,1.0,1.1,24,58,66,90
14005055,Apartment in the heart of Reykjavík,,Entire rental unit,entire_home,https://a0.muscache.com/im/pictures/b9ec8507-273b-4d49-8301-1fdca7577d59.jpg,20,,33904445,Katrín,"","",false,64.1481,-21.9459,4,2,4,1.0,false,"TV,Wifi,Kitchen,Room-darkening shades,Hot water,Body soap,Conditioner,Bed linens,Extra pillows and blankets,Free street parking,Microwave,Coffee maker,Dishes and silverware,Heating,Clothing storage,Smoke alarm,Shower gel,Carbon monoxide alarm,First aid kit,Fire extinguisher,Essentials,Shampoo,Lock on bedroom door,Hangers,Hair dryer,Iron",true,false,1,Moderate,,,,,ISK,46,0,,739,4.76,4.8,4.9,4.7,4.9,4.9,4.7,47554.0,6081879.0,205.3,26232.4,0.562,0.586,125.0,15989.2,130.3,16674.4,1.4,3.3,205,15,160,365,0.0,0.0,187.8,23896.0,0.0,0.0,0.0,0.0,0.0,0.0,2.0,0.0,0,0,90,90
14049036,House with $1M view & inside hot tub.,,Entire home,entire_home,https://a0.muscache.com/im/pictures/hosting/Hosting-U3RheVN1cHBseUxpc3Rpbmc6MTQwNDkwMzY%3D/original/9764df24-0a6f-4089-afb7-a94ca32c527c.jpeg,42,,36629,Arnar,"","",false,64.1603,-21.7515,7,4,7,1.5,false,"TV,Cable TV,Wifi,Kitchen,Free parking on premises,Pets allowed,Conditioner,Mini fridge,Free street parking,Outdoor furniture,Hot tub,Cleaning products,Heating,Coffee,Clothing storage,Wine glasses,Washer,Dryer,Smoke alarm,Carbon monoxide alarm,Fire extinguisher,Essentials,Shampoo,Lock on bedroom door,Hangers,Hair dryer,Dedicated workspace,Freezer,Private entrance,Sound system,Children’s books and toys,Blender,Room-darkening shades,Hot water,Body soap,Bed linens,Coffee maker,Refrigerator,Dishwasher,Dishes and silverware,Cooking basics,Oven,Stove,EV charger,Exercise equipment,Shower gel,Patio or balcony,Backyard,Luggage dropoff allowed,Safe,Dining table,Baking sheet,Toaster",false,,3,Strict,,,,,ISK,175,0,,9,4.89,4.9,4.9,4.6,5.0,4.9,4.6,17048.0,2169356.0,565.9,72365.9,0.077,0.092,43.8,5577.4,52.6,6696.5,3.0,4.7,28,61,337,365,0.0,0.0,552.8,70342.3,0.0,0.0,0.0,0.0,0.0,0.0,3.0,0.0,0,6,90,90
14173743,Location! New apt. Free parking and travel wi-fi!,"Important!<br /><br />Please send us a message before you hit the BOOK NOW button. Tell us who you are and what your plans are in Iceland. Thanks.<br /><br />Description:<br />60 sqm2 (650 sqft) apartment in center of Reykjavik, 200 meters walk to downtown. 1 km away from BSI bus station, we can usually offer a pickup from there. Local swimming pool 10 min. walk. Free (portable!) 4G wi-fi to use everywhere during yor trip. Free parking. Complete apartment with everything you need for your trip!<br /><br /><b>The space</b><br />Newly furnished apartment with living room, one bedroom, kitchen and toilet with shower. The bedroom includes a King size bed 84 x 72 in (213 cm x 183 cm).<br />Portable IKEA mattress only on living area floor for 3rd person. Baby travel cot can also be arranged on request.<br /><br />Kitchen includes dishwasher, fridge, freezer, microwave, oven, toaster, kettle, coffee machine e.t.c.<br /><br />Towels provided. Bathroom with washbasin, shower and bathtub 🛁.<br />Washing machine outside of the apartment for you to use.<br /><br />Free portable 4G/LTE hub which you can take with you when traveling -> No need for local data sim card!<br /><br />Hosts speak fluent English.<br /><br />Do not hesitate to ask questions and we will try our best to give you some local info.<br /><br />Check-in times: No later than 4PM, sometimes we can arrange a bit earlier, depending on availability.<br /><br />Please let us know at what time you will arrive to make sure we are at home.",Entire rental unit,entire_home,https://a0.muscache.com/im/pictures/ca97030a-7c2d-4c1a-98c8-e153deb1303b.jpg,12,"https://a0.muscache.com/im/pictures/ca97030a-7c2d-4c1a-98c8-e153deb1303b.jpg,https://a0.muscache.com/im/pictures/2d63015a-e763-4902-84ca-0353aaaebe1d.jpg,https://a0.muscache.com/im/pictures/f473dae2-bc92-4048-9fdf-dfeef1697627.jpg,https://a0.muscache.com/im/pictures/86c283b3-abb5-456a-99c3-3ecfd23759e3.jpg,https://a0.muscache.com/im/pictures/7ac5a3fa-e4f2-4733-b60a-d59b2297103d.jpg,https://a0.muscache.com/im/pictures/7dc3091c-6717-4a3d-aa21-16d76112aeb6.jpg,https://a0.muscache.com/im/pictures/de261a8e-4767-4cc1-96c8-6a46322a8db4.jpg,https://a0.muscache.com/im/pictures/63cc56c9-c0e6-4f86-a8a6-6ca60d773e1b.jpg,https://a0.muscache.com/im/pictures/6200aebf-ef83-494f-a0ea-dc0144b644bf.jpg,https://a0.muscache.com/im/pictures/3c8f5323-904d-48d6-9492-a6ddb8680388.jpg,https://a0.muscache.com/im/pictures/2a8f5007-1251-4fec-9bad-12886e3cc637.jpg,https://a0.muscache.com/im/pictures/1117caf7-42b0-492a-8759-e2b87e726205.jpg",31711498,Jonah,2251238,Johnny And Family,true,64.1428,-21.9344,3,1,1,1.0,false,"Bathtub,Hair dryer,Shampoo,Hot water,Shower gel,Washer,Essentials,Hangers,Bed linens,Extra pillows and blankets,Room-darkening shades,Drying rack for clothing,Safe,Clothing storage,TV,Heating,Smoke alarm,Wifi,Pocket wifi,Kitchen,Refrigerator,Microwave,Cooking basics,Freezer,Dishwasher,Stove,Oven,Hot water kettle,Wine glasses,Toaster,Dining table,Coffee,Patio or balcony,Free parking on premises,Free street parking",,false,3,Moderate,1:00 PM,11:00 AM,true,false,ISK,75,0,true,190,4.92,4.9,4.9,4.9,5.0,4.9,4.8,30670.0,3907011.0,162.0,20717.6,0.474,0.474,78.1,9945.8,78.1,9945.8,3.1,5.1,173,0,192,365,386.0,49119.0,156.2,19873.6,0.022,0.022,3.5,439.7,3.5,439.7,2.0,2.0,2,0,88,90
14259579,Twin room in perfect city center location,,Private room in hostel,private_room,https://a0.muscache.com/im/pictures/7ec8c408-4ab5-4f8b-b1cf-490f85936515.jpg,12,,31682311,Aldís,"","",false,64.1493,-21.9486,2,1,2,3.5,false,"High chair,Wifi,Crib,Kitchen,Bed linens,Microwave,Coffee maker,Refrigerator,Dishwasher,Dishes and silverware,Heating,Cooking basics,Oven,Stove,Washer,Dryer,Smoke alarm,Patio or balcony,Fire extinguisher,Essentials,Shampoo,Hangers,Hair dryer,Iron,Private entrance",,false,3,Firm,,,,,ISK,17,0,,223,4.72,4.8,4.8,4.7,4.9,4.9,4.7,7836.0,1003525.0,203.1,25975.4,0.104,0.153,20.8,2666.4,30.5,3908.6,3.0,2.1,38,116,327,365,1794.0,228284.0,189.6,24120.8,0.1,0.1,19.2,2440.4,19.2,2440.4,9.1,1.8,9,0,81,90
14262868,Bright Twin Room in Best Downtown Location!,,Private room in hostel,private_room,https://a0.muscache.com/im/pictures/6b113559-0d27-496a-8f87-0828e6513f1b.jpg,18,,31682311,Aldís,"","",false,64.1478,-21.9472,2,1,2,3.0,false,"High chair,Wifi,Kitchen,Pack ’n play/Travel crib,Room-darkening shades,Hot water,Bed linens,Extra pillows and blankets,Microwave,Coffee maker,Refrigerator,Dishwasher,Dishes and silverware,Heating,Cooking basics,Oven,Stove,Washer,Dryer,Smoke alarm,Patio or balcony,First aid kit,Fire extinguisher,Luggage dropoff allowed,Essentials,Long term stays allowed,Shampoo,Lock on bedroom door,Hangers,Hair dryer,Iron",,false,3,Firm,,,,,ISK,17,0,,261,4.69,4.8,4.8,4.7,4.9,4.9,4.7,7549.0,967444.0,204.1,26102.2,0.104,0.176,20.1,2573.5,33.9,4348.7,3.0,2.5,38,149,327,365,2450.0,311758.0,180.7,22999.6,0.144,0.183,26.3,3343.8,33.3,4238.6,9.1,1.9,13,19,77,90
14317826,New & Stylish studio apt. in the City Center,"The stylish studio is located on 4th floor with balcony and there is a elevator in the building. The apartment is very spacious and bright which consists living room, king size bed, a fully equipped kitchen and a private bathroom with shower. Free internet access is included. The flat is located in a quiet street, just 3 min walking from the main shopping street Laugavegur, filled with entertainment, shops, bars and restaurants.<br /><br /><b>The space</b><br />Bedroom: A new king-size bed, duvets, pillows and linen. <br />Kitchen: Fridge with freezer, dishwasher, oven, hob (cooktop), coffee machine, toaster, kitchen utensils and tableware. <br />Bathroom: hairdryer, towels, soap, shampoo and a hair dryer.<br /><br /><b>Other things to note</b><br />Parking space: The apartment is in P1 parking zone and you can park out in the street but it has some restrictions, but if you park few streets away you can park outside of P1. You can browse parking zones by downloading Parki app.<br /><br />reykjavik. is / en / parking / parking-meters",Entire rental unit,entire_home,https://a0.muscache.com/im/pictures/69e5bffc-7457-4fd5-b7fc-4b0ab424575a.jpg,10,"https://a0.muscache.com/im/pictures/69e5bffc-7457-4fd5-b7fc-4b0ab424575a.jpg,https://a0.muscache.com/im/pictures/e3cc69dd-2b05-49c8-9ede-465da797c009.jpg,https://a0.muscache.com/im/pictures/4dbfa4b2-47b0-4b21-91cb-add15dfbef7a.jpg,https://a0.muscache.com/im/pictures/696795a9-ee4f-47b7-8df1-3d83a2e60f97.jpg,https://a0.muscache.com/im/pictures/533b3e29-f8c9-476d-95cf-904aa413d68d.jpg,https://a0.muscache.com/im/pictures/8fc76410-b554-4a45-89a0-5d6ac57c51cb.jpg,https://a0.muscache.com/im/pictures/eb620bfd-988a-4797-af87-3ec3f20cc596.jpg,https://a0.muscache.com/im/pictures/e65a968a-83b7-4857-82d8-aa1b4bdb9d0a.jpg,https://a0.muscache.com/im/pictures/dffad308-8513-4847-a0ce-663837e83d29.jpg,https://a0.muscache.com/im/pictures/hosting/Hosting-14317826/original/f0e371d2-b238-49e8-a55a-acbfbc486b8f.jpeg",3749186,Sarah,"","",true,64.1461,-21.9261,2,1,1,1.0,false,"Wifi,Hair dryer,Cleaning products,Shampoo,Conditioner,Body soap,Hot water,Shower gel,Washer,Dryer,Essentials,Hangers,Bed linens,Extra pillows and blankets,Clothing storage,Ethernet connection,Books and reading material,Air conditioning,Heating,Smoke alarm,First aid kit,Wifi,Kitchen,Refrigerator,Cooking basics,Dishes and silverware,Freezer,Dishwasher,Stove,Oven,Hot water kettle,Coffee maker,Wine glasses,Toaster,Baking sheet,Dining table,Coffee,Resort access,Patio or balcony,Outdoor furniture,Elevator,Paid parking on premises,Single level home,Long term stays allowed",,false,3,Strict,1:00 PM,10:00 AM,false,false,ISK,0,17,false,407,4.96,5.0,4.9,5.0,5.0,5.0,4.9,33856.0,4321212.0,155.8,19902.9,0.575,0.588,92.8,11838.9,94.8,12104.2,3.0,3.7,210,8,155,365,4576.0,582290.0,139.5,17755.5,0.367,0.402,50.8,6469.9,55.8,7101.1,3.0,3.7,33,8,57,90
14416936,Fantastic two-bedroom apartment close to downtown,"Fantastic two bedroom apartment with a view on the top floor in a bright residential building in a charming old district of Reykjavík. The apartment is only minutes walk from the biggest thermal pool in Iceland and is also close to the very center of the city.<br /><br /><b>The space</b><br />This apartment has a nice view and  in a beautiful old four story residential building. The apartment features a bright living room, a kitchen, and two bedrooms. The master bedroom has a king size bed with a memory foam Tempur Original matress. From the master bedroom a door leads out to south facing balcony with a nice view. The second bedroom also has a 80x200 cm bed with a Tempur Cloud memory foam mattress. The room also has  a workstation with a desk, Steelcase Gesture ergonomic office chair and a 27 inch LG UHD 4k Monitor. The apartment can accommodate 3 adults easily.<br /><br />The bathroom was renovated recently and is fully equipped with new appliances and tiled floors. I provide towels and soap. <br /><br />There is a fiber internet connection and wi-fi which guests are able to use - so the internet connection is very fast<br /><br />In the bathroom there is a top-load washing machine. I provide  laundry detergent. In the cellar there is a room which guests can access a drying area.<br /><br />The kitchen is very well equipped to prepare meals in and has e.g. a stove, microwave oven and Nespresso machine. It also has a dishwashing machine.<br /><br />The living room also has a 55\" ultra HD tv with Playstation, Netflix and apple tv. The apartment is also equipped with Sonos wireless home sound system (two speakers).<br /><br />I am happy to advice guests on any questions they might have in relation to their stay in Iceland.<br /><br /><b>Guest access</b><br />The guests will be able to access all rooms in the house. The guests are also welcome to use the washing machine and drying area in the cellar of the house. Parking space is not a problem since there is a big parking lot infront of the building free of charge.<br /><br />The apartment is located within walking distance to the centre downtown area. A walk downtown can be completed in around 30-40 minutes. Guests can enjoy a nice bit of coastline during that walk - with just 5 minutes walk to a beach. There is also the option of e-scooters that are everywhere so you can also scoot down the seafront into the city centre in only 10 minutes. There is also the option of a bus that goes directly into the center area.<br /><br /><b>Registration Details</b><br />HG-00011145",Entire rental unit,entire_home,https://a0.muscache.com/im/pictures/d0632e44-71ae-462d-842e-4c03eca6e1e1.jpg,28,"https://a0.muscache.com/im/pictures/d0632e44-71ae-462d-842e-4c03eca6e1e1.jpg,https://a0.muscache.com/im/pictures/miso/Hosting-14416936/original/eeb0569a-6005-457b-b146-80b811bea1ed.jpeg,https://a0.muscache.com/im/pictures/miso/Hosting-14416936/original/72525692-9022-46b4-ae56-6eb0d2a1129e.jpeg,https://a0.muscache.com/im/pictures/miso/Hosting-14416936/original/93ceb2b0-db00-4574-924f-28ad3eb3937b.jpeg,https://a0.muscache.com/im/pictures/miso/Hosting-14416936/original/a3afad38-9a1f-4801-aaa2-5dfa341aff88.jpeg,https://a0.muscache.com/im/pictures/miso/Hosting-14416936/original/f391bb93-7542-4eb4-96c3-87ecfccae68e.jpeg,https://a0.muscache.com/im/pictures/miso/Hosting-14416936/original/a9e44776-3a04-44f3-b35c-df2061bf453b.jpeg,https://a0.muscache.com/im/pictures/miso/Hosting-14416936/original/19741618-190e-4c36-b9e9-0b09e7ac4635.jpeg,https://a0.muscache.com/im/pictures/miso/Hosting-14416936/original/88057832-881a-4a48-95b2-96e75fbebb3d.jpeg,https://a0.muscache.com/im/pictures/43276fa2-e59e-4130-a27a-dd013bb3915b.jpg,https://a0.muscache.com/im/pictures/db7e32a4-87d4-45f7-a397-00fa2748c3d6.jpg,https://a0.muscache.com/im/pictures/2dff169c-92d8-461b-9513-f0f2610a371d.jpg,https://a0.muscache.com/im/pictures/50b504df-9ef0-4bf2-9055-b65e8cc422c9.jpg,https://a0.muscache.com/im/pictures/e8a397d3-b9e1-4129-8517-b7c0389791ee.jpg,https://a0.muscache.com/im/pictures/miso/Hosting-14416936/original/f952f627-c0b1-4f09-b774-b9c1bf458180.jpeg,https://a0.muscache.com/im/pictures/miso/Hosting-14416936/original/af732f26-01c4-40cf-9555-b6922b624c8b.jpeg,https://a0.muscache.com/im/pictures/miso/Hosting-14416936/original/521d5ccb-c6f4-4481-b153-042fa0bab71f.jpeg,https://a0.muscache.com/im/pictures/miso/Hosting-14416936/original/7cde10c5-c1cb-4f54-90ca-723fba40f0eb.jpeg,https://a0.muscache.com/im/pictures/miso/Hosting-14416936/original/1cad8ceb-896b-41f0-a21c-40cffd7ee83f.jpeg,https://a0.muscache.com/im/pictures/miso/Hosting-14416936/original/b02edae8-f03f-46c4-abda-1117c37368b0.jpeg,https://a0.muscache.com/im/pictures/miso/Hosting-14416936/original/494fd925-07e3-4e14-b61d-d24fdd1fecd6.jpeg,https://a0.muscache.com/im/pictures/miso/Hosting-14416936/original/18346f36-6983-49fb-87ac-dcda5b6081f6.jpeg,https://a0.muscache.com/im/pictures/miso/Hosting-14416936/original/2edf22ee-9e84-4556-bbc8-42ac7671daed.jpeg,https://a0.muscache.com/im/pictures/miso/Hosting-14416936/original/2d6cff3d-94ad-4db5-a2c3-5354961d1719.jpeg,https://a0.muscache.com/im/pictures/e167dfd1-286e-4325-8f55-f5b068bea505.jpg,https://a0.muscache.com/im/pictures/568a8c72-b810-416c-98e3-f39c2a83d643.jpg,https://a0.muscache.com/im/pictures/9f303d28-144b-411f-9613-9702b63110c8.jpg,https://a0.muscache.com/im/pictures/82a1827e-e0a0-43da-87a7-785be87acaad.jpg",57507324,Benedikt,"","",true,64.1494,-21.8823,3,2,2,1.0,true,"Pets allowed,Air conditioning,Wifi,Hair dryer,Shampoo,Body soap,Hot water,Shower gel,Washer,Essentials,Hangers,Bed linens,Extra pillows and blankets,Room-darkening shades,Iron,Drying rack for clothing,Clothing storage,TV,Sound system,Game console,Exercise equipment,Books and reading material,Children’s dinnerware,Window guards,Board games,Heating,Smoke alarm,Carbon monoxide alarm,First aid kit,Wifi,Dedicated workspace,Kitchen,Refrigerator,Microwave,Cooking basics,Freezer,Dishwasher,Stove,Oven,Hot water kettle,Coffee maker,Wine glasses,Toaster,Baking sheet,Blender,Coffee,Private entrance,Patio or balcony,Free parking on premises,Free street parking,EV charger,Long term stays allowed",,false,4,Strict,,2:00 PM,true,false,ISK,70,0,true,81,4.88,4.9,4.9,4.8,4.9,4.8,4.8,56203.0,7167932.0,244.9,31280.3,0.592,0.722,149.6,19076.9,182.6,23287.9,3.8,7.4,216,66,149,365,14478.0,1842311.0,231.1,29410.1,0.667,0.667,155.4,19777.4,155.4,19777.4,4.0,6.0,60,0,30,90
14551661,Spacious family apartment near city center,"This is a beautiful and big apartment in a perfect location near the center of Reykjavík. Three bedrooms, a spacious fully equipped kitchen,  and two living rooms -> everything you need for a great stay.<br />The apartment is located in Hlíðar and it takes around 15 minutes to walk to Hallgrímskirkja church.  It's very close to the city center but still in a very calm neighborhood. The apartment is perfect for families or groups that want plenty of space during their stay.<br /><br /><b>The space</b><br />The apartment consists of three bedrooms, a fully equipped kitchen, two living rooms and a bathroom with and walk-in shower. There is a washing machine and a dryer in the bathroom. There is a south-facing Balcony where you can sit when the weather is good. We have done thorough renovations of the bathroom and kitchen since the pictures were taken and they will be updated this summer. Overall a beautiful and super spacious apartment that you will fall in love with!<br /><br /><b>Registration Details</b><br />HG-00002494",Entire rental unit,entire_home,https://a0.muscache.com/im/pictures/e78570ee-f1f1-4727-898d-6847fb92ec05.jpg,25,"https://a0.muscache.com/im/pictures/e78570ee-f1f1-4727-898d-6847fb92ec05.jpg,https://a0.muscache.com/im/pictures/9640adfa-9d62-40e8-93b3-7ccafb1dd5ab.jpg,https://a0.muscache.com/im/pictures/miso/Hosting-14551661/original/1375438d-3175-4de3-81b2-601b94b6b0b2.jpeg,https://a0.muscache.com/im/pictures/miso/Hosting-14551661/original/b097d811-51fb-46e8-a56b-d69806e87049.jpeg,https://a0.muscache.com/im/pictures/2895f684-df13-40a8-8680-bbc3afaca788.jpg,https://a0.muscache.com/im/pictures/c37043a5-1e4b-49ab-885a-79feddc107be.jpg,https://a0.muscache.com/im/pictures/miso/Hosting-14551661/original/04cd0a8e-1514-433e-b738-de0a432c809f.jpeg,https://a0.muscache.com/im/pictures/miso/Hosting-14551661/original/0c298ae2-a1bc-4dbc-8acb-41ee7630980e.jpeg,https://a0.muscache.com/im/pictures/miso/Hosting-14551661/original/94f8fd2e-037a-4416-bb98-8be5b471263f.jpeg,https://a0.muscache.com/im/pictures/miso/Hosting-14551661/original/7f0e559b-e6d7-4012-9e66-9380d20608b3.jpeg,https://a0.muscache.com/im/pictures/miso/Hosting-14551661/original/baf833fc-9084-4649-9474-28e2a3d8eaa8.jpeg,https://a0.muscache.com/im/pictures/miso/Hosting-14551661/original/fa3e64d8-1c7f-478c-ae16-20fb5ed8dd2b.jpeg,https://a0.muscache.com/im/pictures/miso/Hosting-14551661/original/6449c70b-5aa5-4318-aa36-5346e7eec2c5.jpeg,https://a0.muscache.com/im/pictures/miso/Hosting-14551661/original/02c818d2-c8d5-473d-94c8-218a24ac288f.jpeg,https://a0.muscache.com/im/pictures/53e32e2c-f7ab-4a32-8d3a-b3df7773383e.jpg,https://a0.muscache.com/im/pictures/miso/Hosting-14551661/original/92293de9-9fca-4563-af66-97cc1a6f1b54.jpeg,https://a0.muscache.com/im/pictures/miso/Hosting-14551661/original/e381b8c1-d1f5-47d0-a8a2-846d38b21c54.jpeg,https://a0.muscache.com/im/pictures/miso/Hosting-14551661/original/727bc8ed-712f-4748-b414-5bc275b00ff5.jpeg,https://a0.muscache.com/im/pictures/miso/Hosting-14551661/original/6dd1bccc-f2bb-46aa-935c-d94323b8bced.jpeg,https://a0.muscache.com/im/pictures/miso/Hosting-14551661/original/3f9dbfc8-5448-4a8f-934d-9f0419a64df9.jpeg,https://a0.muscache.com/im/pictures/miso/Hosting-14551661/original/72f96d88-8b76-4d1f-9eac-ab8433d52f53.jpeg,https://a0.muscache.com/im/pictures/miso/Hosting-14551661/original/d529bbf0-0097-465b-99fd-81cfa38001bd.jpeg,https://a0.muscache.com/im/pictures/miso/Hosting-14551661/original/647573e3-8031-43ea-8526-46f0dd201541.jpeg,https://a0.muscache.com/im/pictures/miso/Hosting-14551661/original/65419be8-2106-4368-abe6-42f76d5791ea.jpeg,https://a0.muscache.com/im/pictures/miso/Hosting-14551661/original/9b7bd271-6f62-4b48-b13a-8873dc4c3bf8.jpeg",5833097,Helgi,"","",true,64.1344,-21.9148,5,3,4,1.0,true,"Pets allowed,Hair dryer,Cleaning products,Shampoo,Hot water,Washer,Dryer,Essentials,Hangers,Bed linens,Room-darkening shades,Iron,Clothing storage,TV,Piano,Record player,Game console,Books and reading material,Pack ’n play/Travel crib,Children’s books and toys,High chair,Children’s dinnerware,Window guards,Board games,Air conditioning,Heating,Smoke alarm,Carbon monoxide alarm,Fire extinguisher,First aid kit,Wifi,Dedicated workspace,Kitchen,Refrigerator,Microwave,Cooking basics,Dishes and silverware,Mini fridge,Freezer,Dishwasher,Stove,Oven,Hot water kettle,Coffee maker,Wine glasses,Toaster,Baking sheet,Blender,Barbecue utensils,Dining table,Coffee,Patio or balcony,Backyard,Outdoor furniture,BBQ grill,Free parking on premises,Free street parking,Luggage dropoff allowed,Long term stays allowed",,false,2,Strict,,10:00 AM,true,false,ISK,0,0,true,120,4.92,5.0,4.9,5.0,5.0,4.8,4.9,10743.0,1388611.0,192.4,24690.4,0.153,0.185,29.4,3804.4,35.6,4598.0,2.0,56.0,56,63,309,365,0.0,0.0,0.0,0.0,0.0,0.0,0.0,0.0,0.0,0.0,2.0,0.0,0,0,90,90
14552323,Cozy room close the center in quiet surroundings,"My place is close to the city center, a 3 minute walk to the beautiful west side public pool. Also 3 minutes from Kaffihús Vesturbæjar (café), and nice restaurants and dining (Oddson, XO, Thai Grill, ice cream shop, bakery etc.) You’ll love my place because of its calm, quiet surroundings and bright and cozy atmosphere. You can enjoy the northern lights from the beautiful garden which has a swing set for children, trees and a wise cat.<br /><br /><b>The space</b><br />First and most warm in all meaning of that word<br /><br /><b>Guest access</b><br />The guests have full access of full equiped kitchen and shared bathroom with one (host)<br /><br /><b>During your stay</b><br />The hostess studied tourism in the University of Iceland has extended knowledge in Icelandic history. She has been manager of 2 Icelandic Culture/History institutions. She would be happy to give you tips and can provide private tours to hidden gems.<br /><br /><b>Other things to note</b><br />Be welcome is our motto",Private room in rental unit,private_room,https://a0.muscache.com/im/pictures/b4f9bf28-b473-4824-abab-25d1999599f7.jpg,10,"https://a0.muscache.com/im/pictures/b4f9bf28-b473-4824-abab-25d1999599f7.jpg,https://a0.muscache.com/im/pictures/bd513c9c-8e5f-4c6a-9714-6ee0d4d96c56.jpg,https://a0.muscache.com/im/pictures/3157b4a6-dbaa-42e7-a363-9dc69895b71f.jpg,https://a0.muscache.com/im/pictures/3e4ec36a-8c33-4af1-9b0b-d3589bf58919.jpg,https://a0.muscache.com/im/pictures/9da743e7-00c8-4c2d-9914-8b04da482baf.jpg,https://a0.muscache.com/im/pictures/900f0eac-6860-4c16-9afe-5e7acacecbde.jpg,https://a0.muscache.com/im/pictures/5927b953-4b90-44f5-9b7b-2753d2675d47.jpg,https://a0.muscache.com/im/pictures/292f60de-047d-4465-9fef-9025d897b949.jpg,https://a0.muscache.com/im/pictures/ae961132-f712-40f9-bb28-e5d2a1134c15.jpg,https://a0.muscache.com/im/pictures/38c37114-426d-4150-b9f1-ad409f58e929.jpg",9744871,Alma,"","",false,64.1467,-21.9635,,,1,0.0,false,"Hair dryer,Washer,Essentials,Hangers,Iron,Air conditioning,Heating,Smoke alarm,First aid kit,Wifi,Kitchen,Refrigerator,Microwave,Cooking basics,Dishes and silverware,Oven,Coffee maker,Backyard,Free street parking",,false,2,Flexible,3:00 PM,,true,false,ISK,0,0,false,190,4.87,4.9,5.0,4.7,5.0,4.8,4.8,12626.0,1620728.0,79.0,10101.8,0.436,0.807,34.6,4440.4,64.1,8227.0,2.0,3.0,159,168,206,365,1020.0,129794.0,76.8,9778.4,0.144,0.929,11.3,1442.2,72.9,9271.0,2.0,2.6,13,76,77,90
14599978,Cozy private little house in central Reykjavik♥♥♥♥,"My place is in the heart of Reykjavik, you can walk to almost everything in the center it is close to art and culture, great views, restaurants and dining, parks, and the ocean. You’ll love my place because of the neighborhood and the atmosphere of central Reykjavik. My place is good for couples, friends or any two people that are traveling together. If you have a car you can park in my private parking space in the parking garage.<br /><br /><b>The space</b><br />The studio is private and quiet even if the location is in the heart of downtown Reykjavik. The beds (100cm/39'' width) are very comfortable and can be pushed together. The kitchenette has everything you need to make a small meal. Only 3 minutes walk from bus stop no. 8, Hallgrimskirkja.<br /><br /><b>Guest access</b><br />You have full access to the studio and the parking garage.",Tiny home,entire_home,https://a0.muscache.com/im/pictures/miso/Hosting-14599978/original/c084ecd9-7888-4dac-875f-1aaddaa8a86c.jpeg,27,"https://a0.muscache.com/im/pictures/miso/Hosting-14599978/original/c084ecd9-7888-4dac-875f-1aaddaa8a86c.jpeg,https://a0.muscache.com/im/pictures/62335f62-7e1a-49ee-b541-da8044372619.jpg,https://a0.muscache.com/im/pictures/1ea4659c-40d8-44bc-9ec7-2a60d64256b0.jpg,https://a0.muscache.com/im/pictures/miso/Hosting-14599978/original/58977323-0fd5-4f82-95b9-f3014ffe1694.jpeg,https://a0.muscache.com/im/pictures/miso/Hosting-14599978/original/e295fd6d-01e4-4119-b540-4ce132a13b1a.jpeg,https://a0.muscache.com/im/pictures/bb161b89-a74b-44ab-a89d-c9f4485b829b.jpg,https://a0.muscache.com/im/pictures/288cde61-c2e2-48b1-b845-ccb99ca3938c.jpg,https://a0.muscache.com/im/pictures/miso/Hosting-14599978/original/35a7e0f3-05a8-4d04-b59a-dbcc1186137c.jpeg,https://a0.muscache.com/im/pictures/miso/Hosting-14599978/original/9576dd89-458b-48e2-afbf-e31c7ae12c46.jpeg,https://a0.muscache.com/im/pictures/miso/Hosting-14599978/original/9caaae31-5ed7-49cb-a226-5eed13e79c43.jpeg,https://a0.muscache.com/im/pictures/5eab6ccd-439e-42cb-9fe9-65ff082d8716.jpg,https://a0.muscache.com/im/pictures/miso/Hosting-14599978/original/93a1bfe0-5125-4fdb-98ad-cd02a3bf44fd.jpeg,https://a0.muscache.com/im/pictures/2129448b-fa17-40ea-add5-a554c25834dd.jpg,https://a0.muscache.com/im/pictures/7f797eb1-03e2-4bc8-857b-3a9dee7b2ade.jpg,https://a0.muscache.com/im/pictures/6d208ddb-908e-418c-abc0-6bb9b2e7bba1.jpg,https://a0.muscache.com/im/pictures/777cf543-cd20-4382-b994-4a107bdbc847.jpg,https://a0.muscache.com/im/pictures/d6b17d15-fcae-4948-97c9-093e5949af41.jpg,https://a0.muscache.com/im/pictures/80795051-9a84-4582-9ce2-f024f69b1642.jpg,https://a0.muscache.com/im/pictures/727d39c6-8af0-4a52-9f4b-4c30b29720b9.jpg,https://a0.muscache.com/im/pictures/20ac3eb1-fd5a-461d-9b11-df3b9abaaf9e.jpg,https://a0.muscache.com/im/pictures/55deeea3-b8cb-4b08-97ff-eb1759d2ced8.jpg,https://a0.muscache.com/im/pictures/afc9f7c1-e8d7-4d9a-804f-94c6143f14e2.jpg,https://a0.muscache.com/im/pictures/4d7d44dc-c19a-4b54-a5cf-31e65e81d53a.jpg,https://a0.muscache.com/im/pictures/a92d2983-caec-477f-97fc-bca5f0d70c52.jpg,https://a0.muscache.com/im/pictures/7c376f21-087c-4c26-9189-c751244bf54f.jpg,https://a0.muscache.com/im/pictures/7725518d-20f5-4101-87b9-b47e1b53a02e.jpg,https://a0.muscache.com/im/pictures/94815aa4-3549-4a58-b67a-f41cdcb2666d.jpg",36920072,Ingibjörg,6103919,Björn,false,64.1451,-21.9253,2,,2,1.0,false,"Hair dryer,Hot water,Dryer,Essentials,Hangers,TV,Heating,Smoke alarm,Fire extinguisher,First aid kit,Wifi,Dedicated workspace,Kitchen,Refrigerator,Cooking basics,Dishes and silverware,Coffee maker,Hammock,Outdoor kitchen,Free parking on premises",,false,3,Moderate,,11:00 AM,false,true,ISK,0,0,true,227,4.77,4.8,4.9,4.5,4.8,5.0,4.7,56091.0,7168306.0,188.9,24139.1,0.808,0.826,153.7,19639.2,157.1,20079.3,3.0,4.0,295,8,70,365,11274.0,1434607.0,181.5,23097.1,0.689,0.756,125.3,15940.1,137.5,17495.2,3.0,3.0,62,8,28,90
14629805,Double/Twin room in amazing downtown location,,Private room in hostel,private_room,https://a0.muscache.com/im/pictures/b6a9439c-4dc4-45b1-a65f-8930be33eab2.jpg,16,,31682311,Aldís,"","",false,64.1486,-21.9473,2,1,2,3.5,false,"High chair,Wifi,Crib,Kitchen,Pack ’n play/Travel crib,Room-darkening shades,Hot water,Microwave,Coffee maker,Refrigerator,Dishwasher,Dishes and silverware,Heating,Cooking basics,Oven,Stove,Washer,Dryer,Smoke alarm,First aid kit,Fire extinguisher,Luggage dropoff allowed,Essentials,Long term stays allowed,Shampoo,Lock on bedroom door,Hangers,Hair dryer,Iron",,false,1,Firm,,,,,ISK,17,0,,206,4.7,4.9,4.9,4.8,4.8,4.9,4.8,6530.0,830936.0,220.4,28183.8,0.082,0.157,17.4,2217.3,33.3,4237.2,1.0,2.0,30,174,335,365,2106.0,267986.0,198.4,25244.9,0.111,0.12,22.6,2881.5,24.6,3124.5,1.0,2.0,10,7,80,90
14713932,Reykjavik City Centre Four Person Flat,"My place is close to the city centre.<br />Reykjavik City Centre flat, completely refurbished, sleeps up to four people.  Luxury finish, walk in shower, comfortable beds, near city centre, yet quiet residential location.<br /><br /><b>Guest access</b><br />Access to a common utility room which has a washing machine and an area to hang up laundry.<br /><br /><b>Other things to note</b><br />Short-Form Airbnb Lodging <br />Legal Notice – Basis of Stay<br /><br />This property is not offered as “heimagisting” under Iceland’s 2017 short-let rules (Law No. 23/2016 as amended). The property is occupied under a long-term residential lease lawfully assigned to Jonsson Investments Ltd.<br /><br />By booking, you become a temporary residential lodging sub-tenant under that long-term lease. Your stay is classified as private residential lodging only and is not tourist accommodation. No hotel-like or guesthouse services are provided.<br /><br /><b>Registration Details</b><br />HG-00002682",Entire rental unit,entire_home,https://a0.muscache.com/im/pictures/d59fdacc-0f18-4b37-9e90-9666d6ca3d67.jpg,13,"https://a0.muscache.com/im/pictures/d59fdacc-0f18-4b37-9e90-9666d6ca3d67.jpg,https://a0.muscache.com/im/pictures/ac5d3ba9-b66a-4079-9376-68baffb2e48e.jpg,https://a0.muscache.com/im/pictures/7d58895c-f84d-45f3-b8e2-a4eac95ab4e2.jpg,https://a0.muscache.com/im/pictures/029ee06e-21ab-4e90-835f-c233a55819f4.jpg,https://a0.muscache.com/im/pictures/a44064ca-0f6e-42be-8dc5-11b217b32974.jpg,https://a0.muscache.com/im/pictures/d60cd554-bae9-4a34-9a62-bb4b4b339a0c.jpg,https://a0.muscache.com/im/pictures/cb0d07c4-14f7-4b19-a9c5-a25e0b4273c2.jpg,https://a0.muscache.com/im/pictures/1af8f491-5981-4714-9567-c33870cab236.jpg,https://a0.muscache.com/im/pictures/7082cf23-0f90-467e-af92-7f497efea281.jpg,https://a0.muscache.com/im/pictures/72373575-25d9-4f22-bdef-b02fa18d333a.jpg,https://a0.muscache.com/im/pictures/be677129-7c7b-4d76-8757-993334fea542.jpg,https://a0.muscache.com/im/pictures/88770f0c-1acc-4eea-8486-03f95037107f.jpg,https://a0.muscache.com/im/pictures/9b3c6b0b-7508-46ef-ba69-ef863032f8e8.jpg",2551400,U,"","",false,64.1385,-21.9198,4,1,2,1.0,true,"Hair dryer,Shampoo,Hot water,Washer,Essentials,Hangers,Iron,TV,Crib,Pack ’n play/Travel crib,High chair,Heating,Smoke alarm,Carbon monoxide alarm,Fire extinguisher,First aid kit,Wifi,Dedicated workspace,Kitchen,Free parking on premises,Free street parking,Long term stays allowed",,false,2,Firm,3:00 PM,11:00 AM,false,false,ISK,94,0,true,240,4.77,4.8,4.9,4.8,4.9,4.9,4.7,48160.0,6148066.0,146.2,18689.1,0.751,0.778,110.8,14156.9,114.9,14679.7,2.0,2.6,274,13,91,365,8665.0,1102607.0,145.8,18555.7,0.556,0.649,83.7,10656.4,97.9,12455.5,2.0,3.3,50,13,40,90
14730235,Perfectly located and comfortable. Private parking,"Location is in a quiet neighbourhood downtown, 10 minutes walking distance to city center. It's a newly renovated, small and comfortable place with everything needed for a few days stay. Freestanding small house. Excellent for couples, people travelling alone, business trip. - Private parking.<br />Nearby: City center, airport-bus terminal, shopping, restaurants, bars, Harpa music hall, galleries, theaters, swimming pool, public transport.<br /><br />Registration number: HG-00004687<br /><br /><b>The space</b><br />A really cozy and clean little house in the garden.<br /><br /><b>Guest access</b><br />It's a guesthouse in the garden with private entry.<br /><br /><b>Other things to note</b><br />Registration number: HG-00004687<br /><br /><b>Registration Details</b><br />HG-00004687",Entire guesthouse,entire_home,https://a0.muscache.com/im/pictures/miso/Hosting-14730235/original/82220c6f-270c-40c2-875a-c24d8f497f05.jpeg,8,"https://a0.muscache.com/im/pictures/miso/Hosting-14730235/original/82220c6f-270c-40c2-875a-c24d8f497f05.jpeg,https://a0.muscache.com/im/pictures/miso/Hosting-14730235/original/0f924b08-cafa-4770-9c5c-d3ff1c9b6e3d.jpeg,https://a0.muscache.com/im/pictures/miso/Hosting-14730235/original/77112c7e-3633-447d-a9fe-a2919a5eaef9.jpeg,https://a0.muscache.com/im/pictures/miso/Hosting-14730235/original/6eeeb74e-035f-40ba-ba21-ea4a6c9d9416.jpeg,https://a0.muscache.com/im/pictures/miso/Hosting-14730235/original/51be86e4-fac8-4fe9-acf7-0c6b68525d18.jpeg,https://a0.muscache.com/im/pictures/miso/Hosting-14730235/original/63f4f977-ddbc-4faf-a41d-4e5b5edfd638.jpeg,https://a0.muscache.com/im/pictures/miso/Hosting-14730235/original/4a4f6ed7-f106-464b-b852-0f0e393121ba.jpeg,https://a0.muscache.com/im/pictures/miso/Hosting-14730235/original/a40b16ca-ada1-486b-8963-674ce72d5a1f.jpeg",15296049,Hildur,"","",true,64.1417,-21.9278,2,1,1,1.0,true,"Hair dryer,Cleaning products,Shampoo,Conditioner,Body soap,Hot water,Shower gel,Washer,Essentials,Hangers,Extra pillows and blankets,Iron,Drying rack for clothing,Clothing storage,Heating,Smoke alarm,Fire extinguisher,First aid kit,Wifi,Kitchen,Refrigerator,Cooking basics,Dishes and silverware,Mini fridge,Dishwasher,Stove,Oven,Hot water kettle,Coffee maker,Wine glasses,Dining table,Coffee,Private entrance,Free parking on premises,Free street parking",,false,2,Firm,,3:00 PM,true,false,ISK,76,0,true,207,4.92,4.9,5.0,4.9,5.0,5.0,4.8,22922.0,2917152.0,325.9,41593.1,0.296,0.296,59.7,7594.8,59.7,7594.8,2.0,7.2,108,0,257,365,0.0,0.0,510.0,64896.0,0.0,0.0,0.0,0.0,0.0,0.0,2.0,0.0,0,0,90,90
14851216,Large Modern Family House,"Our house is in the most popular neighborhood of Reykjavík, Vesturbær. A walk to downtown area is just 10-15 min and a wonderful walking path on the shoreline starts here. Also a short walk away: a swimming-pool, coffee-house, food-stores and friendly neighbours!<br /><br />24H check in.<br /><br />LG-REK-010881<br /><br /><b>The space</b><br />This is a spacious and family friendly house in the heart of Reykjavik.<br /><br />The Kitchen is fully equipped with all mod cons. A big refrigerator, dishwasher, a 5 hob gas cooker and a sink that has a garbage disposal system.<br /><br />The living area has a comfy couch and a flat screen TV.<br /><br />The house is on three floors. <br /><br />There are five bedrooms, a living room and three full bathrooms with showers.  There is a also an extra WC.<br /><br />The master bedroom has an en-suite bathroom as well as a large walk-in closet.<br /><br />The house comfortably sleeps 9 people.<br /><br /><b>Guest access</b><br />Wifi, TV, linens, towels, washing machine and dryer.<br /><br />A cot will be made available on request.",Entire home,entire_home,https://a0.muscache.com/im/pictures/miso/Hosting-14851216/original/390a1eaf-3f06-4ccf-b049-b35f877656fb.jpeg,46,"https://a0.muscache.com/im/pictures/miso/Hosting-14851216/original/390a1eaf-3f06-4ccf-b049-b35f877656fb.jpeg,https://a0.muscache.com/im/pictures/miso/Hosting-14851216/original/58a1cd9a-6ce0-4fcf-be9a-bac52f125028.jpeg,https://a0.muscache.com/im/pictures/miso/Hosting-14851216/original/89a558b0-d828-49e3-9ee7-aaa98a8c87a5.jpeg,https://a0.muscache.com/im/pictures/miso/Hosting-14851216/original/9e619dbf-560c-4a25-aece-b06430ee66cf.jpeg,https://a0.muscache.com/im/pictures/miso/Hosting-14851216/original/b88e94a4-7b79-44c3-b1ce-4a11435cc513.jpeg,https://a0.muscache.com/im/pictures/miso/Hosting-14851216/original/941b1b6b-58eb-48be-8add-a9ddc47dbd84.jpeg,https://a0.muscache.com/im/pictures/miso/Hosting-14851216/original/5134232d-7064-4d67-a38e-4bf54245b385.jpeg,https://a0.muscache.com/im/pictures/miso/Hosting-14851216/original/60b643e9-0d10-4113-9b75-a44ef9e8a5cf.jpeg,https://a0.muscache.com/im/pictures/miso/Hosting-14851216/original/aa5a2f2a-45c6-4246-88b5-0bf4779199e8.jpeg,https://a0.muscache.com/im/pictures/miso/Hosting-14851216/original/3d7e63e4-bb53-40f2-9b07-1e92782961d3.jpeg,https://a0.muscache.com/im/pictures/miso/Hosting-14851216/original/b3025187-536f-4a90-9cce-721b4b1b7919.jpeg,https://a0.muscache.com/im/pictures/miso/Hosting-14851216/original/cfb96084-1c6d-4627-be78-2bda91c6a5f1.jpeg,https://a0.muscache.com/im/pictures/miso/Hosting-14851216/original/3bf30bbc-3d77-4de5-b25f-6e29c542664b.jpeg,https://a0.muscache.com/im/pictures/miso/Hosting-14851216/original/11a9349c-9262-41bc-9a24-37d0556bf07c.jpeg,https://a0.muscache.com/im/pictures/miso/Hosting-14851216/original/ec81b260-ec22-4bf7-92bf-4e3a13d2c878.jpeg,https://a0.muscache.com/im/pictures/miso/Hosting-14851216/original/4c9a608d-9d8b-4bf3-b8e7-d332f8444a4e.jpeg,https://a0.muscache.com/im/pictures/miso/Hosting-14851216/original/01e1dd45-5494-44d4-ac67-4b7c61383a3f.jpeg,https://a0.muscache.com/im/pictures/miso/Hosting-14851216/original/d81f8cbf-bed3-44c1-ac83-223303388450.jpeg,https://a0.muscache.com/im/pictures/miso/Hosting-14851216/original/1322f9c3-f461-4a68-9a8b-d7c17319d87d.jpeg,https://a0.muscache.com/im/pictures/miso/Hosting-14851216/original/528d4731-912b-477c-86a9-990e1572a80d.jpeg,https://a0.muscache.com/im/pictures/miso/Hosting-14851216/original/427732bc-4f3d-4739-8500-31d5eb692fd6.jpeg,https://a0.muscache.com/im/pictures/miso/Hosting-14851216/original/d712562e-5ea2-4342-9e9f-f478d6474d35.jpeg,https://a0.muscache.com/im/pictures/miso/Hosting-14851216/original/4ba4e16d-6b56-4ad4-955a-7a71daf4bc6d.jpeg,https://a0.muscache.com/im/pictures/miso/Hosting-14851216/original/9a9dd26b-ca0e-4d28-92d1-2249c87aaf3b.jpeg,https://a0.muscache.com/im/pictures/miso/Hosting-14851216/original/9a1a844a-6527-4def-8b7f-1323386bb6e6.jpeg,https://a0.muscache.com/im/pictures/miso/Hosting-14851216/original/9a2430e4-35b7-45bb-ad36-ede05d68030c.jpeg,https://a0.muscache.com/im/pictures/miso/Hosting-14851216/original/54ebb08f-499f-43bc-ad82-d7250c43ceaf.jpeg,https://a0.muscache.com/im/pictures/miso/Hosting-14851216/original/5aebfa7c-214b-4455-a068-d35a1fab5de8.jpeg,https://a0.muscache.com/im/pictures/miso/Hosting-14851216/original/70b3e5d4-957d-407b-a467-5d6928d27052.jpeg,https://a0.muscache.com/im/pictures/miso/Hosting-14851216/original/27eca383-f765-43d2-87e8-b9eed9f574fc.jpeg,https://a0.muscache.com/im/pictures/miso/Hosting-14851216/original/eec65c84-7bd7-430e-9a79-b21956fbbc2d.jpeg,https://a0.muscache.com/im/pictures/miso/Hosting-14851216/original/7a451723-9bea-4c7d-ac3f-9d5795653497.jpeg,https://a0.muscache.com/im/pictures/miso/Hosting-14851216/original/340bc830-00a1-427c-90cd-20a575db015b.jpeg,https://a0.muscache.com/im/pictures/miso/Hosting-14851216/original/f1c2dd98-7df0-42ae-b6b9-53541217fcae.jpeg,https://a0.muscache.com/im/pictures/miso/Hosting-14851216/original/7bb52685-d631-4ebc-9e00-1a4c2360abb7.jpeg,https://a0.muscache.com/im/pictures/miso/Hosting-14851216/original/96f1e8b2-c09e-424c-b2fd-a6b31109ae4b.jpeg,https://a0.muscache.com/im/pictures/miso/Hosting-14851216/original/3952a59a-92d1-4c73-af31-ab7c9ffbc9f5.jpeg,https://a0.muscache.com/im/pictures/miso/Hosting-14851216/original/9c15f323-a63a-447a-9f84-c2d9a74665d7.jpeg,https://a0.muscache.com/im/pictures/miso/Hosting-14851216/original/c56ed02e-16a8-4931-bb10-39a75efe1097.jpeg,https://a0.muscache.com/im/pictures/miso/Hosting-14851216/original/84a61d03-548d-42af-aff1-073beaf626fb.jpeg,https://a0.muscache.com/im/pictures/miso/Hosting-14851216/original/1f59a8ba-5c77-4460-8efa-642950efd05a.jpeg,https://a0.muscache.com/im/pictures/miso/Hosting-14851216/original/912ebe3c-7311-4408-a687-15c2b1e8b65e.jpeg,https://a0.muscache.com/im/pictures/miso/Hosting-14851216/original/59e8c1a7-3ff8-4c2a-bbb9-a9c2a452fac8.jpeg,https://a0.muscache.com/im/pictures/miso/Hosting-14851216/original/00b1c461-0fb7-483b-8bad-f24e8f8f8344.jpeg,https://a0.muscache.com/im/pictures/miso/Hosting-14851216/original/b3287e25-9b48-4153-9756-5709819d2a1d.jpeg,https://a0.muscache.com/im/pictures/miso/Hosting-14851216/original/26669153-fc5e-4d32-83e0-fecd561dbb19.jpeg",448400369,Greenkey,22166396,Davíð,false,64.1433,-21.9579,9,5,6,3.5,false,"Hair dryer,Shampoo,Hot water,Washer,Dryer,Essentials,Hangers,Bed linens,Extra pillows and blankets,Iron,Ethernet connection,TV,Pack ’n play/Travel crib,High chair,Heating,Smoke alarm,Fire extinguisher,First aid kit,Wifi,Kitchen,Private entrance,Free parking on premises",,false,3,Firm,4:00 PM,10:00 AM,false,false,ISK,116,0,true,160,4.79,4.8,4.8,4.6,4.9,4.8,4.7,152413.0,1.9504036E7,757.4,96877.8,0.526,0.604,406.4,52020.3,466.5,59708.8,3.0,4.7,192,47,173,365,24096.0,3066212.0,659.3,83900.1,0.378,0.43,257.4,32756.9,293.3,37318.0,3.0,3.4,34,11,56,90
14895478,"Spacious 4BR, Downtown Reykjavik With Free Parking",,Entire rental unit,entire_home,https://a0.muscache.com/im/pictures/097145ba-df1d-41da-9641-cc839834acff.jpg,19,,16577000,Runar,"","",false,64.1419,-21.9109,11,4,8,1.5,true,"Hair dryer,Cleaning products,Hot water,Washer,Dryer,Essentials,Hangers,Bed linens,Extra pillows and blankets,Room-darkening shades,Iron,Drying rack for clothing,Clothing storage,Ethernet connection,TV,Sound system,Books and reading material,Crib,Pack ’n play/Travel crib,Children’s books and toys,High chair,Children’s dinnerware,Fireplace guards,Board games,Indoor fireplace,Heating,Smoke alarm,Carbon monoxide alarm,Fire extinguisher,Wifi,Dedicated workspace,Kitchen,Refrigerator,Microwave,Cooking basics,Dishes and silverware,Dishwasher,Stove,Oven,Hot water kettle,Coffee maker,Wine glasses,Toaster,Dining table,Patio or balcony,Free parking on premises,Free street parking,Long term stays allowed",,false,2,Firm,,,,,ISK,162,0,true,398,4.87,4.9,5.0,4.7,5.0,4.9,4.8,132853.0,1.6977722E7,484.6,61925.3,0.699,0.763,332.9,42560.9,363.8,46511.2,2.0,2.9,255,31,110,365,20858.0,2654171.0,481.9,61317.4,0.456,0.695,213.8,27200.3,326.1,41492.1,2.0,3.7,41,31,49,90
14950296,Cozy Apartment in Reykjavik! Free Parking,"This cozy and bright apartment is ideal for 2 persons. It's located in a lovely neighbourhood, only 15 minutes drive to downtown Reykjavík. There is a private parking space out in front and also a bus stop nearby. Located in the same building is a great supermarket called Nettó. In the area you will find a public swimming pool and great supermarket. My apartment has a FREE WIFI.<br /><br /><b>The space</b><br />My apartment is really cosy and comfortable, and you will love it there.<br /><br /><b>Guest access</b><br />There is a washing machine located in the bathroom and a dishwasher located in the kitchen. Guest have also access to free WIFI.<br /><br /><b>Other things to note</b><br />Take good care of my apartment and treat it like it's yours.<br /><br /><b>Registration Details</b><br />LG-REK-011282",Entire rental unit,entire_home,https://a0.muscache.com/im/pictures/d460101e-fc47-4163-8054-3c756add5aea.jpg,58,"https://a0.muscache.com/im/pictures/d460101e-fc47-4163-8054-3c756add5aea.jpg,https://a0.muscache.com/im/pictures/airflow/Hosting-14950296/original/1fd18512-3637-4025-864a-9db71f6df46f.jpg,https://a0.muscache.com/im/pictures/airflow/Hosting-14950296/original/a925751c-c229-477e-996f-173d84b0f9d7.jpg,https://a0.muscache.com/im/pictures/airflow/Hosting-14950296/original/194f74e6-3283-47e4-970a-ed89fee5062a.jpg,https://a0.muscache.com/im/pictures/f521e50f-696b-4266-a974-95478d56c5bb.jpg,https://a0.muscache.com/im/pictures/70666d9c-4a81-4345-9cf5-87ce98b7db11.jpg,https://a0.muscache.com/im/pictures/bb6413cf-912d-4bc1-9918-126b17d0074f.jpg,https://a0.muscache.com/im/pictures/83b3d491-b894-44ae-859a-d2d0bd236e85.jpg,https://a0.muscache.com/im/pictures/airflow/Hosting-14950296/original/44873c89-f40c-497f-bdc9-3a71c0bc7f50.jpg,https://a0.muscache.com/im/pictures/airflow/Hosting-14950296/original/5e619feb-9196-4d5a-a062-c977553c9514.jpg,https://a0.muscache.com/im/pictures/airflow/Hosting-14950296/original/8a6c20d8-c89d-40a1-898b-003bdbb52499.jpg,https://a0.muscache.com/im/pictures/airflow/Hosting-14950296/original/cb93ec8e-8403-460f-9a68-a2623e068154.jpg,https://a0.muscache.com/im/pictures/airflow/Hosting-14950296/original/4f6a0c07-2f1d-4ccb-947a-7b98973c2ab0.jpg,https://a0.muscache.com/im/pictures/airflow/Hosting-14950296/original/cc1cdb62-72f4-4dff-8ab5-40f2e33f6b73.jpg,https://a0.muscache.com/im/pictures/airflow/Hosting-14950296/original/83bcbf5d-b1d1-4605-b90e-1b9c88df6d36.jpg,https://a0.muscache.com/im/pictures/airflow/Hosting-14950296/original/10cf12b7-c617-461d-bf42-27ef7df46a07.jpg,https://a0.muscache.com/im/pictures/airflow/Hosting-14950296/original/8b4b117f-5e4f-440c-90f5-50d4a136d746.jpg,https://a0.muscache.com/im/pictures/airflow/Hosting-14950296/original/3e8476fa-676d-4690-8f3f-35c9ec8ac7b1.jpg,https://a0.muscache.com/im/pictures/airflow/Hosting-14950296/original/1ea70b22-1657-4af5-8d90-36afa602f370.jpg,https://a0.muscache.com/im/pictures/airflow/Hosting-14950296/original/ba676fd7-8a53-47d6-95a6-fa4a8f900096.jpg,https://a0.muscache.com/im/pictures/airflow/Hosting-14950296/original/10ac1bcd-1aff-44f9-8ed9-37f3d160cef5.jpg,https://a0.muscache.com/im/pictures/airflow/Hosting-14950296/original/2f393ec0-e56c-46d4-ae9f-d8add68db174.jpg,https://a0.muscache.com/im/pictures/d3524e44-55b6-430a-aefa-eb559dbf4c87.jpg,https://a0.muscache.com/im/pictures/airflow/Hosting-14950296/original/339c686e-9494-4940-bfcd-5c16c9bf7c08.jpg,https://a0.muscache.com/im/pictures/c61aca28-dd76-40e8-898d-df2fea0e45fe.jpg,https://a0.muscache.com/im/pictures/airflow/Hosting-14950296/original/1b92b129-3aa2-4832-bc72-7c99f8142e35.jpg,https://a0.muscache.com/im/pictures/airflow/Hosting-14950296/original/89d8fdf7-4565-4d57-9b33-4f0ef4fdd12a.jpg,https://a0.muscache.com/im/pictures/airflow/Hosting-14950296/original/9d657fe0-b290-47ca-a1ee-07a6441f52ea.jpg,https://a0.muscache.com/im/pictures/bbdc93f8-eb72-4dd6-8b20-344baf708ea3.jpg,https://a0.muscache.com/im/pictures/airflow/Hosting-14950296/original/e9b3b104-be3e-46ec-b789-2dc55103f906.jpg,https://a0.muscache.com/im/pictures/airflow/Hosting-14950296/original/eb1a323e-defc-4737-954f-7813bef69288.jpg,https://a0.muscache.com/im/pictures/airflow/Hosting-14950296/original/52a18dd5-64c4-4936-884f-754d97375b82.jpg,https://a0.muscache.com/im/pictures/f651dd15-c88a-455e-9217-806e27392dff.jpg,https://a0.muscache.com/im/pictures/4e41e147-e269-49ca-8086-d81043711cee.jpg,https://a0.muscache.com/im/pictures/327d5e37-0aa8-466a-8f3e-838a32da4be4.jpg,https://a0.muscache.com/im/pictures/airflow/Hosting-14950296/original/e926db3e-28f1-4795-8602-a581f1ffe516.jpg,https://a0.muscache.com/im/pictures/airflow/Hosting-14950296/original/d9b02324-6915-4e08-b85d-638881f323c3.jpg,https://a0.muscache.com/im/pictures/airflow/Hosting-14950296/original/3ef9c68c-98aa-4a6a-8b5d-81ef94b0fa2f.jpg,https://a0.muscache.com/im/pictures/airflow/Hosting-14950296/original/8de18cd9-d12a-4ad4-aaed-3a23d7d408fa.jpg,https://a0.muscache.com/im/pictures/015c6ddb-607f-4b8f-8b9e-2aa5d815ad8f.jpg,https://a0.muscache.com/im/pictures/3a9fce97-1fd5-423a-ac3a-f51eaddf91a5.jpg,https://a0.muscache.com/im/pictures/491258ff-563a-45bd-a560-13e02f52b718.jpg,https://a0.muscache.com/im/pictures/f66950b9-eab2-4a9b-a16a-9fc99b4ac5a4.jpg,https://a0.muscache.com/im/pictures/09fd7e41-9e34-49cd-bb8c-87104a0968b5.jpg,https://a0.muscache.com/im/pictures/e3c7577d-3eb8-4dd5-98ff-b146961b41f9.jpg,https://a0.muscache.com/im/pictures/14511203-d316-4a03-b22b-67ae9e756b81.jpg,https://a0.muscache.com/im/pictures/80f6fb16-325b-4011-9c87-53d51b92ae2a.jpg,https://a0.muscache.com/im/pictures/224dfab7-642c-43d2-a8bc-4d8a1a55ffd9.jpg,https://a0.muscache.com/im/pictures/9cb115a4-e312-4caa-82bd-cec7540ff67f.jpg,https://a0.muscache.com/im/pictures/d8e06529-cd47-484a-8df8-15bd0a475504.jpg,https://a0.muscache.com/im/pictures/de22d512-948f-4c3e-9639-436b9517270e.jpg,https://a0.muscache.com/im/pictures/abb3caed-80b6-499a-a08e-67c2d94311d1.jpg,https://a0.muscache.com/im/pictures/5668eaaa-4af8-43cb-a22c-2a93b356b361.jpg,https://a0.muscache.com/im/pictures/41556dd9-a6da-4c9e-ac5e-baed8d9954c7.jpg,https://a0.muscache.com/im/pictures/354ea656-2a61-4a9a-8843-21907f6de55b.jpg,https://a0.muscache.com/im/pictures/81519a68-8fe9-4915-84fe-ca81572aa357.jpg,https://a0.muscache.com/im/pictures/de625370-0982-4f06-bc46-1879a579a18a.jpg,https://a0.muscache.com/im/pictures/c982f0b7-febb-4822-8850-3a6f41e30b68.jpg",91841977,Magnus,"","",false,64.1003,-21.8296,2,1,2,1.0,true,"Hair dryer,Hot water,Washer,Essentials,Hangers,TV,Heating,Smoke alarm,Carbon monoxide alarm,Fire extinguisher,Wifi,Kitchen,Refrigerator,Microwave,Cooking basics,Dishes and silverware,Mini fridge,Freezer,Dishwasher,Stove,Oven,Hot water kettle,Coffee maker,Wine glasses,Toaster,Baking sheet,Trash compactor,Coffee,Free parking on premises,Long term stays allowed",,false,4,Strict,3:00 PM,11:00 AM,true,false,ISK,50,0,true,579,4.9,5.0,5.0,4.9,5.0,4.7,4.8,37201.0,4750263.0,115.7,14784.4,0.8,0.8,92.9,11864.0,92.9,11864.0,4.0,4.2,292,0,73,365,8417.0,1071043.0,120.0,15274.1,0.7,0.7,85.7,10910.8,85.7,10910.8,4.0,4.5,63,0,27,90
14958349,Central and bright apartment with sea view,"A spacious and stylish apartment  with an exceptional view to the sea and mountains. Located at the waterfront in the heart of downtown Reykjavík, it is perfect for couples, adventurers or business travellers looking for a comfortable and grand base in the city. Close to all that downtown Reykjavík has to offer and to the main pickup points for excursions.<br /><br /><b>The space</b><br />A one bedroom apartment with panoramic floor-to-ceiling windows facing the Reykjavík bay. The living room/main area, which is a loft style open space with a kitchen, has direct view to the landmark \"the Sun Voyager\". The bedroom has a king size bed with the same view. <br /><br />There is a possibility for the accommodation of extra guests and children of all ages, with the provision of single fold out beds that can be placed in the main area / living room. A crib can also be arranged on request. <br /><br />The apartment is fully equipped with everything you might need including a Nespresso machine. Plus high speed internet, a fully equipped kitchen and underfloor heating.<br /><br /><b>Guest access</b><br />The place is entirely for you.<br /><br /><b>Other things to note</b><br />The apartment is licensed for short term rental by the city of Reykjavík.<br /><br />Please note that in the summer the sun never sets in Iceland and while the bedroom has blackout curtains it doesn't become pitch black.<br /><br /><b>Registration Details</b><br />HG-00000617",Entire rental unit,entire_home,https://a0.muscache.com/im/pictures/61619dd7-51d4-4d14-a862-70a9a9284964.jpg,36,"https://a0.muscache.com/im/pictures/61619dd7-51d4-4d14-a862-70a9a9284964.jpg,https://a0.muscache.com/im/pictures/4ec77a99-b672-4b7a-96c6-7c9d7f7ba3ae.jpg,https://a0.muscache.com/im/pictures/f4ced263-7ccf-41c0-8007-3991869f5a17.jpg,https://a0.muscache.com/im/pictures/0728ce9b-d468-40a8-bd11-e62045ec63ee.jpg,https://a0.muscache.com/im/pictures/394dc3d5-0c4e-4bba-8127-e96d68ee1ce7.jpg,https://a0.muscache.com/im/pictures/fb8e7d1e-84b3-4e36-884f-4562480d58d3.jpg,https://a0.muscache.com/im/pictures/ffeeba90-12cf-47be-8e22-5027bb009677.jpg,https://a0.muscache.com/im/pictures/735206e4-e8d4-46eb-ac56-711948a4c2e2.jpg,https://a0.muscache.com/im/pictures/696876fb-c83b-4082-af58-2368fbf2c00d.jpg,https://a0.muscache.com/im/pictures/13937e83-b5a9-418c-a261-a11301331d3e.jpg,https://a0.muscache.com/im/pictures/b929cc02-1436-4d24-bf53-20a71ee51ab7.jpg,https://a0.muscache.com/im/pictures/5447c33b-68d0-4e27-8742-cd09d0b7053e.jpg,https://a0.muscache.com/im/pictures/8cbce287-aae3-44b7-b522-8be813dd32be.jpg,https://a0.muscache.com/im/pictures/f51a8eff-ea6e-4edf-a2db-7bb21ee650b1.jpg,https://a0.muscache.com/im/pictures/1c976a20-bde0-4f12-8070-7678fa89b9c6.jpg,https://a0.muscache.com/im/pictures/fcdeac2e-741e-41f9-a03f-7c2466412fbc.jpg,https://a0.muscache.com/im/pictures/2375081f-21df-46ff-9fdc-904484c4991a.jpg,https://a0.muscache.com/im/pictures/1caac1e9-53ba-4b7a-8d3f-2f67375411e9.jpg,https://a0.muscache.com/im/pictures/78f12cda-f892-48d5-b7d5-9df001754dea.jpg,https://a0.muscache.com/im/pictures/b48cdb6f-1412-4a39-b905-ad37a5aa03e2.jpg,https://a0.muscache.com/im/pictures/acfe1ae4-a726-42c2-92c5-44ea6482f1aa.jpg,https://a0.muscache.com/im/pictures/3cf11edc-8b81-434e-8673-08b25da320f6.jpg,https://a0.muscache.com/im/pictures/6dadec1e-d57d-4382-8566-62860b5b7e92.jpg,https://a0.muscache.com/im/pictures/adfbd865-6755-4cfa-889d-299595567c16.jpg,https://a0.muscache.com/im/pictures/ec016817-a30a-4b82-a98e-957bde816a4d.jpg,https://a0.muscache.com/im/pictures/ae19d04c-e19f-497a-bd59-e3cc5da01c11.jpg,https://a0.muscache.com/im/pictures/30fdb6da-1846-4178-8f46-9953ecc1b465.jpg,https://a0.muscache.com/im/pictures/fc38ada8-3093-438a-bcc1-e77a82f76a5b.jpg,https://a0.muscache.com/im/pictures/2c9e324b-7a4f-4111-b2fd-b77a6927f6a0.jpg,https://a0.muscache.com/im/pictures/414b641c-940d-426d-88c5-2a8bcf9ba21f.jpg,https://a0.muscache.com/im/pictures/d8eb941a-ff55-4574-9878-da6f8e08cfb6.jpg,https://a0.muscache.com/im/pictures/32ebbfbc-2f97-4c16-805b-293c3ba20f2c.jpg,https://a0.muscache.com/im/pictures/1e10aefc-4e14-4846-82d2-bc7502e756d6.jpg,https://a0.muscache.com/im/pictures/7fafd6ca-b09b-4b9d-b1f2-813e29473cef.jpg,https://a0.muscache.com/im/pictures/6c2787cc-3c84-4289-9648-bd749e40ff7b.jpg,https://a0.muscache.com/im/pictures/e3cd75d7-a26e-434f-915d-ee695df2f9e7.jpg",4842801,Egill,16737533,Rebeca,false,64.1473,-21.9234,2,1,2,1.0,true,"Bathtub,Hair dryer,Shampoo,Hot water,Shower gel,Washer,Essentials,Hangers,Room-darkening shades,Iron,TV,Sound system,Crib,High chair,Heating,Smoke alarm,Fire extinguisher,First aid kit,Wifi,Kitchen,Refrigerator,Microwave,Cooking basics,Dishes and silverware,Freezer,Dishwasher,Stove,Oven,Coffee maker,Waterfront,Private entrance,Patio or balcony,Free parking on premises,Free street parking,Elevator,Single level home",,false,5,Firm,,12:00 PM,true,true,ISK,55,0,true,104,4.97,5.0,5.0,5.0,4.9,5.0,4.9,10821.0,1417733.0,217.1,27850.8,0.132,0.132,28.9,3788.3,28.9,3788.3,5.0,8.0,48,0,317,365,0.0,0.0,0.0,0.0,0.0,0.0,0.0,0.0,0.0,0.0,5.0,0.0,0,0,90,90
15125610,"Comfortable apartment, 2 rooms, Reykjavik Centre",,Entire rental unit,entire_home,https://a0.muscache.com/im/pictures/16fa2f0f-6d20-4b6d-aa00-60f3ff2ac21e.jpg,23,,54351415,Hannes,"","",false,64.1431,-21.9453,4,1,2,1.0,true,"TV,Wifi,Lake access,Kitchen,Hot water,Microwave,Coffee maker,Refrigerator,Fire pit,Dishes and silverware,Heating,Cooking basics,Oven,Stove,Washer,Dryer,Patio or balcony,First aid kit,Fire extinguisher,Luggage dropoff allowed,Essentials,Long term stays allowed,Shampoo,Lock on bedroom door,Hangers,Hair dryer,Dedicated workspace",false,false,7,Flexible,,,,,ISK,45,0,,77,4.65,4.7,4.9,4.5,4.8,4.8,4.6,13230.0,1697479.0,174.7,22345.1,0.192,0.598,35.5,4556.5,110.8,14214.7,6.9,11.7,70,248,295,365,0.0,0.0,154.0,19596.2,0.0,0.0,0.0,0.0,0.0,0.0,7.0,0.0,0,90,90,90
15162320,Beautiful apartment very near central Reykjavik,,Entire rental unit,entire_home,https://a0.muscache.com/im/pictures/miso/Hosting-15162320/original/108dd0db-5cf8-4048-a260-58ccc0f01c2c.jpeg,36,,81106433,Tinna,11879635,Atli Rafn,false,64.1507,-21.8752,5,3,3,1.0,true,"Bathtub,Hair dryer,Cleaning products,Body soap,Hot water,Washer,Dryer,Essentials,Hangers,Bed linens,Extra pillows and blankets,Room-darkening shades,Iron,Drying rack for clothing,Clothing storage,Ethernet connection,TV,Piano,Sound system,Books and reading material,Children’s books and toys,High chair,Children’s dinnerware,Window guards,Board games,Children's playroom,Heating,Smoke alarm,Fire extinguisher,Wifi,Kitchen,Refrigerator,Cooking basics,Dishes and silverware,Freezer,Dishwasher,Stove,Oven,Hot water kettle,Coffee maker,Wine glasses,Toaster,Baking sheet,Blender,Trash compactor,Barbecue utensils,Dining table,Coffee,Patio or balcony,Backyard,Outdoor furniture,Outdoor dining area,BBQ grill,Free parking on premises,Free street parking,Single level home,Pets allowed,Luggage dropoff allowed,Long term stays allowed",,false,4,Firm,,,,,ISK,100,0,,18,5.0,4.9,5.0,4.9,5.0,4.8,4.9,10011.0,1273895.0,280.1,35817.6,0.101,0.569,27.2,3455.3,152.5,19402.6,4.0,37.0,37,300,328,365,0.0,0.0,323.2,41125.7,0.0,0.0,0.0,0.0,0.0,0.0,4.0,0.0,0,90,90,90
15422470,Big 3BR on Main Street with Free Parking,"Discover a spacious downtown Reykjavik apartment, 3 bedrooms for 7 guests. Private parking space. Enjoy a full kitchen, cozy den, and private balcony. Local host tips for exploring. Walk to Hallgrímskirkja, shops, and nightlife. Big Smart TV, comfy couch, and artful touches inside. Contact for local insights and nearby transport options. Treat it like your own— but no parties please :)<br /><br /><b>The space</b><br />You can't beat the location of this fantastic property which is situated right off the main street in central Reykjavik. All major attractions, shops and nightlife are within walking distance. The famous church (Hallgrimskirkja) is 2 minutes walk and your closest supermarket (bonus) is right on the corner (30 seconds walk!)<br /><br />If you are renting a car then this apartment is one of the few in town that comes with its own private parking space. Parking in Reykjavik can be difficult, especially during the high season, so your own guaranteed parking spot is very convenient.<br /><br />This spacious 110 square metre apartment has three comfortable bedrooms and a private balcony. Two rooms have king-size beds and a smart TV, and bedroom number 3 has a queen bed. All linens are 100% cotton and each room has black out blinds and blackout curtains ( a strong combination to ensure a restful nights sleep during the bright, summer months)<br /><br />A crib is available upon request.<br /><br />The living area offers the perfect space to unwind with friends and family. My pride and joy is the sofa, which is very comfortable, and big enough for everyone to enjoy. A perfect spot to relax after a long days travel. (If a seventh guest would like to stay they are welcome to stay on the sofa. You are required to notify us of the extra guest and we will provide linen/extra pillows)<br /><br />This living space also boasts a 65\" smart TV and surround sound. Prime and Netflix are logged in and ready for you to enjoy.<br /><br />The kitchen, dining room and living room are open plan, with ample space. So you can cook, talk, and enjoy the space together.<br /><br />Essentials such as toilet paper, shampoo and body wash are provided to save you a morning shop trip.<br /><br />If you are looking for a spot that is comfortable, convenient, big enough for all your group, and walkable to all parts of town then this is your place.<br /><br />Let me know if you have any questions!",Entire rental unit,entire_home,https://a0.muscache.com/im/pictures/prohost-api/Hosting-15422470/original/e9a4aec5-27d4-4af9-88f4-c808de0174f6.jpeg,16,"https://a0.muscache.com/im/pictures/prohost-api/Hosting-15422470/original/e9a4aec5-27d4-4af9-88f4-c808de0174f6.jpeg,https://a0.muscache.com/im/pictures/prohost-api/Hosting-15422470/original/243b6c63-0beb-4c90-88a1-50d1bbf744de.jpeg,https://a0.muscache.com/im/pictures/prohost-api/Hosting-15422470/original/3db1228b-da9a-46f8-82e3-9aaace42bef9.jpeg,https://a0.muscache.com/im/pictures/prohost-api/Hosting-15422470/original/5d1af82d-1f57-41d8-b5f9-4c335526d29c.jpeg,https://a0.muscache.com/im/pictures/prohost-api/Hosting-15422470/original/3572f8b0-74a8-45c7-bd8c-24f5fffdbfb9.jpeg,https://a0.muscache.com/im/pictures/prohost-api/Hosting-15422470/original/e8248dee-879f-4851-ae8c-437117119226.jpeg,https://a0.muscache.com/im/pictures/prohost-api/Hosting-15422470/original/adc23e3f-fc49-401d-a7a3-fa38de370143.jpeg,https://a0.muscache.com/im/pictures/prohost-api/Hosting-15422470/original/86022b30-6401-4b88-8bd4-17e952e4ece0.jpeg,https://a0.muscache.com/im/pictures/prohost-api/Hosting-15422470/original/87dbd524-b7e1-4cf9-9524-80c8456b19fe.jpeg,https://a0.muscache.com/im/pictures/prohost-api/Hosting-15422470/original/32e8e6d7-e257-4696-8985-18c333418e5c.jpeg,https://a0.muscache.com/im/pictures/prohost-api/Hosting-15422470/original/de249e99-a280-49e6-93f9-7a15d59e86d7.jpeg,https://a0.muscache.com/im/pictures/prohost-api/Hosting-15422470/original/08ba4c0e-5001-4535-aa17-92b371724789.jpeg,https://a0.muscache.com/im/pictures/prohost-api/Hosting-15422470/original/435992d7-0373-44b5-ba01-9666798a7fde.jpeg,https://a0.muscache.com/im/pictures/prohost-api/Hosting-15422470/original/246729ae-34bc-4b28-a729-b6b43288f4cd.jpeg,https://a0.muscache.com/im/pictures/prohost-api/Hosting-15422470/original/2d57c16f-af52-4aac-b3ff-1568cd8e06ff.jpeg,https://a0.muscache.com/im/pictures/prohost-api/Hosting-15422470/original/7fc3f404-cfe6-4e2b-816f-043bf1d422a3.jpeg",1764759,Freddie,157202452,Pablo,true,64.1450,-21.9201,7,3,4,1.0,false,"TV,Wifi,Hair dryer,Shampoo,Hot water,Washer,Dryer,Essentials,Hangers,Bed linens,Extra pillows and blankets,Room-darkening shades,Iron,Clothing storage,Ethernet connection,TV,Sound system,Game console,Crib,Children’s books and toys,High chair,Children’s dinnerware,Window guards,Babysitter recommendations,Heating,Heating,Heating,Smoke alarm,Carbon monoxide alarm,Fire extinguisher,First aid kit,Wifi,Dedicated workspace,Kitchen,Refrigerator,Microwave,Cooking basics,Dishes and silverware,Freezer,Dishwasher,Stove,Oven,Coffee maker,Wine glasses,Toaster,Dining table,Patio or balcony,Free parking on premises,Free street parking,Paid parking off premises,Long term stays allowed",,true,1,Super Strict 60 Days,4:00 PM,11:00 AM,true,false,ISK,141,0,true,500,4.74,4.8,4.8,4.6,4.9,5.0,4.7,153560.0,1.9606674E7,482.3,61596.1,0.803,0.803,392.9,50177.7,392.9,50177.7,1.0,2.3,293,0,72,365,33040.0,4204328.0,414.0,52678.6,0.8,0.8,342.0,43525.1,342.0,43525.1,1.0,2.6,72,0,18,90
15434905,Art Collectors Downtown apartment by Parliam. Sq,"With 2 private underground parkings and an elevator, this downtown apartment is located in the very heart of the city, within a walking distance from all major attractions as well as restaurants, coffee houses etc. Right outside the living room window, from the balcony is the Reykjavik cathedral and the Parliament building. With Art covering every wall, the location, the ambiance and the neighbourhood you cannot help but have a great stay!",Entire condo,entire_home,https://a0.muscache.com/im/pictures/d9a7b34a-ef7d-44d3-af35-6f688fd8840b.jpg,28,"https://a0.muscache.com/im/pictures/d9a7b34a-ef7d-44d3-af35-6f688fd8840b.jpg,https://a0.muscache.com/im/pictures/380173d0-b468-4ec4-9827-389262a6b5ff.jpg,https://a0.muscache.com/im/pictures/89ac2d5d-5d4f-4776-91f0-396783a785b8.jpg,https://a0.muscache.com/im/pictures/b3e30913-3b5b-43e2-86bd-6caa038f63c1.jpg,https://a0.muscache.com/im/pictures/775716d1-14bc-4b09-b6b3-bee26f44c13a.jpg,https://a0.muscache.com/im/pictures/de7a0d9f-b350-493a-950e-dcb3baa3661b.jpg,https://a0.muscache.com/im/pictures/6590ab68-6c7f-4996-a90a-82f7882bffe6.jpg,https://a0.muscache.com/im/pictures/c55ccc28-57fe-48fe-93d8-bb425b784dbc.jpg,https://a0.muscache.com/im/pictures/c2117770-9c0e-4b01-a57e-263c03d2128c.jpg,https://a0.muscache.com/im/pictures/72f31b24-9e35-4372-abe3-1c86d7f726b9.jpg,https://a0.muscache.com/im/pictures/6b58d7ce-9a6d-4d29-84ec-0988a89157ad.jpg,https://a0.muscache.com/im/pictures/0c8b2226-2cbe-4c47-b047-79f3003081e3.jpg,https://a0.muscache.com/im/pictures/25d54d78-d39e-4a02-83af-012729f0c8c1.jpg,https://a0.muscache.com/im/pictures/41dda545-75ab-415b-9862-d9b3740bdd19.jpg,https://a0.muscache.com/im/pictures/afb77849-8328-4324-93f1-364f3870221d.jpg,https://a0.muscache.com/im/pictures/0979f351-1241-46a8-ae99-0fe09a3d017d.jpg,https://a0.muscache.com/im/pictures/e0ddb75d-3ee3-4fbe-b074-b0b4d7149c4f.jpg,https://a0.muscache.com/im/pictures/aaae4432-5bc6-4756-a393-82b4138232a8.jpg,https://a0.muscache.com/im/pictures/64c67a5b-f6e9-4c3c-b688-3a761e55ee01.jpg,https://a0.muscache.com/im/pictures/87889ff0-e1d3-4e66-b2f7-3a561b2d6793.jpg,https://a0.muscache.com/im/pictures/1ba74f33-2638-441b-860a-6c1863271c4f.jpg,https://a0.muscache.com/im/pictures/7a7086d3-776a-47ae-8c48-983cf510283e.jpg,https://a0.muscache.com/im/pictures/c185b0d9-3d9c-4bb8-96af-f92783512e43.jpg,https://a0.muscache.com/im/pictures/b9bf4803-97c3-416e-91aa-d28eb9157476.jpg,https://a0.muscache.com/im/pictures/a287c43f-a2d7-468e-bd5c-a5806dc6b7f8.jpg,https://a0.muscache.com/im/pictures/7d4a4cf4-3625-44b9-b756-21f419fd29c8.jpg,https://a0.muscache.com/im/pictures/5cc7e596-9b40-483a-8cab-87d1582e8ebb.jpg,https://a0.muscache.com/im/pictures/c9595f3c-4b70-4c40-9c75-c0d2ccb4a258.jpg",225433778,Jenný,"7351939,36597762","Signy,Sigyn",false,64.1467,-21.9386,8,4,6,3.0,false,"Hair dryer,Cleaning products,Shampoo,Conditioner,Body soap,Hot water,Shower gel,Washer,Dryer,Essentials,Hangers,Bed linens,Extra pillows and blankets,Room-darkening shades,Iron,Clothing storage,TV,Crib,Pack ’n play/Travel crib,High chair,Heating,Smoke alarm,Fire extinguisher,First aid kit,Wifi,Kitchen,Refrigerator,Microwave,Cooking basics,Dishes and silverware,Freezer,Dishwasher,Stove,Oven,Hot water kettle,Coffee maker,Wine glasses,Toaster,Baking sheet,Dining table,Patio or balcony,Outdoor furniture,Free parking on premises,Free street parking,Elevator,Paid parking on premises,Long term stays allowed",,false,2,Firm,3:00 PM,11:00 AM,true,true,ISK,407,0,true,298,4.95,5.0,4.8,4.9,4.9,5.0,4.8,236990.0,3.0249901E7,808.3,103296.7,0.696,0.696,575.7,73511.5,575.7,73511.5,2.0,3.6,254,0,111,365,45182.0,5749411.0,742.4,94470.3,0.578,0.578,443.2,56401.4,443.2,56401.4,2.0,4.0,52,0,38,90
15566642,Cozy Old-Charm family home in Central Reykjavik,"A conveniently located Cozy Old-Charm style property for small groups and families. Suits perfectly as a base to explore the Icelandic countryside and relax in between.<br /><br />Our guests love:<br />- Short 7-10 minute drive to the city and easy access to highways<br />- Quiet residential neighborhood<br />- Comfortable beds<br />- Access to washing machine<br />- Cozy and warm old-charm styling<br />- 360 view over Reykjavik near back yard<br />- Living among the locals<br />- Bus no 14 stops right outside, for a short trip to downtown area<br /><br /><b>The space</b><br />Cozy Old-Charm style family home in a nice and quiet family friendly neighborhood called Laugarás. The living room has a nice fireplace built from locally sourced stones from the Reykjavik bay shore and wood ceiling beams from an old Icelandic bridge in the highlands. The kitchen furnishing has Danish yellow facade bricks, giving a warm and cozy feel. <br /><br />The upper floor is bright with three bedrooms and comfortable beds.<br /><br /><b>Guest access</b><br />Three bedrooms, living room, dining room, kitchen and 1.5 bathrooms. One bathroom has both bathtub and a shower, the other is WC only. A cozy garden with plenty of trees. Space to park two cars (free parking).<br /><br /><b>Other things to note</b><br />Early check-in:<br />Check-in is at 3 pm. We can give you the keys any time of the day, if you have booked that 24 hour period (from 3 pm to 11 am). If you arrive at 6 am, you have to book the previous day. You can check with us 2 days before arrival to buy the previous day for a discount, so you can arrive early. If the previous day is available, we can easily alter the booking. It is also a good idea to spend some time getting rid of the jet lag at the Blue Lagoon (Pre booking required) or the nearby Laugar Spa (3 minutes drive from house), relaxing in the saunas, hot tubs, relaxation room with a fireplace or swimming in the heated indoor and outdoor 50 m long swimming pools, before 3 pm check-in.",Entire home,entire_home,https://a0.muscache.com/im/pictures/8c1f6713-a2a3-41a1-9ab9-e491a1572425.jpg,45,"https://a0.muscache.com/im/pictures/8c1f6713-a2a3-41a1-9ab9-e491a1572425.jpg,https://a0.muscache.com/im/pictures/3738a15e-11c4-4cef-8a54-23325eba8b3c.jpg,https://a0.muscache.com/im/pictures/3ba5296a-365e-4e0c-8e6c-75b2c21ef390.jpg,https://a0.muscache.com/im/pictures/41788ea4-64f2-40f2-83bb-f892bfff42aa.jpg,https://a0.muscache.com/im/pictures/cb32d730-418e-4332-ba1b-ac6babbded35.jpg,https://a0.muscache.com/im/pictures/906b4b2d-cade-4319-ac1d-98f9664881b3.jpg,https://a0.muscache.com/im/pictures/b18bc0c7-a814-4258-a7ca-11d61dd01fe9.jpg,https://a0.muscache.com/im/pictures/2426ae93-07a2-4002-ae3c-e5274fb96994.jpg,https://a0.muscache.com/im/pictures/b1c1395f-ef61-4f57-8760-12b17ab46e0c.jpg,https://a0.muscache.com/im/pictures/5a02e39a-53c7-4692-9654-5ce5442cabe7.jpg,https://a0.muscache.com/im/pictures/0edf5957-3e45-49f8-9cc3-5175f9a0a1fe.jpg,https://a0.muscache.com/im/pictures/cf140b8a-460a-4907-bdb8-842f46163601.jpg,https://a0.muscache.com/im/pictures/db30bc92-b607-48eb-bbb6-897d813a7b55.jpg,https://a0.muscache.com/im/pictures/92e4316c-f759-49c0-b53c-a6edc5bd91bd.jpg,https://a0.muscache.com/im/pictures/fe388738-b67a-459c-b7ca-b9692667d0be.jpg,https://a0.muscache.com/im/pictures/ba4ff040-1114-4a38-8352-cab0b2a77f39.jpg,https://a0.muscache.com/im/pictures/0d8ff458-13f0-4323-b6b4-4b0aacccd253.jpg,https://a0.muscache.com/im/pictures/ebe6d2ef-caad-43ec-b9d6-a4fd10072c5b.jpg,https://a0.muscache.com/im/pictures/a3c807ab-cf18-40f5-8964-678987b7f1d2.jpg,https://a0.muscache.com/im/pictures/c3b2b076-be82-4d90-bd46-4891dc9d9556.jpg,https://a0.muscache.com/im/pictures/28b7ffd8-0d2a-44bd-a3c3-9d5ec58309cc.jpg,https://a0.muscache.com/im/pictures/b31d6735-d9cd-4f37-b66d-2bd298e57ece.jpg,https://a0.muscache.com/im/pictures/3cc9afed-edac-43ff-bb31-03dcca89a6db.jpg,https://a0.muscache.com/im/pictures/60b62a90-fc34-4dd7-80f8-f47c1db1f510.jpg,https://a0.muscache.com/im/pictures/6003f3ad-a878-4ccc-94c9-416ac18e169d.jpg,https://a0.muscache.com/im/pictures/b4d89502-2dd2-44c9-bf71-a776b3c781fd.jpg,https://a0.muscache.com/im/pictures/e092c689-4f48-4ab9-b513-e7e9bcc9a95b.jpg,https://a0.muscache.com/im/pictures/dfe4e6d1-fbda-43cb-8dc8-8dfcbfe19a8e.jpg,https://a0.muscache.com/im/pictures/bb59eddc-a612-46f0-a6d8-2998419a342e.jpg,https://a0.muscache.com/im/pictures/d9ae8b01-70df-40d6-ac02-e8fcfd3d06e8.jpg,https://a0.muscache.com/im/pictures/bd2a31de-cd65-4a41-b761-6093798033e5.jpg,https://a0.muscache.com/im/pictures/89d4ed32-11fa-4119-9faf-8b42d60ed3f7.jpg,https://a0.muscache.com/im/pictures/4a58ff3e-6c6d-4549-adfb-cc051f742754.jpg,https://a0.muscache.com/im/pictures/29fd4a43-dd5b-4aec-b6f1-da79d451e0e0.jpg,https://a0.muscache.com/im/pictures/0b396d1e-f208-4716-b439-96259dd7375e.jpg,https://a0.muscache.com/im/pictures/0b0c262c-3542-4f1f-b14e-9eb49afd8e5e.jpg,https://a0.muscache.com/im/pictures/9e2421b6-3459-4878-b7f3-02c418c4abef.jpg,https://a0.muscache.com/im/pictures/d97882bb-2a84-4f80-b81e-254970e42a04.jpg,https://a0.muscache.com/im/pictures/d4f56f49-7787-4a22-a683-d8f6619b3ad4.jpg,https://a0.muscache.com/im/pictures/acfe5e79-97fa-4bb5-8cba-4d96e4ebf61f.jpg,https://a0.muscache.com/im/pictures/d3248d5c-b258-4997-a9b0-dfa2716357d8.jpg,https://a0.muscache.com/im/pictures/e4d5cb40-04d9-44c6-907e-64b253a413bd.jpg,https://a0.muscache.com/im/pictures/247de8ce-d4f8-4c42-91aa-ce90d41dbe0b.jpg,https://a0.muscache.com/im/pictures/c8c5a6cf-6596-4191-b5b7-c03f25d0d91c.jpg,https://a0.muscache.com/im/pictures/fd7c57cc-8356-4c87-85a9-79a9930c5b14.jpg",159192,Siggi,89617493,Ólafur Óskar,true,64.1453,-21.8640,6,3,5,1.5,false,"Air conditioning,Bathtub,Hair dryer,Body soap,Hot water,Washer,Dryer,Essentials,Hangers,Bed linens,Extra pillows and blankets,Iron,Ethernet connection,TV,Crib,Pack ’n play/Travel crib,High chair,Indoor fireplace,Heating,Smoke alarm,Carbon monoxide alarm,Fire extinguisher,Wifi,Kitchen,Refrigerator,Microwave,Cooking basics,Dishes and silverware,Dishwasher,Stove,Oven,Coffee maker,Patio or balcony,Backyard,Outdoor furniture,Free parking on premises,Free street parking,Long term stays allowed",,false,3,Moderate,3:00 PM,11:00 AM,true,true,ISK,59,0,true,194,4.9,5.0,4.9,4.9,4.9,4.9,4.8,55127.0,7020379.0,332.3,42460.0,0.4,0.417,145.9,18575.7,152.1,19371.8,3.0,4.4,146,15,219,365,7512.0,955900.0,299.5,38116.9,0.256,0.307,80.8,10287.4,97.0,12344.9,3.0,5.8,23,15,67,90
15776652,Reykjavik Family Villa,,Entire villa,entire_home,https://a0.muscache.com/im/pictures/1f02df4d-0fef-418a-a908-2537bd153765.jpg,38,,448400369,Greenkey,22166396,Davíð,false,64.1264,-21.9035,12,5,9,3.0,false,"Hair dryer,Shampoo,Hot water,Washer,Dryer,Essentials,Hangers,Iron,TV,Crib,Pack ’n play/Travel crib,High chair,Indoor fireplace,Heating,Smoke alarm,Fire extinguisher,First aid kit,Wifi,Kitchen,Refrigerator,Microwave,Cooking basics,Dishes and silverware,Freezer,Dishwasher,Stove,Oven,Hot water kettle,Coffee maker,Toaster,Baking sheet,Barbecue utensils,Dining table,Coffee,Private entrance,Patio or balcony,Backyard,Outdoor furniture,Outdoor dining area,BBQ grill,Free parking on premises,Hot tub,Sauna",,false,4,Firm,,,,,ISK,207,0,,16,4.94,4.8,4.9,4.9,5.0,4.9,4.8,45020.0,5728785.0,1721.2,220838.0,0.068,0.087,120.5,15334.5,153.3,19502.0,3.9,5.0,25,78,340,365,0.0,0.0,0.0,0.0,0.0,0.0,0.0,0.0,0.0,0.0,4.3,0.0,0,0,90,90
15888849,"#2 Unique large room , with a balcony, City centre","renovated ( July2020) ,  there is an additional bathroom and toilet.  2 bathrooms and toilets are shared with 4 rooms. rooms are at second floor.  <br /> warm house. located near the popular Höfdi. There are 4 rooms on the second floor of my house,  completely separate from the host . Close to the supermarket and Foss Hotel,  bus station, and swimming pool. Pharmacy and every important places.  It's 2min walk to the ocean. There is a lovely atmosphere in this room and there is a beautiful balcony.<br /><br /><b>The space</b><br />A unique room with a beautiful balcony . Lovely view. <br />there are 2 bathroom and toilet at the floor shared for 4 rooms . and an additional bathroom and toilet at the ground floor.<br /><br /><b>Other things to note</b><br />there are few stairs to take to the second floor .",Private room in home,private_room,https://a0.muscache.com/im/pictures/hosting/Hosting-U3RheVN1cHBseUxpc3Rpbmc6MTU4ODg4NDk%3D/original/4cc67262-4c47-46d7-b3ca-c642ae07f507.jpeg,47,"https://a0.muscache.com/im/pictures/hosting/Hosting-U3RheVN1cHBseUxpc3Rpbmc6MTU4ODg4NDk%3D/original/4cc67262-4c47-46d7-b3ca-c642ae07f507.jpeg,https://a0.muscache.com/im/pictures/hosting/Hosting-15888849/original/e41c4567-f425-47c5-9bec-425ca6f4c44b.jpeg,https://a0.muscache.com/im/pictures/c79efac9-537e-45fa-972d-c7020e3dd901.jpg,https://a0.muscache.com/im/pictures/hosting/Hosting-U3RheVN1cHBseUxpc3Rpbmc6MTU4ODg4NDk%3D/original/b4f64449-8b7b-429f-ad7c-5e80f3178ea7.jpeg,https://a0.muscache.com/im/pictures/63a9f14a-a2a3-4d67-8f2f-07ecf75014b9.jpg,https://a0.muscache.com/im/pictures/hosting/Hosting-U3RheVN1cHBseUxpc3Rpbmc6MTU4ODg4NDk%3D/original/7b83d5b7-d22d-4bf8-ae87-dd95f7dbc9b8.jpeg,https://a0.muscache.com/im/pictures/3f97845d-a730-4599-86e3-079165cb2707.jpg,https://a0.muscache.com/im/pictures/hosting/Hosting-U3RheVN1cHBseUxpc3Rpbmc6MTU4ODg4NDk%3D/original/fafd8b8e-d7d1-4e61-9462-854fbd7f557a.jpeg,https://a0.muscache.com/im/pictures/hosting/Hosting-U3RheVN1cHBseUxpc3Rpbmc6MTU4ODg4NDk%3D/original/840cd62d-baa8-44c6-bed8-02c8a339ea9a.jpeg,https://a0.muscache.com/im/pictures/8ae750d4-a304-4b45-a1ad-cd1a01082367.jpg,https://a0.muscache.com/im/pictures/hosting/Hosting-U3RheVN1cHBseUxpc3Rpbmc6MTU4ODg4NDk%3D/original/1b7a5148-f628-4207-b12c-a48b45d59fdb.jpeg,https://a0.muscache.com/im/pictures/0aee70c8-d120-4106-93bb-9318bd6a2daa.jpg,https://a0.muscache.com/im/pictures/b8350112-ddb6-4026-b3c0-f8aa9d9beec1.jpg,https://a0.muscache.com/im/pictures/afa98b1b-8028-4045-88b5-54e31b3f3ca8.jpg,https://a0.muscache.com/im/pictures/beb6f787-ec9e-4671-a4b0-5b76b24fa700.jpg,https://a0.muscache.com/im/pictures/6d1a25b1-6858-4b70-adad-9b94c69570e8.jpg,https://a0.muscache.com/im/pictures/3a5a2ac5-af05-4a00-b78d-1ace860a8df8.jpg,https://a0.muscache.com/im/pictures/hosting/Hosting-U3RheVN1cHBseUxpc3Rpbmc6MTU4ODg4NDk%3D/original/daa6b187-0191-49ac-bfdb-886153b13472.jpeg,https://a0.muscache.com/im/pictures/hosting/Hosting-U3RheVN1cHBseUxpc3Rpbmc6MTU4ODg4NDk%3D/original/1a420607-77a2-40b1-82b1-13c2365f5fc3.jpeg,https://a0.muscache.com/im/pictures/0f152f43-e00a-4734-942a-91890979f83d.jpg,https://a0.muscache.com/im/pictures/2df328cd-463c-47b6-a38a-f4d0100a2410.jpg,https://a0.muscache.com/im/pictures/b0754e93-99b7-4297-a0d4-505030183755.jpg,https://a0.muscache.com/im/pictures/ebb3ac72-09c3-478f-bda0-8e6a079f783f.jpg,https://a0.muscache.com/im/pictures/39dcc0af-9ab0-4ef1-b831-c4b34928ce8f.jpg,https://a0.muscache.com/im/pictures/a58fb059-fd55-46d0-81e5-d699768ac2df.jpg,https://a0.muscache.com/im/pictures/9dd1a8d6-a7d4-4ed5-82b3-fca98e289f3b.jpg,https://a0.muscache.com/im/pictures/5663f2ce-ff1e-4a44-a7b5-4b44d0cb26af.jpg,https://a0.muscache.com/im/pictures/682c61d2-a085-4767-bd16-49f3c237b09f.jpg,https://a0.muscache.com/im/pictures/bb028b26-d00c-4d4e-9372-8d2336e43194.jpg,https://a0.muscache.com/im/pictures/872a43f9-76ac-4ffd-bbd5-a3461bcafe8c.jpg,https://a0.muscache.com/im/pictures/d2e10ac0-4a23-46e9-bce3-c292a62e5566.jpg,https://a0.muscache.com/im/pictures/d5a9c556-e1da-44da-a351-2acca04bcb82.jpg,https://a0.muscache.com/im/pictures/441170a3-3cf0-4393-a4e9-43879be88335.jpg,https://a0.muscache.com/im/pictures/b8f50d97-f12b-4f9c-b517-4d9dbd39f73b.jpg,https://a0.muscache.com/im/pictures/5f995adb-f673-47ec-b5ae-de8508840f21.jpg,https://a0.muscache.com/im/pictures/957f462e-2985-470f-9b86-dd406bcad8e8.jpg,https://a0.muscache.com/im/pictures/24958a4b-778a-4c35-b02f-a460ba7c5f73.jpg,https://a0.muscache.com/im/pictures/5cbca277-c6d1-428b-b45b-324c0eb37e03.jpg,https://a0.muscache.com/im/pictures/5a2fd2f1-0ac0-42b6-a0e5-0514998c8a4c.jpg,https://a0.muscache.com/im/pictures/hosting/Hosting-U3RheVN1cHBseUxpc3Rpbmc6MTU4ODg4NDk%3D/original/8ca2366f-7714-4464-bc8a-b0ddbf1dad10.jpeg,https://a0.muscache.com/im/pictures/hosting/Hosting-U3RheVN1cHBseUxpc3Rpbmc6MTU4ODg4NDk%3D/original/e662c793-a73c-48f3-b962-d6cd462485d3.jpeg,https://a0.muscache.com/im/pictures/63fca215-fe16-4d1f-ac45-c9bff4dd4570.jpg,https://a0.muscache.com/im/pictures/hosting/Hosting-U3RheVN1cHBseUxpc3Rpbmc6MTU4ODg4NDk%3D/original/84c84ac1-a496-4e84-b51a-916b21b463eb.jpeg,https://a0.muscache.com/im/pictures/hosting/Hosting-U3RheVN1cHBseUxpc3Rpbmc6MTU4ODg4NDk%3D/original/8d0eeecb-393a-48d0-abe9-16e4aca87a1b.jpeg,https://a0.muscache.com/im/pictures/hosting/Hosting-U3RheVN1cHBseUxpc3Rpbmc6MTU4ODg4NDk%3D/original/192f7fe4-9153-444b-b1d8-db7e78f9932f.jpeg,https://a0.muscache.com/im/pictures/hosting/Hosting-U3RheVN1cHBseUxpc3Rpbmc6MTU4ODg4NDk%3D/original/00960993-cf17-4ac9-b00c-e126d90e4654.jpeg,https://a0.muscache.com/im/pictures/hosting/Hosting-15888849/original/a2a8d5bf-7e99-4f34-b44b-cbd54ad28d2d.jpeg",102535647,Zoei'S Place,"","",true,64.1447,-21.9003,2,1,1,1.0,false,"Hair dryer,Shampoo,Hot water,Shower gel,Essentials,Hangers,Bed linens,Extra pillows and blankets,Piano,Heating,Smoke alarm,Carbon monoxide alarm,Fire extinguisher,Wifi,Kitchen,Refrigerator,Microwave,Cooking basics,Dishes and silverware,Stove,Patio or balcony,Backyard,Free street parking,Luggage dropoff allowed,Long term stays allowed",,false,1,Strict,3:00 PM,11:00 AM,false,false,ISK,23,0,true,319,4.78,4.9,4.9,4.9,4.9,4.8,4.7,15737.0,2011543.0,117.7,15068.6,0.34,0.34,41.2,5262.5,41.2,5262.5,1.0,2.9,124,0,241,365,0.0,0.0,0.0,0.0,0.0,0.0,0.0,0.0,0.0,0.0,1.0,0.0,0,0,90,90
15889332,"Room #3 Lovely room, City centre, WiFi","My warm house. There are 4 rooms on the second floor of my house,  completely separate from host . Close to the supermarket and Foss hotel,  bus station, swimming pool. Pharmacy and every important places.  It's 2min walk to the ocean.<br /><br /><b>The space</b><br />2 toilets and bathrooms shared with 4 rooms .<br />small kitchen at the floor with everything you need and a big kitchen at first floor .<br /><br /><b>Guest access</b><br />patio<br /><br /><b>Other things to note</b><br />no event.  no party.  suitable for a quiet stay .<br />missing keys costs 35€.",Private room in home,private_room,https://a0.muscache.com/im/pictures/hosting/Hosting-U3RheVN1cHBseUxpc3Rpbmc6MTU4ODkzMzI%3D/original/f50ffb04-952f-419b-b46d-6a69f44e44c5.jpeg,25,"https://a0.muscache.com/im/pictures/hosting/Hosting-U3RheVN1cHBseUxpc3Rpbmc6MTU4ODkzMzI%3D/original/f50ffb04-952f-419b-b46d-6a69f44e44c5.jpeg,https://a0.muscache.com/im/pictures/hosting/Hosting-U3RheVN1cHBseUxpc3Rpbmc6MTU4ODkzMzI%3D/original/0c9232d1-449c-4ed4-b53e-eb7decc80920.jpeg,https://a0.muscache.com/im/pictures/hosting/Hosting-U3RheVN1cHBseUxpc3Rpbmc6MTU4ODkzMzI%3D/original/ecacd263-5942-46ce-ad4d-3a8c29e4f29f.jpeg,https://a0.muscache.com/im/pictures/578fbca6-ce2f-4055-b14e-40bbd1f46cae.jpg,https://a0.muscache.com/im/pictures/hosting/Hosting-U3RheVN1cHBseUxpc3Rpbmc6MTU4ODkzMzI%3D/original/1263dc45-a833-4630-be45-b93c42ac97cf.jpeg,https://a0.muscache.com/im/pictures/hosting/Hosting-U3RheVN1cHBseUxpc3Rpbmc6MTU4ODkzMzI%3D/original/4fcf7ea5-bc22-4510-9976-4dd1280e2ddf.jpeg,https://a0.muscache.com/im/pictures/6ef20eac-ece5-4b90-919d-e2523de0d5a8.jpg,https://a0.muscache.com/im/pictures/hosting/Hosting-U3RheVN1cHBseUxpc3Rpbmc6MTU4ODkzMzI%3D/original/ed2162f5-1f41-4f87-a0ae-7a1a6067c725.jpeg,https://a0.muscache.com/im/pictures/hosting/Hosting-U3RheVN1cHBseUxpc3Rpbmc6MTU4ODkzMzI%3D/original/0f21caa0-67ef-4b9a-8aab-5fd1119b1ad4.jpeg,https://a0.muscache.com/im/pictures/hosting/Hosting-U3RheVN1cHBseUxpc3Rpbmc6MTU4ODkzMzI%3D/original/e5454ca3-dad1-49a8-a1aa-1a6f2fdd24d3.jpeg,https://a0.muscache.com/im/pictures/hosting/Hosting-U3RheVN1cHBseUxpc3Rpbmc6MTU4ODkzMzI%3D/original/d4dc6c44-0079-4d51-bf5e-213fc9796e31.jpeg,https://a0.muscache.com/im/pictures/hosting/Hosting-U3RheVN1cHBseUxpc3Rpbmc6MTU4ODkzMzI%3D/original/7d6e5358-5ee8-4737-bf90-81e579419422.jpeg,https://a0.muscache.com/im/pictures/hosting/Hosting-U3RheVN1cHBseUxpc3Rpbmc6MTU4ODkzMzI%3D/original/07447f01-ad92-4d02-b4e8-734894615649.jpeg,https://a0.muscache.com/im/pictures/hosting/Hosting-U3RheVN1cHBseUxpc3Rpbmc6MTU4ODkzMzI%3D/original/c1c7c949-97d1-4a2b-8b07-c6850393da3f.jpeg,https://a0.muscache.com/im/pictures/hosting/Hosting-U3RheVN1cHBseUxpc3Rpbmc6MTU4ODkzMzI%3D/original/fa9f8fd0-e436-4173-b104-f5b0a0444695.jpeg,https://a0.muscache.com/im/pictures/hosting/Hosting-U3RheVN1cHBseUxpc3Rpbmc6MTU4ODkzMzI%3D/original/ebf2d544-cdf7-4993-839e-0e5e7e6125f3.jpeg,https://a0.muscache.com/im/pictures/hosting/Hosting-U3RheVN1cHBseUxpc3Rpbmc6MTU4ODkzMzI%3D/original/cef0e577-23a4-4c15-b9a3-74a0d6003942.jpeg,https://a0.muscache.com/im/pictures/hosting/Hosting-U3RheVN1cHBseUxpc3Rpbmc6MTU4ODkzMzI%3D/original/87b154a9-f57e-4220-93fd-e71b87120259.jpeg,https://a0.muscache.com/im/pictures/hosting/Hosting-U3RheVN1cHBseUxpc3Rpbmc6MTU4ODkzMzI%3D/original/2c3d1a88-7562-4709-bb1c-223da6dc08e4.jpeg,https://a0.muscache.com/im/pictures/hosting/Hosting-U3RheVN1cHBseUxpc3Rpbmc6MTU4ODkzMzI%3D/original/cac04959-f68c-402c-95ac-e2797af2851d.jpeg,https://a0.muscache.com/im/pictures/hosting/Hosting-U3RheVN1cHBseUxpc3Rpbmc6MTU4ODkzMzI%3D/original/796643ec-2536-454e-9312-82707e1fcb97.jpeg,https://a0.muscache.com/im/pictures/hosting/Hosting-U3RheVN1cHBseUxpc3Rpbmc6MTU4ODkzMzI%3D/original/ef6c00e2-4dbb-4471-8fe3-15854c848906.jpeg,https://a0.muscache.com/im/pictures/hosting/Hosting-15889332/original/20d224d7-3ad4-4bf3-9aad-4bd9d84c4d83.jpeg,https://a0.muscache.com/im/pictures/hosting/Hosting-15889332/original/0a90d958-40a1-4baf-882c-aac6e847d12c.jpeg,https://a0.muscache.com/im/pictures/hosting/Hosting-15889332/original/3365ad9c-0f7a-4d61-9849-68f37ff529fd.jpeg",102535647,Zoei'S Place,"","",true,64.1434,-21.9048,2,1,1,1.0,false,"Hair dryer,Shampoo,Hot water,Essentials,Hangers,Extra pillows and blankets,Air conditioning,Heating,Smoke alarm,Fire extinguisher,Wifi,Kitchen,Refrigerator,Microwave,Cooking basics,Dishes and silverware,Coffee maker,Free parking on premises,Free street parking",,false,1,Strict,3:00 PM,11:00 AM,false,false,ISK,23,21,true,322,4.74,4.8,4.9,4.8,4.9,4.8,4.7,7922.0,1008069.0,93.5,11988.1,0.225,0.225,20.9,2657.6,20.9,2657.6,1.0,3.4,82,0,283,365,0.0,0.0,0.0,0.0,0.0,0.0,0.0,0.0,0.0,0.0,1.0,0.0,0,0,90,90
15918098,"#4 Lovely room, near downtown /wifi","My warm house. There is 4 rooms on the second floor of my house,  completely separate from host . Close to the supermarket and Foss hotel,  bus station, swimming pool. Pharmacy and every important places.  It's 2min walk to the ocean.<br /><br /><b>The space</b><br />2 toilets and bathrooms shared with 4 rooms .<br />small kitchen at the floor with everything you need and a big kitchen at first floor .<br /><br /><b>Guest access</b><br />patio .<br /><br /><b>During your stay</b><br />ig<br /><br /><b>Other things to note</b><br />fraying garlic and bacon , foods with lots of odour is prohibited .",Private room in home,private_room,https://a0.muscache.com/im/pictures/a6a539f4-74c1-4c01-89ad-959e59cdea54.jpg,47,"https://a0.muscache.com/im/pictures/a6a539f4-74c1-4c01-89ad-959e59cdea54.jpg,https://a0.muscache.com/im/pictures/2153b2e1-fec4-4e75-8007-5362f72ac744.jpg,https://a0.muscache.com/im/pictures/hosting/Hosting-U3RheVN1cHBseUxpc3Rpbmc6MTU5MTgwOTg%3D/original/2c0266c5-548c-413c-80f4-de0f74c45879.jpeg,https://a0.muscache.com/im/pictures/hosting/Hosting-U3RheVN1cHBseUxpc3Rpbmc6MTU5MTgwOTg%3D/original/02223701-5cea-40d7-abd4-0e6cb1521c4c.jpeg,https://a0.muscache.com/im/pictures/f0a560a4-386a-4c94-a93e-f5e51e7fb0ce.jpg,https://a0.muscache.com/im/pictures/46d7a13f-1f8d-41f8-a5f3-064c89c427b5.jpg,https://a0.muscache.com/im/pictures/4d36009b-c514-48d2-aabe-e49f6a408dfb.jpg,https://a0.muscache.com/im/pictures/ca29e907-7c0e-4586-9086-3aa9abdd998d.jpg,https://a0.muscache.com/im/pictures/40d5e2d7-45e1-41c3-85e6-00868a2f9fc1.jpg,https://a0.muscache.com/im/pictures/764e4ce8-84d5-480d-b83d-c6efd2f32488.jpg,https://a0.muscache.com/im/pictures/cce3bf92-fe6a-4bd2-91b6-464a1bdfb463.jpg,https://a0.muscache.com/im/pictures/339c1d81-bb8a-4e53-9046-37b6bbb0d3ab.jpg,https://a0.muscache.com/im/pictures/b90fcedb-e1d3-4029-bb1c-e5e653ca5989.jpg,https://a0.muscache.com/im/pictures/4e24be7c-432c-449e-9bda-9243c4e9eb21.jpg,https://a0.muscache.com/im/pictures/290e88ee-2dcf-49b9-92d3-ab7e8fb48c91.jpg,https://a0.muscache.com/im/pictures/afd1df40-ea21-4502-875f-7a7000b52faa.jpg,https://a0.muscache.com/im/pictures/2bff4221-aa68-4930-b75a-978b6224bac1.jpg,https://a0.muscache.com/im/pictures/4fd395bc-157a-4a84-a3e5-4a66b40e4982.jpg,https://a0.muscache.com/im/pictures/a3c842fb-34cd-49f7-91c0-346e85763810.jpg,https://a0.muscache.com/im/pictures/3a209118-8f74-4025-a34e-a2615e3bef4f.jpg,https://a0.muscache.com/im/pictures/19395638-b44f-43e4-89ef-4adf33f11b14.jpg,https://a0.muscache.com/im/pictures/f84c69a6-c388-4d1d-b1c7-ea1244baae4f.jpg,https://a0.muscache.com/im/pictures/29a3ed62-0e34-489f-a8fe-3ea1fa134a23.jpg,https://a0.muscache.com/im/pictures/8c54b815-634f-40c8-b891-2b1f4b58dbd8.jpg,https://a0.muscache.com/im/pictures/e9c64206-0d29-4a8e-9f5c-0857013829c8.jpg,https://a0.muscache.com/im/pictures/4e823741-88c1-4b98-8a64-b21a09533e4f.jpg,https://a0.muscache.com/im/pictures/faaad7f9-0b5b-457b-8b7a-70d0a58010d9.jpg,https://a0.muscache.com/im/pictures/hosting/Hosting-U3RheVN1cHBseUxpc3Rpbmc6MTU5MTgwOTg%3D/original/228691af-314c-4e5c-b5ca-a43f278a83bd.jpeg,https://a0.muscache.com/im/pictures/hosting/Hosting-U3RheVN1cHBseUxpc3Rpbmc6MTU5MTgwOTg%3D/original/719031ec-5330-4874-b1e3-b0b5f12c312f.jpeg,https://a0.muscache.com/im/pictures/hosting/Hosting-U3RheVN1cHBseUxpc3Rpbmc6MTU5MTgwOTg%3D/original/b7fc75b9-7c1d-46b0-90ab-e423092c7895.jpeg,https://a0.muscache.com/im/pictures/hosting/Hosting-U3RheVN1cHBseUxpc3Rpbmc6MTU5MTgwOTg%3D/original/bc76f1ae-bf4c-46f0-a1e0-27ecbcf781bb.jpeg,https://a0.muscache.com/im/pictures/hosting/Hosting-U3RheVN1cHBseUxpc3Rpbmc6MTU5MTgwOTg%3D/original/ed5b31a9-1f6a-4794-8df4-a30d0a1246e3.jpeg,https://a0.muscache.com/im/pictures/hosting/Hosting-U3RheVN1cHBseUxpc3Rpbmc6MTU5MTgwOTg%3D/original/cbbbb477-ca11-4ab1-8245-3d1be7befbd6.jpeg,https://a0.muscache.com/im/pictures/hosting/Hosting-U3RheVN1cHBseUxpc3Rpbmc6MTU5MTgwOTg%3D/original/1ea0338a-6f42-45f9-b881-a6288ef336b3.jpeg,https://a0.muscache.com/im/pictures/hosting/Hosting-U3RheVN1cHBseUxpc3Rpbmc6MTU5MTgwOTg%3D/original/818bacc1-0c1e-4bd3-8a7f-a090f60f1893.jpeg,https://a0.muscache.com/im/pictures/hosting/Hosting-U3RheVN1cHBseUxpc3Rpbmc6MTU5MTgwOTg%3D/original/b29e2108-d591-4533-8c55-7eb32c8aa24a.jpeg,https://a0.muscache.com/im/pictures/hosting/Hosting-U3RheVN1cHBseUxpc3Rpbmc6MTU5MTgwOTg%3D/original/13ab851c-df84-4031-b03d-cc8199452bfc.jpeg,https://a0.muscache.com/im/pictures/hosting/Hosting-U3RheVN1cHBseUxpc3Rpbmc6MTU5MTgwOTg%3D/original/4caec95a-2aa7-436c-b047-85720d5da730.jpeg,https://a0.muscache.com/im/pictures/hosting/Hosting-U3RheVN1cHBseUxpc3Rpbmc6MTU5MTgwOTg%3D/original/067e4039-4a98-453e-9781-321304e92f19.jpeg,https://a0.muscache.com/im/pictures/hosting/Hosting-U3RheVN1cHBseUxpc3Rpbmc6MTU5MTgwOTg%3D/original/a88b9f15-e6bc-4de5-8660-bb82312dccbf.jpeg,https://a0.muscache.com/im/pictures/hosting/Hosting-U3RheVN1cHBseUxpc3Rpbmc6MTU5MTgwOTg%3D/original/1eb00c59-f7dd-410b-80e1-8ee85c490f1d.jpeg,https://a0.muscache.com/im/pictures/hosting/Hosting-U3RheVN1cHBseUxpc3Rpbmc6MTU5MTgwOTg%3D/original/f44c772d-dea1-409e-bd55-108f4143cfdc.jpeg,https://a0.muscache.com/im/pictures/hosting/Hosting-U3RheVN1cHBseUxpc3Rpbmc6MTU5MTgwOTg%3D/original/a51aaba9-04d9-4ae2-97ad-0bb19c8a9d03.jpeg,https://a0.muscache.com/im/pictures/hosting/Hosting-U3RheVN1cHBseUxpc3Rpbmc6MTU5MTgwOTg%3D/original/c18c4751-80db-4be8-b8e8-f0fb1e9e1a05.jpeg,https://a0.muscache.com/im/pictures/hosting/Hosting-U3RheVN1cHBseUxpc3Rpbmc6MTU5MTgwOTg%3D/original/f571d06e-2a69-43b0-b9ca-13d9f1eddba2.jpeg,https://a0.muscache.com/im/pictures/hosting/Hosting-15918098/original/e91c1e27-c0c4-4568-b6ab-b42bd87bf87b.jpeg,https://a0.muscache.com/im/pictures/hosting/Hosting-15918098/original/2ae4ee3a-30e6-4755-8dc5-dea585852932.jpeg",102535647,Zoei'S Place,"","",true,64.1435,-21.9046,,,1,0.0,false,"Hair dryer,Shampoo,Hot water,Essentials,Hangers,Bed linens,Room-darkening shades,Iron,Clothing storage,Air conditioning,Heating,Smoke alarm,Carbon monoxide alarm,Fire extinguisher,Wifi,Kitchen,Refrigerator,Microwave,Cooking basics,Dishes and silverware,Stove,Oven,Coffee maker,Free street parking",,false,1,Strict,3:00 PM,11:00 AM,false,false,ISK,0,23,true,339,4.72,4.8,4.9,4.8,4.8,4.8,4.6,14828.0,1897765.0,103.6,13257.2,0.395,0.395,40.6,5199.4,40.6,5199.4,1.0,2.6,144,0,221,365,0.0,0.0,0.0,0.0,0.0,0.0,0.0,0.0,0.0,0.0,1.0,0.0,0,0,90,90
16053541,Rustic Retreat in the Center of Reykjavik,,Entire rental unit,entire_home,https://a0.muscache.com/im/pictures/monet/Select-16053541/original/2c3cc691-f109-4026-a524-291b087f02b8,16,,448400369,Greenkey,8330591,Þórhildur Elín,false,64.1417,-21.9345,3,1,1,1.0,false,"TV,Wifi,Kitchen,Hot water,Body soap,Bed linens,Extra pillows and blankets,Microwave,Coffee maker,Refrigerator,Dishes and silverware,Heating,Cooking basics,Stove,Smoke alarm,Carbon monoxide alarm,First aid kit,Fire extinguisher,Essentials,Shampoo,Lock on bedroom door,Hangers,Hair dryer,Iron,Private entrance",true,,3,Firm,,,,,ISK,0,0,,219,4.9,4.9,4.9,4.9,4.9,5.0,4.8,2868.0,379666.0,243.0,31050.8,0.041,0.063,7.9,1040.2,12.1,1602.0,3.3,5.0,15,128,350,365,0.0,0.0,221.6,28201.3,0.0,0.0,0.0,0.0,0.0,0.0,4.0,0.0,0,0,90,90
16099922,"Room #1 lofty room , close by city centre",,Private room in home,private_room,https://a0.muscache.com/im/pictures/hosting/Hosting-U3RheVN1cHBseUxpc3Rpbmc6MTYwOTk5MjI%3D/original/6da8763c-c645-4074-bd7b-3d3bf1295b09.jpeg,42,,102535647,Zoei'S Place,"","",true,64.1446,-21.9022,2,1,1,2.0,false,"Hair dryer,Shampoo,Hot water,Essentials,Hangers,Extra pillows and blankets,Iron,Heating,First aid kit,Wifi,Kitchen,Refrigerator,Microwave,Cooking basics,Dishes and silverware,Coffee maker,Backyard,Free street parking,Luggage dropoff allowed",,false,1,Strict,,,,,ISK,21,0,,350,4.69,4.9,4.9,4.8,4.8,4.8,4.6,4638.0,590179.0,110.4,14152.6,0.107,0.107,12.2,1551.0,12.2,1551.0,1.0,3.9,39,0,326,365,0.0,0.0,0.0,0.0,0.0,0.0,0.0,0.0,0.0,0.0,1.0,0.0,0,0,90,90
16112875,Urdarbakki 30 (Room 1),,Private room in townhouse,private_room,https://a0.muscache.com/im/pictures/fadf34e8-39b5-4744-9c54-403ab337809c.jpg,8,,67644379,Jens,"","",false,64.1074,-21.8370,,,1,0.0,false,"Wifi,Air conditioning,Kitchen,Free parking on premises,Room-darkening shades,Hot water kettle,Hot water,Mini fridge,Ethernet connection,Laundromat nearby,Microwave,Coffee maker,Refrigerator,Dishes and silverware,Heating,Cooking basics,Oven,Coffee,Clothing storage,Stove,Wine glasses,Smoke alarm,First aid kit,Fire extinguisher,Essentials,Lock on bedroom door,Hangers,Hair dryer,Iron,Baking sheet,Freezer,Toaster",,false,2,Firm,,,,,ISK,22,0,,63,4.87,4.9,5.0,4.9,4.9,4.7,4.9,5208.0,662706.0,129.4,16554.4,0.107,0.143,13.8,1754.3,18.5,2354.1,1.9,3.3,39,93,326,365,1496.0,190362.0,113.6,14451.2,0.144,0.22,15.9,2021.8,24.2,3084.2,2.0,3.3,13,31,77,90
16145385,Modern and Stylish apartment in downtown Reykjavik,"Our apartment is located right in front of one of the most popular landmarks Reykjavik, the church Hallgrimskirkja.   Einar Jonsson Sculpture Museu...<br /><br /><b>The space</b><br />Our apartment is located right in front of one of the most popular landmarks Reykjavik, the church Hallgrimskirkja.   Einar Jonsson Sculpture Museum is also just few meters away.   Skólavörðustígur is just around the corner, there you find small grocery store called Krambúðin and its open 24/7, Boutique stores, Restaurants and Bars.  The main street Laugavegur is just 430 meter from the apartment.  So everything that Reykjavik has to offer is in  walking distance from our apartment.<br /><br />Our apartment has two bedrooms, the master bedroom is on the second floor and has King Size ( 180x200 cm ) bed and also Single bed (90x200cm).  The second bedroom is on the main floor and has nice bunk bed with  double bed ( 140x200 cm ) in lower level, and single bed ( 90x200cm ) bed in the upper level.  The kitchen is fully loaded with everything you need.  The apartment and the whole building was recently renovated.  <br />We have private parking outside / under the building.  If you planning on taking tours then bus stop number 8 is just across the street next to the church Hallgrimskirkja.<br /><br />We have baby crib and high chair for your children.<br /><br />We provide linen, towels and soap etc.<br /><br />We manage over 100 properties here in Iceland, most of them in Reykjavik area and also few outside of Reykjavik.  Please let us know if you would like to split your stay, some nights in Reykjavik and some outside of Reykjavik.  We also offer long term renting.<br /><br />Permit license number : HG-00014619<br /><br />Property Manager : Kjartan D / Birta Rentals<br /><br /><b>Registration Details</b><br />HG-00014619",Entire rental unit,entire_home,https://a0.muscache.com/im/pictures/prohost-api/Hosting-16145385/original/73fe606a-cc03-490d-8709-9cdf3c351092.jpeg,31,"https://a0.muscache.com/im/pictures/prohost-api/Hosting-16145385/original/73fe606a-cc03-490d-8709-9cdf3c351092.jpeg,https://a0.muscache.com/im/pictures/prohost-api/Hosting-16145385/original/a0079e07-59a4-415a-8bd1-ccf3488b86d8.jpeg,https://a0.muscache.com/im/pictures/prohost-api/Hosting-16145385/original/7aefa77f-5481-45c3-a633-e2562ace5f12.jpeg,https://a0.muscache.com/im/pictures/prohost-api/Hosting-16145385/original/5899596e-746e-470e-bd22-e89f1d2c2ed3.jpeg,https://a0.muscache.com/im/pictures/prohost-api/Hosting-16145385/original/d85f691f-65b8-4ea2-8356-72f501091af6.jpeg,https://a0.muscache.com/im/pictures/prohost-api/Hosting-16145385/original/72e631e3-adde-4160-b406-2dda23b218c4.jpeg,https://a0.muscache.com/im/pictures/prohost-api/Hosting-16145385/original/802353f1-e7c4-48fc-bbbb-b80324d528b3.jpeg,https://a0.muscache.com/im/pictures/prohost-api/Hosting-16145385/original/7b534ef8-fe14-4753-a88f-9e47f8792a04.jpeg,https://a0.muscache.com/im/pictures/prohost-api/Hosting-16145385/original/5696c66b-6e87-41be-a94d-2bdeba191232.jpeg,https://a0.muscache.com/im/pictures/prohost-api/Hosting-16145385/original/77327402-a983-40bd-b3da-9ada53fd9e29.jpeg,https://a0.muscache.com/im/pictures/prohost-api/Hosting-16145385/original/bff9c0c7-e7fc-4267-ba7c-03e34d2a4061.jpeg,https://a0.muscache.com/im/pictures/prohost-api/Hosting-16145385/original/c7ca12ac-4401-4e1e-8526-731804d3f0de.jpeg,https://a0.muscache.com/im/pictures/prohost-api/Hosting-16145385/original/5a0eba18-09c7-4aaf-a2ae-29ed49c379a9.jpeg,https://a0.muscache.com/im/pictures/prohost-api/Hosting-16145385/original/b6e94d7f-d444-4f24-8b44-ea9a23b0c467.jpeg,https://a0.muscache.com/im/pictures/prohost-api/Hosting-16145385/original/f25cb342-ab1d-4b10-8a5b-7f85480bb444.jpeg,https://a0.muscache.com/im/pictures/prohost-api/Hosting-16145385/original/dcbaa565-8fd7-4e30-93b2-1f7b98aadc32.jpeg,https://a0.muscache.com/im/pictures/prohost-api/Hosting-16145385/original/a9675cc7-b897-4e5d-b162-fafaf6d77c84.jpeg,https://a0.muscache.com/im/pictures/prohost-api/Hosting-16145385/original/0f2e6483-f5e7-4acb-bc98-04fee1036ab7.jpeg,https://a0.muscache.com/im/pictures/prohost-api/Hosting-16145385/original/112a27a8-096c-47be-9cdd-60977c28422d.jpeg,https://a0.muscache.com/im/pictures/prohost-api/Hosting-16145385/original/925ffa87-06da-43d2-97fe-cdc28af9f9f4.jpeg,https://a0.muscache.com/im/pictures/prohost-api/Hosting-16145385/original/332ede85-f3de-42e5-ae08-82074113f97f.jpeg,https://a0.muscache.com/im/pictures/prohost-api/Hosting-16145385/original/5cf13786-50dd-4530-ab90-0a2bb5559ff7.jpeg,https://a0.muscache.com/im/pictures/prohost-api/Hosting-16145385/original/58dc6f36-d9ab-4e19-9ce4-0dd065037a5a.jpeg,https://a0.muscache.com/im/pictures/prohost-api/Hosting-16145385/original/85340789-0fa3-4685-adb2-13aa1b9c80d0.jpeg,https://a0.muscache.com/im/pictures/prohost-api/Hosting-16145385/original/c0302aaf-d8dc-4a9e-a98d-405a2870194f.jpeg,https://a0.muscache.com/im/pictures/prohost-api/Hosting-16145385/original/90f85f4f-b53e-4ad4-90d2-e9433eb8292c.jpeg,https://a0.muscache.com/im/pictures/prohost-api/Hosting-16145385/original/dee229f1-6ca4-4f03-bb29-df3702b127ee.jpeg,https://a0.muscache.com/im/pictures/prohost-api/Hosting-16145385/original/a02ac892-85fa-4701-8be2-d3088ff42095.jpeg,https://a0.muscache.com/im/pictures/prohost-api/Hosting-16145385/original/c56fc507-0cf8-4107-822e-3f3806876732.jpeg,https://a0.muscache.com/im/pictures/prohost-api/Hosting-16145385/original/cd033113-422c-4a86-8db8-9b71a5e90d1a.jpeg,https://a0.muscache.com/im/pictures/prohost-api/Hosting-16145385/original/e0a990d9-8119-4188-8fe2-a48f46e1eedc.jpeg",19356022,Kjartan,"","",false,64.1434,-21.9305,6,2,4,1.0,true,"Bathtub,Hair dryer,Shampoo,Hot water,Washer,Dryer,Essentials,Hangers,Bed linens,Iron,TV,Pack ’n play/Travel crib,High chair,Air conditioning,Heating,Smoke alarm,Fire extinguisher,First aid kit,Wifi,Dedicated workspace,Kitchen,Refrigerator,Microwave,Cooking basics,Dishes and silverware,Freezer,Dishwasher,Stove,Oven,Hot water kettle,Coffee maker,Wine glasses,Toaster,Patio or balcony,BBQ grill,Free parking on premises,Long term stays allowed",,true,3,Super Strict 30 Days,3:00 PM,11:00 AM,false,false,ISK,160,0,true,53,4.81,4.8,5.0,4.8,4.8,5.0,4.7,9742.0,1279911.0,653.8,83587.5,0.036,0.138,24.9,3283.5,96.8,12749.7,2.9,3.3,13,271,352,365,0.0,0.0,698.2,88841.5,0.0,0.0,0.0,0.0,0.0,0.0,2.7,0.0,0,90,90,90
16184348,Loft Apartments - Downtown City Central,"Well equipped Luxury Apartment in Reykjavik Center.<br /><br />My place is close to nightlife, public transport, and family-friendly activities. You’ll love my place because of the kitchen, the location, and the cosiness. My place is good for couples, solo adventurers, business travellers, and families (with kids).<br /><br /><b>The space</b><br />The apartment which is more like a hotel apartment is a luxury apartment placed in the most popular down town area.<br />From the apartment it takes only 3 minutes to walk to the largest shopping street in Reykjavik with selection of shops, restaurants and bars. Mountain view from the apartment and 5 min walk to the ocean where also the Reykjavik Music Hall is located.<br /><br /><b>Guest access</b><br />The Apartment is fully with Internet and 50” flat screen Smart TV  <br />Towels and linens are provided upon arrival.   <br /><br />Baby crib and baby chair can be organized but needs to be requested in advance.<br /><br /><b>Other things to note</b><br />You can drink the water from the tab, it’s perfectly clean, pure spring water. You can buy water in grocery stores and restaurants if you want, but its exactly the same water. <br />The hot water sometimes smells of sulphur. It’s because we get it directly from natural hot springs.<br /><br />To throw away garbage open the door right to the main entrance.   The key for that door is hanging next to the door in the apartment.  Please make sure the bag has a tight knot.  All glass and plastic bottles can be left in the kitchen.",Entire rental unit,entire_home,https://a0.muscache.com/im/pictures/4d203819-d845-4363-a2f9-4dfc2b62dbe5.jpg,5,"https://a0.muscache.com/im/pictures/4d203819-d845-4363-a2f9-4dfc2b62dbe5.jpg,https://a0.muscache.com/im/pictures/fb896bf1-a50b-4b63-83bd-d4b239d82ea1.jpg,https://a0.muscache.com/im/pictures/5f0e6047-cb10-4da5-9e1c-60eb4a64c787.jpg,https://a0.muscache.com/im/pictures/c1fdf124-d919-43a5-bfee-bf5994189f7a.jpg,https://a0.muscache.com/im/pictures/ce0b223a-303e-4237-bdae-d2101a827534.jpg",25341346,Gunnar,"","",false,64.1444,-21.9201,7,2,3,1.0,false,"Hair dryer,Cleaning products,Hot water,Washer,Essentials,Hangers,Bed linens,Room-darkening shades,Iron,Clothing storage,TV,Heating,Smoke alarm,Carbon monoxide alarm,Fire extinguisher,First aid kit,Wifi,Kitchen,Cooking basics,Dishes and silverware,Dishwasher,Stove,Oven,Patio or balcony,Elevator,Paid parking off premises,Long term stays allowed",,false,3,Strict,3:00 PM,11:00 AM,false,false,ISK,83,0,true,114,4.56,4.6,4.7,4.2,4.6,4.9,4.5,39697.0,5060085.0,271.8,34718.9,0.364,0.364,102.4,13053.0,102.4,13053.0,3.0,4.4,133,0,232,365,2575.0,327671.0,269.9,34350.3,0.089,0.089,25.8,3288.7,25.8,3288.7,3.0,2.7,8,0,82,90
16267204,Downtown Scandinavian design apartment.,,Entire rental unit,entire_home,https://a0.muscache.com/im/pictures/38dddab2-d35f-4d6a-a283-9aae5e9e856a.jpg,15,,59061687,Haukur,33120846,Tinna,true,64.1432,-21.9282,4,1,2,1.0,false,"High chair,TV,Wifi,Crib,Kitchen,Room-darkening shades,Hot water kettle,Books and reading material,Pets allowed,Hot water,Body soap,Bed linens,Free street parking,Microwave,Cleaning products,Coffee maker,Refrigerator,Drying rack for clothing,Dishes and silverware,Heating,Cooking basics,Oven,Coffee,Stove,Wine glasses,Washer,Beach access,Smoke alarm,Shower gel,First aid kit,Fire extinguisher,Essentials,Hangers,Dining table,Hair dryer,Iron,Dedicated workspace,Baking sheet,Freezer,Toaster",,false,3,Firm,,,,,ISK,56,0,,226,4.93,5.0,4.9,4.9,5.0,5.0,4.9,56602.0,7230138.0,249.2,31831.4,0.562,0.562,148.2,18930.0,148.2,18930.0,3.1,3.9,205,0,160,365,0.0,0.0,207.9,26460.7,0.0,0.0,0.0,0.0,0.0,0.0,2.9,0.0,0,0,90,90
16332146,City Comfort Apartments 401,,Entire rental unit,entire_home,https://a0.muscache.com/im/pictures/hosting/Hosting-U3RheVN1cHBseUxpc3Rpbmc6MTYzMzIxNDY%3D/original/082f0b04-b0c4-41cf-acdc-884d079e7ce6.jpeg,17,,448400369,Greenkey,51348660,Kamilla,false,64.1432,-21.9158,4,2,3,1.0,false,"Hair dryer,Shampoo,Washer,Dryer,Essentials,Hangers,Iron,TV,Heating,Smoke alarm,Fire extinguisher,Wifi,Kitchen,Dishes and silverware,Elevator",,false,3,Firm,,,,,ISK,0,0,,14,4.86,4.9,4.9,4.8,5.0,4.9,4.7,49083.0,6284316.0,383.4,48965.1,0.312,0.502,134.5,17217.3,216.2,27684.2,2.5,3.2,114,138,251,365,1689.0,214924.0,315.1,40093.6,0.067,0.14,18.8,2388.0,39.3,4998.2,2.7,3.0,6,47,84,90
16335007,City Comfort Apartments 402,,Entire rental unit,entire_home,https://a0.muscache.com/im/pictures/hosting/Hosting-U3RheVN1cHBseUxpc3Rpbmc6MTYzMzUwMDc%3D/original/7cefeb12-ece0-442f-8acf-2dcb7da04515.jpeg,11,,448400369,Greenkey,51348660,Kamilla,false,64.1424,-21.9155,2,,1,1.0,false,"Hair dryer,Shampoo,Washer,Dryer,Essentials,Hangers,Iron,TV,Heating,Smoke alarm,Fire extinguisher,Wifi,Kitchen,Dishes and silverware,Elevator",,false,3,Firm,,,,,ISK,0,0,,11,4.64,4.9,4.7,4.5,4.9,4.7,4.7,23597.0,3004538.0,259.6,33198.8,0.255,0.263,64.6,8231.6,66.7,8487.4,3.0,3.0,93,11,272,365,6107.0,777115.0,197.0,25066.7,0.344,0.392,67.9,8634.6,77.3,9836.9,2.3,1.9,31,11,59,90
16335142,City Comfort Apartments 404,,Entire rental unit,entire_home,https://a0.muscache.com/im/pictures/hosting/Hosting-U3RheVN1cHBseUxpc3Rpbmc6MTYzMzUxNDI%3D/original/f2b31993-b7c9-41ce-b642-45af1b5fd117.jpeg,12,,448400369,Greenkey,51348660,Kamilla,false,64.1423,-21.9150,4,1,2,1.0,false,"TV,Washer,Dryer,Smoke alarm,Wifi,Fire extinguisher,Kitchen,Essentials,Shampoo,Lock on bedroom door,Hangers,Hair dryer,Iron,Elevator,Dishes and silverware,Heating",,false,3,Firm,,,,,ISK,0,0,,3,5.0,5.0,5.0,5.0,5.0,5.0,5.0,19282.0,2461757.0,262.8,33602.1,0.178,0.223,52.8,6744.5,66.3,8459.6,3.2,5.0,65,74,300,365,1328.0,168987.0,193.7,24651.0,0.078,0.078,14.8,1877.6,14.8,1877.6,3.0,7.0,7,0,83,90
16336972,"City Center 1st Floor with Ocean View, Walk to All",,Entire rental unit,entire_home,https://a0.muscache.com/im/pictures/c5974b99-3ba7-4654-a0c7-9c34ca36fa4f.jpg,30,,106949720,Lovisa,232344934,Bára,true,64.1431,-21.9118,4,1,2,1.0,false,"TV,Wifi,Kitchen,Paid parking off premises,Hot water,Microwave,Refrigerator,Dishes and silverware,Heating,Cooking basics,Oven,Paid parking on premises,Stove,Beach access,Smoke alarm,Essentials,Long term stays allowed,Shampoo,Hangers,Hair dryer,Iron",true,,1,Moderate,,,,,ISK,60,0,,559,4.66,4.8,4.8,4.8,4.8,4.8,4.7,6875.0,891528.0,156.8,20096.1,0.115,0.17,16.9,2191.5,24.9,3238.5,1.0,2.0,42,118,323,365,0.0,0.0,0.0,0.0,0.0,0.0,0.0,0.0,0.0,0.0,1.0,0.0,0,0,90,90
16413465,"Private entrance apartment, perfect location","A modern flat, built 2005, with a private entrance and everything you need to have a pleasant stay, like: Smart TV, DVD/CD/Bluray player with Bluetooth, fully equipped kitchen, dishwasher, washing machine and a piano. Free unlimited high speed Wi-Fi. <br />A short walk from the flightbus drop-off. 10-15 min. walk to Reykjavik Center.<br />Next door a popular Cafè/Bistro and bakery. Across the street a swimming pool with hot tubs. Gourmet Grocery store.<br />See also on Fb: Melhagi apartment <br />HG-00000082<br /><br /><b>The space</b><br />Newly built house (2005) in an friendly and quiet neighbourhood, close to the City Center.<br />The apartment has an official operating approval. <br />The registration number is HG-00000082<br /><br /><b>Guest access</b><br />Entire flat, outdoor patio and garden<br /><br /><b>Other things to note</b><br />The apartment has an official operating approval. <br />The registration number is HG-00000082<br /><br /><b>Registration Details</b><br />HG-00000082",Entire rental unit,entire_home,https://a0.muscache.com/im/pictures/5c17d2e9-177c-435a-8ccf-5cb1360b89b1.jpg,15,"https://a0.muscache.com/im/pictures/5c17d2e9-177c-435a-8ccf-5cb1360b89b1.jpg,https://a0.muscache.com/im/pictures/983c9d57-9450-444d-8743-941de1119ded.jpg,https://a0.muscache.com/im/pictures/7128bc4d-e9e7-412d-a3d7-70b0ab467ddb.jpg,https://a0.muscache.com/im/pictures/0f1540a2-ed11-4ade-994d-479e074d15f0.jpg,https://a0.muscache.com/im/pictures/be9c3e43-c707-4330-b9bf-52a11937bdd8.jpg,https://a0.muscache.com/im/pictures/c6676236-348e-4c23-b518-528cbf4ef12b.jpg,https://a0.muscache.com/im/pictures/3cd8b4c1-57fe-4bcf-9d51-a77daf0c51a5.jpg,https://a0.muscache.com/im/pictures/d6e492a1-d1a0-4384-91cb-4a70befc1953.jpg,https://a0.muscache.com/im/pictures/94d9a108-70b5-455d-a7a7-edc6109c4660.jpg,https://a0.muscache.com/im/pictures/3ae76f7b-db66-4d9a-aec1-02b0c70df1d5.jpg,https://a0.muscache.com/im/pictures/882b7dd5-1d20-4ecb-a8d2-505dfd9f9523.jpg,https://a0.muscache.com/im/pictures/92be2a52-110d-4e73-a2fa-93a404af4081.jpg,https://a0.muscache.com/im/pictures/8bedbcc6-8129-484f-a128-073096ffd23a.jpg,https://a0.muscache.com/im/pictures/b67831ec-6393-4873-8749-1a16bc686956.jpg,https://a0.muscache.com/im/pictures/32b80f38-f0aa-4273-84be-57e0a28711a5.jpg",107556833,Linda,"","",true,64.1447,-21.9604,2,1,2,1.0,true,"Bathtub,Hair dryer,Cleaning products,Shampoo,Hot water,Shower gel,Washer,Dryer,Essentials,Hangers,Bed linens,Extra pillows and blankets,Room-darkening shades,Iron,Drying rack for clothing,Clothing storage,Ethernet connection,TV,Piano,Books and reading material,Heating,Smoke alarm,Fire extinguisher,First aid kit,Wifi,Kitchen,Refrigerator,Cooking basics,Dishes and silverware,Freezer,Dishwasher,Stove,Oven,Hot water kettle,Coffee maker,Wine glasses,Toaster,Baking sheet,Blender,Dining table,Coffee,Private entrance,Laundromat nearby,Patio or balcony,Backyard,Outdoor furniture,Outdoor dining area,Free street parking,Pool,Sauna,Single level home",,false,3,Firm,2:00 PM,12:00 PM,true,false,ISK,64,0,true,100,4.98,5.0,5.0,5.0,5.0,4.9,4.8,36343.0,4663838.0,254.0,32467.2,0.381,0.743,94.8,12175.2,185.1,23764.4,3.0,5.0,139,178,226,365,0.0,0.0,268.5,34166.6,0.0,0.0,0.0,0.0,0.0,0.0,3.0,0.0,0,85,90,90
16417694,Cozy apartment across from Hallgrimskirkja,"Be welcome to a classy two-bedroom apartment in Reykavik´s center, with inspiring views of the city´s major landmark Hallgrimskirkja.<br /><br /><b>The space</b><br />This two-bedroom apartment has a spacious living room and kitchen, perfect for a couple, friends, or small family to enjoy all that Reykjavik has to offer. Located downtown Reykjavík, the apartment faces Hallgrímskirkja, a view sure to uplift hearts and thrill people-watchers. Spotlessly tidy and effortlessly ordered, the apartment will appeal especially to visitors with a taste for Nordic design. The floors are wood throughout, with stone tile lining the bathroom. There are two bedrooms with ample storage space to allow travellers to unpack and enjoy their rest while at home. Bedrooms and bathroom are well equipped with pillows, duvets, sheets, and towels to ensure all comforts are taken care of.<br /><br /><b>Guest access</b><br />The whole apartment is for our guests.<br /><br /><b>Registration Details</b><br />HG-00000526",Entire rental unit,entire_home,https://a0.muscache.com/im/pictures/15696d4d-e3fa-4c85-8b86-e355aa3417e0.jpg,16,"https://a0.muscache.com/im/pictures/15696d4d-e3fa-4c85-8b86-e355aa3417e0.jpg,https://a0.muscache.com/im/pictures/45a9a247-32ab-4637-a788-1301b86d504b.jpg,https://a0.muscache.com/im/pictures/miso/Hosting-16417694/original/14e56cb3-9a51-4665-af7f-225fc49f8422.jpeg,https://a0.muscache.com/im/pictures/miso/Hosting-16417694/original/e2f9fa21-c01c-454e-8da0-4656e13ea184.jpeg,https://a0.muscache.com/im/pictures/6d8b78aa-e411-4758-9670-1d6e28f5f40b.jpg,https://a0.muscache.com/im/pictures/da18cfb4-0832-4113-9c34-192b8e8f400c.jpg,https://a0.muscache.com/im/pictures/dcbfacf8-8079-4195-b8c0-2f9ee67b14a4.jpg,https://a0.muscache.com/im/pictures/96be2bf4-dadb-4caa-8eba-34a11dde60dc.jpg,https://a0.muscache.com/im/pictures/c21a018b-ab34-4149-9d44-e24ec41d77d2.jpg,https://a0.muscache.com/im/pictures/c4447ea5-5557-4afb-979e-7bbaa4b7602f.jpg,https://a0.muscache.com/im/pictures/b262fae2-d726-4e40-8017-1321b1961e1f.jpg,https://a0.muscache.com/im/pictures/456970e5-0507-4070-b891-a42b7d2008a7.jpg,https://a0.muscache.com/im/pictures/d476e75a-5d0e-414c-b4c1-bf21941b22dc.jpg,https://a0.muscache.com/im/pictures/fac881f2-a621-45c3-be74-97418eef522c.jpg,https://a0.muscache.com/im/pictures/862ce0b2-dda5-4d85-826b-69850dd36c87.jpg,https://a0.muscache.com/im/pictures/ede0f4ee-9227-4187-8360-82c840a775c5.jpg",55826925,Anna,"38496528,55743566","Nína,Sigtryggur",true,64.1429,-21.9296,5,2,3,1.0,true,"Hair dryer,Cleaning products,Shampoo,Conditioner,Body soap,Hot water,Shower gel,Washer,Essentials,Hangers,Bed linens,Extra pillows and blankets,Drying rack for clothing,Clothing storage,TV,Pack ’n play/Travel crib,High chair,Heating,Smoke alarm,Fire extinguisher,First aid kit,Wifi,Kitchen,Refrigerator,Cooking basics,Dishes and silverware,Dishwasher,Stove,Oven,Hot water kettle,Wine glasses,Toaster,Blender,Coffee,Paid parking off premises",,false,3,Moderate,3:00 PM,12:00 PM,true,false,ISK,54,0,true,184,4.94,4.9,4.9,4.9,5.0,5.0,4.8,84081.0,1.0737308E7,361.6,46207.1,0.581,0.581,222.5,28419.6,222.5,28419.6,3.0,3.7,212,0,153,365,10548.0,1342219.0,263.9,33586.8,0.422,0.422,110.0,13997.4,110.0,13997.4,3.0,3.2,38,0,52,90
16424255,"Downtown-Large-Luxury-Comfort-room \"free parking\"","The apartment is on the second floor of a four floors building. The apartment has 4 bedrooms and all of them are rented to travelers. One of the bedrooms have a private bathroom but you will share another bathroom and the kitchen, which is spacious and fully equipped.<br /><br />Free public parking across the street.<br /><br /><b>The space</b><br />The apartment is located in a friendly neighborhood in the old part of the residential city center. It is only 950 meters from the city center itself and  600 meters from Grandi harbor, which up until recently, was limited to anything “fishy”. However, over the past couple of years, the area has evolved into a fantastic conglomeration of restaurants, shops, museums, and IT businesses, as well as fishing boats and baiting huts. Grandi is literally teeming with life. There are small fishing boats regularly coming into the harbor to land their catch, and then there is the dry dock where bigger trawlers are being repaired. The scenery isn't half bad either— there´s the panoramic view out over Faxaflói bay and Mount Esja rises majestically in the distance. The invigorating smell of the sea, the views, eateries, boutiques, cultural activities, and the hustle and bustle of this fashionable part of town make it an ideal place for a leisurely stroll, coffee, shops, and the newest ice cream shop (Italian ice) in Reykjavík. It is very close to the harbor and the city center.   Everything is very close to our place so the best way to travel around our neighborhood is by foot or bike. But the Bus Terminal is just ca. 25 min. walking from our place.<br /><br /><b>Guest access</b><br />Please leave the balcony door and the window open while cooking. We also expect you to clean everything you use and return the things back where you found them. Thank you.<br /><br /><b>During your stay</b><br />I am connected most of the time; send me a message if you need me for any reason.<br />Let me know when you arrive. If I am close I will drop by to say hello.<br /><br /><b>Other things to note</b><br />As I mentioned before, there is a primary school across the street. The school bell rings at 08:30.<br /><br /><b>Registration Details</b><br />REK-2021-013069",Private room in rental unit,private_room,https://a0.muscache.com/im/pictures/miso/Hosting-16424255/original/decd2836-cc2d-4820-ae58-9b86d074a592.jpeg,35,"https://a0.muscache.com/im/pictures/miso/Hosting-16424255/original/decd2836-cc2d-4820-ae58-9b86d074a592.jpeg,https://a0.muscache.com/im/pictures/miso/Hosting-16424255/original/7d8154f1-034b-47a8-b5e1-edafaa36eacf.jpeg,https://a0.muscache.com/im/pictures/miso/Hosting-16424255/original/aae59f24-c3ff-478b-b496-416f190bf850.jpeg,https://a0.muscache.com/im/pictures/miso/Hosting-16424255/original/08508cd9-9919-4d5a-88ad-ed027f2498c5.jpeg,https://a0.muscache.com/im/pictures/0b3a910d-0e13-4213-9ec5-9be94d883bc3.jpg,https://a0.muscache.com/im/pictures/05d99de0-28a8-412d-984d-2b0fd1c3f387.jpg,https://a0.muscache.com/im/pictures/ea734577-f418-4856-8c89-60ae9985390d.jpg,https://a0.muscache.com/im/pictures/52369ff8-3a36-4adb-9a38-add77b11a0ba.jpg,https://a0.muscache.com/im/pictures/bce5c3f3-21a5-4edf-a4ab-244bb8b57319.jpg,https://a0.muscache.com/im/pictures/b2fce1d4-006a-4480-9065-87cc2f3c158b.jpg,https://a0.muscache.com/im/pictures/62b14432-ab76-45f5-9d9f-3e6130224bce.jpg,https://a0.muscache.com/im/pictures/368afdfc-2fa1-4b2c-ac2b-75ccaef2e48c.jpg,https://a0.muscache.com/im/pictures/773d1a23-4062-49d5-89c2-602f0dac1a95.jpg,https://a0.muscache.com/im/pictures/4b470be3-4f3f-438f-9976-80dfdc8d018a.jpg,https://a0.muscache.com/im/pictures/98d5cb38-9b08-4bbe-b7c2-633dc9cca463.jpg,https://a0.muscache.com/im/pictures/6514c21a-62d4-4ed9-9a74-490855f08e4b.jpg,https://a0.muscache.com/im/pictures/5cab5b10-9016-4aa7-8b05-5074c73cbd2e.jpg,https://a0.muscache.com/im/pictures/7a5278fb-27a2-476c-84f0-daf18f761195.jpg,https://a0.muscache.com/im/pictures/6b401dde-65a2-42a8-b065-ab489172ffc5.jpg,https://a0.muscache.com/im/pictures/6626ff3f-c929-41ef-a4bd-74408903dbd6.jpg,https://a0.muscache.com/im/pictures/35b1fb1e-1d07-4993-ac78-2219e6006746.jpg,https://a0.muscache.com/im/pictures/03c85dbd-d7b8-4946-8f2d-64c718de83ec.jpg,https://a0.muscache.com/im/pictures/006a01fa-d324-4895-af66-537d7cad0b67.jpg,https://a0.muscache.com/im/pictures/ae0b649c-592c-400f-a0e9-93dbdd22cfbe.jpg,https://a0.muscache.com/im/pictures/9d406e7f-a9fb-4b13-8de2-d8676f85d4e8.jpg,https://a0.muscache.com/im/pictures/db825cc6-c999-43ff-b99f-5d73042d979a.jpg,https://a0.muscache.com/im/pictures/c0ddb0e8-885d-40db-b46a-f1587d99d361.jpg,https://a0.muscache.com/im/pictures/49e1fca4-1e55-4039-9ba1-8182ec8e3048.jpg,https://a0.muscache.com/im/pictures/61e79d25-a807-4417-b511-bb13f36fb68c.jpg,https://a0.muscache.com/im/pictures/24fd5b9c-a8ff-42d6-9698-4bf4fb21b962.jpg,https://a0.muscache.com/im/pictures/d6e45517-87ec-47a1-811c-431a15a75eb0.jpg,https://a0.muscache.com/im/pictures/5d17ac89-730a-4170-9354-7b0baad90083.jpg,https://a0.muscache.com/im/pictures/07e4baa2-6e50-4194-9ef4-742d7d51319b.jpg,https://a0.muscache.com/im/pictures/9780a739-3b4e-457d-ae17-751e333b963e.jpg,https://a0.muscache.com/im/pictures/61b89003-4881-45be-8675-08861550fce1.jpg",6413199,Maria,"","",true,64.1498,-21.9571,,,1,0.0,true,"Hair dryer,Cleaning products,Shampoo,Body soap,Hot water,Shower gel,Washer,Essentials,Hangers,Bed linens,Extra pillows and blankets,Iron,Drying rack for clothing,Clothing storage,TV,Books and reading material,Window guards,Board games,Air conditioning,Heating,Smoke alarm,Carbon monoxide alarm,Fire extinguisher,First aid kit,Wifi,Kitchen,Refrigerator,Microwave,Cooking basics,Dishes and silverware,Mini fridge,Stove,Oven,Hot water kettle,Coffee maker,Wine glasses,Toaster,Baking sheet,Blender,Dining table,Coffee,Patio or balcony,Free street parking,Luggage dropoff allowed,Long term stays allowed",,false,1,Moderate,4:00 PM,10:00 AM,true,true,ISK,0,0,true,645,4.85,4.9,4.9,4.9,4.9,4.8,4.8,18339.0,2356535.0,148.0,18912.2,0.312,0.655,50.2,6456.3,105.4,13543.3,1.0,1.6,114,191,251,365,0.0,0.0,126.3,16073.0,0.0,0.0,0.0,0.0,0.0,0.0,1.0,0.0,0,87,90,90
16425116,"Downtown-Luxury-Large-Warm-Cozy-Room\"free parking\"","The apartment is on the second floor of a four floors building. The apartment has 4 bedrooms and all of them are rented to travelers. One of the bedrooms havea private bathroom. You will share the bathroom and the the kitchen, which is spacious and fully equipped.<br />Free public parking across the street.<br /><br /><b>The space</b><br />The apartment is located in a friendly neighborhood in the old part of the residential city center. It is only 950 meters from the city center itself and  600 meters from Grandi harbor, which up until recently, was limited to anything “fishy”. However, over the past couple of years, the area has evolved into a fantastic conglomeration of restaurants, shops, museums, and IT businesses, as well as fishing boats and baiting huts. Grandi is literally teeming with life. There are small fishing boats regularly coming into the harbor to land their catch, and then there is the dry dock where bigger trawlers are being repaired. The scenery isn't half bad either— there´s the panoramic view out over Faxaflói bay and Mount Esja rises majestically in the distance. The invigorating smell of the sea, the views, eateries, boutiques, cultural activities, and the hustle and bustle of this fashionable part of town make it an ideal place for a leisurely stroll, coffee, shops, and the newest ice cream shop (Italian ice) in Reykjavík. It is very close to the harbor and the city center.   Everything is very close to our place so the best way to travel around our neighborhood is by foot or bike. But the Bus Terminal is just ca. 25 min. walking from our place.<br /><br /><b>Guest access</b><br />please open the balcony's door and the window while cooking. We also expect you to clean everything you use and return the things back where you found them. Thank you.<br /><br /><b>During your stay</b><br />I am connected most of the time; send me a message if you need me for any reason.<br />Let me know when you arrive. If I am close I will drop by to say hello.<br /><br /><b>Other things to note</b><br />As I mentioned before, there is a primary school across the street. The school bell rings at 08:30.<br /><br /><b>Registration Details</b><br />VAT89553ID5502060480",Private room in rental unit,private_room,https://a0.muscache.com/im/pictures/miso/Hosting-16425116/original/34bb784d-d71d-4976-ac91-47a47ced7825.jpeg,30,"https://a0.muscache.com/im/pictures/miso/Hosting-16425116/original/34bb784d-d71d-4976-ac91-47a47ced7825.jpeg,https://a0.muscache.com/im/pictures/miso/Hosting-16425116/original/6ff8e746-861d-4e95-bf69-5fca8f67ef6d.jpeg,https://a0.muscache.com/im/pictures/miso/Hosting-16425116/original/977b3c84-160d-4fb4-b77a-9d60ec039bfa.jpeg,https://a0.muscache.com/im/pictures/miso/Hosting-16425116/original/e5e07222-bc11-4d59-b1b6-bfbbecb74918.jpeg,https://a0.muscache.com/im/pictures/miso/Hosting-16425116/original/020f45b3-23ab-4208-ae96-811826cb3f0d.jpeg,https://a0.muscache.com/im/pictures/miso/Hosting-16425116/original/19708e38-a627-4479-9a9c-f7f8f9d7cfae.jpeg,https://a0.muscache.com/im/pictures/11993529-01d0-4e7a-b09b-04023c78052a.jpg,https://a0.muscache.com/im/pictures/94aadbf6-0f78-4ab3-8f22-c273b8559e6d.jpg,https://a0.muscache.com/im/pictures/75557639-7be3-46a0-ab8a-fe2da2f65a4a.jpg,https://a0.muscache.com/im/pictures/3f6d4b47-3e92-4aa8-a9b8-5a62c4331d53.jpg,https://a0.muscache.com/im/pictures/68be8d3a-0932-44ea-992b-aed3f5108c9e.jpg,https://a0.muscache.com/im/pictures/da2271a4-0db5-480f-a4cf-25a9f35e608b.jpg,https://a0.muscache.com/im/pictures/0cbf62de-2c3e-403d-8b3a-356fab4e0448.jpg,https://a0.muscache.com/im/pictures/c1e76065-fcf5-49ec-8b8c-44ce047ab212.jpg,https://a0.muscache.com/im/pictures/6ae9abf3-de5f-423b-a6b1-839a2785cb28.jpg,https://a0.muscache.com/im/pictures/fd0c6437-c70b-433d-b1db-0d2d18fac7fb.jpg,https://a0.muscache.com/im/pictures/803ebf27-d7c6-4bae-8a4e-576518d0fa7d.jpg,https://a0.muscache.com/im/pictures/2924b8c5-7834-40c1-8ded-edc8bd8ee36e.jpg,https://a0.muscache.com/im/pictures/96ac1245-b0e2-47ce-a620-0fe0055d89bd.jpg,https://a0.muscache.com/im/pictures/67a1def8-47b3-4038-af19-b11bba4a3c36.jpg,https://a0.muscache.com/im/pictures/a0977e66-27af-45f6-b043-caf9941fd564.jpg,https://a0.muscache.com/im/pictures/4d860838-a84a-4278-8e24-140a5df52d9b.jpg,https://a0.muscache.com/im/pictures/23d85a5c-1296-4fc2-9ce2-cefce11633d3.jpg,https://a0.muscache.com/im/pictures/70e16960-db36-4e77-aa63-69b93060980d.jpg,https://a0.muscache.com/im/pictures/b8d2f10f-c692-479e-8d87-37e32ce48801.jpg,https://a0.muscache.com/im/pictures/f97289c3-6d08-4dd7-8009-284ea3db1a2d.jpg,https://a0.muscache.com/im/pictures/08962910-9730-4de9-b372-c5362d8c257a.jpg,https://a0.muscache.com/im/pictures/a5c370e6-4fab-4d14-8f7a-d934177ccdb5.jpg,https://a0.muscache.com/im/pictures/fcbb8f9a-0249-48b4-a84b-c9faea166955.jpg,https://a0.muscache.com/im/pictures/ea014e15-b282-4392-8a96-0ed42a28e290.jpg",6413199,Maria,"","",true,64.1498,-21.9571,,,1,0.0,true,"Hair dryer,Cleaning products,Shampoo,Body soap,Hot water,Shower gel,Washer,Essentials,Hangers,Bed linens,Extra pillows and blankets,Room-darkening shades,Iron,Drying rack for clothing,Clothing storage,TV,Books and reading material,Window guards,Board games,Heating,Smoke alarm,Carbon monoxide alarm,Fire extinguisher,First aid kit,Wifi,Dedicated workspace,Kitchen,Refrigerator,Microwave,Cooking basics,Dishes and silverware,Mini fridge,Stove,Oven,Hot water kettle,Coffee maker,Wine glasses,Toaster,Baking sheet,Blender,Dining table,Coffee,Laundromat nearby,Patio or balcony,Free street parking,Luggage dropoff allowed,Long term stays allowed",,false,1,Moderate,4:00 PM,10:00 AM,false,true,ISK,0,0,true,635,4.85,4.9,4.9,4.9,4.9,4.8,4.8,22923.0,2943619.0,145.4,18582.2,0.427,0.716,62.8,8064.7,105.2,13502.8,1.0,1.5,156,147,209,365,114.0,14506.0,122.0,15520.2,0.011,0.125,1.3,161.2,14.2,1813.2,1.0,1.0,1,82,89,90
16513422,Luxury Apartment - Odinsgata,"Óðinn Reykjavík is an apartment hotel located in the heart of the Icelandic capital, Reykjavik. Óðinn Reykjavík provides their guest with a perfect accommodation in a cozy environment, in walking distance form all major attractions in the capital area.<br /><br /><b>The space</b><br />Óðinn second floor luxury apartment is 85m2, located on the 2nd floor. Accommodates 8 persons in 2 bedrooms and a sofa bed located in the living room. The apartment features a large living room, 2 bathrooms and a fully equipped kitchen.<br /><br /><b>Guest access</b><br />High-speed Wifi serves the whole apartment.<br /><br />Towel and linens are provided upon arrival.<br /><br />Baby crib and baby chair is available upon request.",Entire rental unit,entire_home,https://a0.muscache.com/im/pictures/9ad71808-4582-40f3-98ab-9006d9180e1a.jpg,14,"https://a0.muscache.com/im/pictures/9ad71808-4582-40f3-98ab-9006d9180e1a.jpg,https://a0.muscache.com/im/pictures/fb3105c7-65fe-490b-9a53-db310cedbd0a.jpg,https://a0.muscache.com/im/pictures/b2686878-7b37-4340-a34e-726c48a76da3.jpg,https://a0.muscache.com/im/pictures/d12e64ff-dc7f-4f19-9737-685c7fa48ffe.jpg,https://a0.muscache.com/im/pictures/20fcf4fe-fac1-4d1c-8dbc-0fe2c255e0b8.jpg,https://a0.muscache.com/im/pictures/0919b443-0a6b-488c-9ed8-25cadbcfa822.jpg,https://a0.muscache.com/im/pictures/6a74d388-5cdd-4072-9cb9-e63d99b11e2b.jpg,https://a0.muscache.com/im/pictures/94bcef62-8464-4919-94dd-1337e58f4f4b.jpg,https://a0.muscache.com/im/pictures/e513d92c-98ae-4827-a1be-5df39217346b.jpg,https://a0.muscache.com/im/pictures/fd188185-7217-4e9a-be55-5d9a2eac0cc5.jpg,https://a0.muscache.com/im/pictures/628690b9-ab2e-40eb-842b-ea278583a925.jpg,https://a0.muscache.com/im/pictures/382c305f-90e3-4b77-93e7-ebb210bb5044.jpg,https://a0.muscache.com/im/pictures/9ed6bb21-f6a6-4276-a251-5784572a7dee.jpg,https://a0.muscache.com/im/pictures/7387fcb5-cbe3-479f-83fd-33d9a20e5199.jpg",108539666,Óðinn,115198751,Kristina,false,64.1438,-21.9329,8,2,5,1.0,false,"Hair dryer,Hot water,Washer,Dryer,Essentials,Hangers,Bed linens,TV,Crib,Heating,Smoke alarm,Fire extinguisher,First aid kit,Wifi,Kitchen,Refrigerator,Microwave,Cooking basics,Dishes and silverware,Dishwasher,Stove,Oven,Coffee maker,Patio or balcony,Paid parking on premises,Luggage dropoff allowed",,false,1,Moderate,3:00 PM,10:00 AM,false,true,ISK,119,0,true,163,4.75,4.8,4.8,4.7,4.7,5.0,4.6,105699.0,1.350242E7,507.1,64785.4,0.49,0.513,274.6,35084.5,287.2,36693.0,1.2,1.7,179,16,186,365,9771.0,1243358.0,415.6,52880.7,0.222,0.253,99.3,12637.3,113.1,14396.9,1.3,2.2,20,11,70,90
16524924,Cozy Apartment - Odinsgata,"Óðinn Reykjavík is a boutique apartment hotel located in the heart of the Icelandic capital, Reykjavik. Óðinn Reykjavík provides their guest with a perfect accommodation in a cozy environment, in walking distance form all major attractions in the capital area.<br /><br /><b>The space</b><br />Óðinn ground-floor apartment is 60m2, located on the first floor. The apartment accommodates up to 6 persons in 2 spacious bedrooms and one sofa bed in the living room. The apartment features a bright living room, one bathroom and a fully equipped kitchen. On bedroom is equipped with a queen size bed and a bunk bed, the other one is equipped with 2 single beds that can be attached. The bathroom is equipped with a shower and the living room includes a dining table and a comfortable sofa.<br /><br /><b>Guest access</b><br />High-speed Wifi serves the whole apartment.<br /><br />Towel and linens are provided upon arrival.<br /><br />Baby crib and baby chair is available upon request.",Entire rental unit,entire_home,https://a0.muscache.com/im/pictures/miso/Hosting-16524924/original/64581eb9-ba55-4f6e-8051-000ab5f5ac81.jpeg,9,"https://a0.muscache.com/im/pictures/miso/Hosting-16524924/original/64581eb9-ba55-4f6e-8051-000ab5f5ac81.jpeg,https://a0.muscache.com/im/pictures/miso/Hosting-16524924/original/14e5361c-568f-4625-8a92-0f9c0453baf7.jpeg,https://a0.muscache.com/im/pictures/miso/Hosting-16524924/original/c2a2565a-ae86-4c69-b551-6d298c9d7874.jpeg,https://a0.muscache.com/im/pictures/miso/Hosting-16524924/original/9c0dcc18-1985-4ffb-8f0c-edb54a13be92.jpeg,https://a0.muscache.com/im/pictures/miso/Hosting-16524924/original/8b1c4c0c-1cb1-446b-b1d7-486e476eceff.jpeg,https://a0.muscache.com/im/pictures/miso/Hosting-16524924/original/d03e5eca-ee3d-41dd-b2fa-1a54a71695c0.jpeg,https://a0.muscache.com/im/pictures/miso/Hosting-16524924/original/b1218e96-88dd-42f4-b4f6-9f96e6502fd2.jpeg,https://a0.muscache.com/im/pictures/miso/Hosting-16524924/original/f81534ae-36bc-436b-be03-a98c499a487d.jpeg,https://a0.muscache.com/im/pictures/miso/Hosting-16524924/original/dced376f-47d9-4a39-ada8-3e6f65ad357a.jpeg",108539666,Óðinn,115198751,Kristina,false,64.1448,-21.9318,6,2,4,1.0,false,"Hair dryer,Hot water,Washer,Essentials,Hangers,TV,Crib,Heating,Smoke alarm,Fire extinguisher,First aid kit,Wifi,Kitchen,Refrigerator,Microwave,Cooking basics,Dishes and silverware,Dishwasher,Stove,Oven,Coffee maker,Luggage dropoff allowed",,false,1,Moderate,3:00 PM,10:00 AM,false,true,ISK,119,0,true,113,4.69,4.8,4.8,4.8,4.7,5.0,4.6,78439.0,1.0030887E7,398.1,50854.4,0.466,0.521,199.6,25532.0,223.5,28586.4,1.2,1.8,170,39,195,365,10877.0,1384098.0,352.8,44890.9,0.3,0.314,110.3,14032.8,115.4,14685.5,1.3,1.7,27,4,63,90
16525028,Luxury Penthouse Apartment - Odinsgata,"Óðinn Reykjavík is a boutique apartment hotel located in the heart of the Icelandic capital, Reykjavik. Óðinn Reykjavík provides their guest with a perfect accommodation in a cozy environment, in walking distance form all major attractions in the capital area.<br /><br /><b>The space</b><br />Óðinn penthouse apartment is 90m2, located on the 3rd floor, with view over Reykjavik and Snæfellsnes. Accommodates 10 persons in 4 bedrooms and a sofa bed located in the living room. The apartment features a large living room, 2 bathrooms and a fully equipped kitchen. Great location of the apartment gives you the opportunity to experience everything the city has to offer.<br /><br /><b>Guest access</b><br />High-speed WiFi serves the whole apartment.<br /><br />Towel and linens are provided upon arrival.<br /><br />Baby crib and baby chair is available upon request.",Entire rental unit,entire_home,https://a0.muscache.com/im/pictures/dd931088-dbb8-4579-acff-5dc3a25b80db.jpg,17,"https://a0.muscache.com/im/pictures/dd931088-dbb8-4579-acff-5dc3a25b80db.jpg,https://a0.muscache.com/im/pictures/955fe09b-898f-45c0-920b-a5f56d005ab3.jpg,https://a0.muscache.com/im/pictures/361f7ec2-1528-4c13-891e-b86ba7c512b6.jpg,https://a0.muscache.com/im/pictures/0ad39504-6cf7-4374-a7ff-f241c8063906.jpg,https://a0.muscache.com/im/pictures/bdbb5d85-efc9-497d-9e2f-b6cec87769f6.jpg,https://a0.muscache.com/im/pictures/08e50ef4-d314-4590-8a37-0f85d1e54bcd.jpg,https://a0.muscache.com/im/pictures/eb7b7f49-4446-406f-b129-0a4f5553b213.jpg,https://a0.muscache.com/im/pictures/47c9a033-9ddc-4c7e-88d5-e46468036a13.jpg,https://a0.muscache.com/im/pictures/eb0f7088-a2f2-40fb-b91b-3ea5d2d0398c.jpg,https://a0.muscache.com/im/pictures/8072850b-1f77-45d4-a821-c1106e503a88.jpg,https://a0.muscache.com/im/pictures/6485e59f-2314-4f82-9cb5-75c6e3cd4efe.jpg,https://a0.muscache.com/im/pictures/a5a88818-1113-4461-b312-8cd52ff6f42e.jpg,https://a0.muscache.com/im/pictures/130a69e0-4bf7-41ec-b532-d1ffca684e06.jpg,https://a0.muscache.com/im/pictures/4118c23d-f052-44f6-8b8a-f203a275a448.jpg,https://a0.muscache.com/im/pictures/a6374f57-d43e-43e2-9b25-1becfb127112.jpg,https://a0.muscache.com/im/pictures/8859e6bb-7dbd-42f0-a85a-bf2e7e623476.jpg,https://a0.muscache.com/im/pictures/a8beca7a-3846-48a9-8294-f12e518bd8c9.jpg",108539666,Óðinn,115198751,Kristina,false,64.1438,-21.9329,10,4,7,2.0,false,"Hair dryer,Hot water,Washer,Essentials,Hangers,TV,Crib,Heating,Smoke alarm,Fire extinguisher,First aid kit,Wifi,Kitchen,Refrigerator,Microwave,Cooking basics,Dishes and silverware,Dishwasher,Stove,Oven,Coffee maker,Patio or balcony,Luggage dropoff allowed",,false,1,Moderate,3:00 PM,10:00 AM,false,true,ISK,117,0,true,227,4.77,4.8,4.8,4.8,4.8,4.9,4.7,166010.0,2.1204313E7,768.0,98093.4,0.537,0.537,437.8,55932.2,437.8,55932.2,1.2,2.3,196,0,169,365,25511.0,3246266.0,693.7,88277.5,0.367,0.367,269.2,34250.0,269.2,34250.0,1.3,2.8,33,0,57,90
16542824,Urdarbakki 30 (Room 2),,Private room in home,private_room,https://a0.muscache.com/im/pictures/dfb1f4e0-50f7-4ca4-9d41-c83055a32f9c.jpg,7,,67644379,Jens,"","",false,64.1075,-21.8370,,,1,0.0,false,"Washer,Dryer,Wifi,Kitchen,Essentials,Free parking on premises,Shampoo,Hangers,Hair dryer,Iron,Heating",,false,2,Firm,,,,,ISK,22,0,,61,4.69,4.9,4.7,4.6,4.6,4.4,4.7,4557.0,584551.0,129.1,16509.3,0.093,0.172,12.0,1540.2,22.1,2839.2,1.8,3.4,34,167,331,365,476.0,60570.0,124.9,15894.8,0.044,0.167,5.0,641.9,18.9,2407.1,1.8,4.0,4,66,86,90
16543511,Urdarbakki 30 (Room 3),,Private room in home,private_room,https://a0.muscache.com/im/pictures/685ae539-efa0-4eb1-8a83-b50c7156788d.jpg,8,,67644379,Jens,"","",false,64.1102,-21.8378,,,1,0.0,false,"Washer,Dryer,Wifi,Kitchen,Essentials,Free parking on premises,Shampoo,Hangers,Hair dryer,Iron,Heating",,false,2,Firm,,,,,ISK,22,0,,67,4.75,4.9,4.8,4.8,4.7,4.5,4.8,6030.0,770066.0,133.6,17084.3,0.126,0.17,15.9,2025.4,21.4,2738.1,1.7,3.8,46,95,319,365,2594.0,330082.0,116.9,14875.4,0.244,0.333,27.8,3543.2,38.0,4831.6,2.0,4.4,22,24,68,90
16625616,Room in luxury central Reykjavik apartment,"Guest room in extremely well-located family home in the chicest part of downtown Reykjavik. Close to the city centre, nightlife, public transport, and family-friendly and tourist activities. Comfortable double-bed room with access to all parts of the fully furnished and equipped apartment.<br /><br /><b>The space</b><br />WiFi. Fully equipped kitchen and utility room (with dishwasher, washing machine and tumble drier). Cable TV with channels from Iceland, Scandinavia and mainland Europe. Satellite TV with extensive range of UK channels. DVD player.<br /><br /><b>Guest access</b><br />All areas except hosts' bedroom.<br /><br /><b>During your stay</b><br />Expert knowledge of most parts of Iceland. Hosts always ready to give advice and tips. Languages spoken by one or other of the hosts: English, Icelandic, Danish, Estonian, French, Greek, Italian, Maltese, Spanish, Swedish. (Both hosts not always in Reykjavik at the same time, but both always contactable by phone, social media, Skype, etc.)<br /><br /><b>Other things to note</b><br />One or other (or both) of the hosts will be living in the apartment at any given time.<br /><br /><b>Registration Details</b><br />HG-00000016",Private room in condo,private_room,https://a0.muscache.com/im/pictures/0998c3bf-2561-4b86-8697-f6494c47d6d3.jpg,8,"https://a0.muscache.com/im/pictures/0998c3bf-2561-4b86-8697-f6494c47d6d3.jpg,https://a0.muscache.com/im/pictures/e4e2d7c0-e8de-4cce-830c-3c925e8c87df.jpg,https://a0.muscache.com/im/pictures/c1c78228-4e23-4744-abac-d56c33b1844e.jpg,https://a0.muscache.com/im/pictures/4b257916-1596-4323-b95d-6871a6c81300.jpg,https://a0.muscache.com/im/pictures/9419fef0-6f84-4498-af94-9126d50d1847.jpg,https://a0.muscache.com/im/pictures/5f85dbad-47b3-4a4b-bcb5-ce96a1cce920.jpg,https://a0.muscache.com/im/pictures/2ab9c565-ab67-49d3-8d83-88aa5298c586.jpg,https://a0.muscache.com/im/pictures/164acd38-e980-4310-bb91-7bdd989dc6a8.jpg",105629437,Ingvar,109824733,Charles,true,64.1480,-21.9270,,,1,0.0,true,"Bathtub,Hair dryer,Shampoo,Hot water,Washer,Dryer,Essentials,Hangers,Iron,TV,Heating,Smoke alarm,Fire extinguisher,Wifi,Dedicated workspace,Kitchen,Cooking basics,Dishes and silverware,Free parking on premises,Elevator,Paid parking off premises,Luggage dropoff allowed",,false,1,Flexible,,10:00 AM,true,false,ISK,0,0,true,213,4.96,5.0,4.9,5.0,5.0,5.0,4.9,10878.0,1385245.0,147.0,18793.0,0.205,0.773,29.8,3795.2,112.1,14280.9,1.0,2.9,75,268,290,365,0.0,0.0,151.6,19289.6,0.0,0.0,0.0,0.0,0.0,0.0,1.0,0.0,0,90,90,90
16627119,Fantastic Apartment in the city center B1,"A bright apartment in the heart of the city with free parking. Just steps from supermarkets, right next to Laugavegur with its restaurants and shops.<br />It includes a bedroom with a double bed, a sofa bed in the living room, a kitchen, walk-in shower, and private laundry room.<br /><br /><b>The space</b><br />This apartment sleeps up to 4 guests, with a double bed in the bedroom and a sofa bed in the living room. It features a fully equipped kitchen with oven and coffee machine, a bathroom with walk-in shower, and a private laundry room with washer and iron.<br />Enjoy a spacious living and dining area with flat-screen TV, plus your own private entrance.<br /><br /><b>Guest access</b><br />Check in at your own convenience with our simple self-check-in process. Check-in details will be sent via email before arrival, and support is available 24/7 if needed.<br />Guests have access to the whole apartment. Everything within the apartment is private and for you to use at your convenience.<br /><br /><b>Other things to note</b><br />We recommend purchasing travel insurance for your trip to Iceland, which covers issues as delayed baggage, travel accidents, weather trip cancellations and emergency overseas medical. EU members can use their European Health Insurance Card in Iceland (medical expenses).<br /><br />We have cameras monitoring the common areas of the building and front doors, for your safety.",Entire rental unit,entire_home,https://a0.muscache.com/im/pictures/prohost-api/Hosting-16627119/original/3e4cc440-5f3b-4e93-8cd0-8b9912992e7c.jpeg,15,"https://a0.muscache.com/im/pictures/prohost-api/Hosting-16627119/original/3e4cc440-5f3b-4e93-8cd0-8b9912992e7c.jpeg,https://a0.muscache.com/im/pictures/prohost-api/Hosting-16627119/original/cf067e62-d2fc-4ec4-8150-4922b34fb52e.jpeg,https://a0.muscache.com/im/pictures/prohost-api/Hosting-16627119/original/2fde9a49-a588-40ec-a7e5-809ce9206740.jpeg,https://a0.muscache.com/im/pictures/prohost-api/Hosting-16627119/original/adc4df0f-052a-4e0e-af75-38dbedcd66d7.jpeg,https://a0.muscache.com/im/pictures/prohost-api/Hosting-16627119/original/c3650f61-cc26-4a42-8a68-20b1f0cb3da3.jpeg,https://a0.muscache.com/im/pictures/prohost-api/Hosting-16627119/original/43090d12-bf2d-4080-958e-56bb5f8599ee.jpeg,https://a0.muscache.com/im/pictures/prohost-api/Hosting-16627119/original/9cabc2e9-d685-4b19-934c-6ca9b86fdf18.jpeg,https://a0.muscache.com/im/pictures/prohost-api/Hosting-16627119/original/0f99662c-9f4a-4f9c-a7ea-6e11b2fd775d.jpeg,https://a0.muscache.com/im/pictures/prohost-api/Hosting-16627119/original/f87aa642-b8a4-4a39-9d59-4ec16e32d7a1.jpeg,https://a0.muscache.com/im/pictures/prohost-api/Hosting-16627119/original/b78b6f46-f1e2-4e5e-86d2-3acc421012b9.jpeg,https://a0.muscache.com/im/pictures/prohost-api/Hosting-16627119/original/0f020606-bf0a-4747-8397-e226fdc7bc84.jpeg,https://a0.muscache.com/im/pictures/prohost-api/Hosting-16627119/original/e181a1f0-dc3c-45b2-802e-de2f15e8c36a.jpeg,https://a0.muscache.com/im/pictures/prohost-api/Hosting-16627119/original/9eab613c-a971-45be-8cb3-493cd9666721.jpeg,https://a0.muscache.com/im/pictures/prohost-api/Hosting-16627119/original/eacc95d5-4563-4989-ac7a-aa75cf1f9f11.jpeg,https://a0.muscache.com/im/pictures/prohost-api/Hosting-16627119/original/c4a2c706-2002-47ef-a3d8-16d447b54a72.jpeg",392063627,Heimaleiga,65981229,Sölvi,false,64.1434,-21.9196,4,1,2,1.0,false,"Hair dryer,Shampoo,Hot water,Washer,Essentials,Hangers,Bed linens,TV,Crib,Heating,Smoke alarm,Fire extinguisher,First aid kit,Wifi,Dedicated workspace,Kitchen,Refrigerator,Microwave,Cooking basics,Dishes and silverware,Stove,Oven,Coffee maker,Free parking on premises,Paid parking off premises,Single level home",,true,2,Moderate,3:00 PM,10:00 AM,false,true,ISK,92,0,true,360,4.87,4.9,5.0,4.8,4.9,5.0,4.8,75705.0,9669374.0,293.6,37497.0,0.622,0.622,193.8,24759.4,193.8,24759.4,2.0,3.2,227,0,138,365,10748.0,1367677.0,276.7,35212.7,0.378,0.378,112.3,14285.9,112.3,14285.9,2.0,3.8,34,0,56,90
16804417,Modern & Bright Apartment in Reykjavik City Center,,Entire rental unit,entire_home,https://a0.muscache.com/im/pictures/miso/Hosting-16804417/original/b979b0fc-79ef-44e9-94e2-671f848b01bf.jpeg,14,,448400369,Greenkey,90615506,GreenKey Airbnb Services,false,64.1441,-21.9342,2,1,1,1.0,false,"TV,Wifi,Kitchen,Paid parking off premises,Hot water,Elevator,Microwave,Coffee maker,Refrigerator,Dishes and silverware,Heating,Cooking basics,Oven,Paid parking on premises,Stove,Washer,Smoke alarm,Fire extinguisher,Essentials,Long term stays allowed,Shampoo,Lock on bedroom door,Hangers,Hair dryer",true,,4,Firm,,,,,ISK,40,0,,56,4.77,4.9,4.5,4.7,4.7,5.0,4.6,4992.0,635229.0,227.6,29183.6,0.055,0.057,13.3,1698.5,14.0,1781.5,3.7,6.7,20,17,345,365,0.0,0.0,0.0,0.0,0.0,0.0,0.0,0.0,0.0,0.0,4.0,0.0,0,0,90,90
16893348,Center Reykjavík House,,Entire condo,entire_home,https://a0.muscache.com/im/pictures/miso/Hosting-16893348/original/42d3bf9e-fbae-4816-9567-75aedcd2454c.jpeg,14,,82672963,Orri,"","",false,64.1439,-21.9242,4,2,2,1.5,false,"TV,Wifi,Kitchen,Books and reading material,Hot water,Body soap,Conditioner,Bed linens,Trash compactor,Outdoor furniture,Cleaning products,Coffee maker,Refrigerator,Drying rack for clothing,Dishwasher,Dishes and silverware,Heating,Cooking basics,Oven,Coffee,Stove,Wine glasses,Washer,Dryer,Patio or balcony,Fire extinguisher,Essentials,Shampoo,Lock on bedroom door,Hangers,Hair dryer,Baking sheet,Freezer,Sound system",true,false,1,Moderate,,,,,ISK,0,0,,390,4.78,4.8,4.9,4.7,4.9,5.0,4.8,59331.0,7597182.0,298.6,38169.1,0.523,0.932,162.6,20814.2,289.4,37059.4,1.2,1.8,191,160,174,365,0.0,0.0,279.8,35598.8,0.0,0.0,0.0,0.0,0.0,0.0,1.0,0.0,0,90,90,90
17118094,Beautiful downtown apartment in a great location,"Bright and modern apartment downtown Reykjavik which has been completely renovated, with new beds and furniture. Great location in a nice, quiet street, just a couple of minutes walk from the cities main restaurants, shops and Reykjavik harbour. Few minutes from Hallgrims church, Harpa and Solfarid.<br /><br />The apartment has 2 bedrooms that sleep 2 each. There is also a sleeping sofa in the living room so there can be a total of 6 guests at a time. Perfect for a family, 2 couples or a group of friends.<br /><br /><b>The space</b><br />Each bedroom has a large bed, suitable for a couple or two people. In the living room there is a sofa bed that fits two people.<br /><br />The apartment is always clean and welcoming and I will provide you clean towels and linen.<br /><br />The kitchen has all the amenities you need to cook a nice meal and a toaster and a microwave. There is also a coffee maker and coffee.<br /><br /><b>Guest access</b><br />Guests have access to the whole apartment and the backyard.",Entire rental unit,entire_home,https://a0.muscache.com/im/pictures/ff7a330f-cb07-461e-b606-c68c0c69c51a.jpg,24,"https://a0.muscache.com/im/pictures/ff7a330f-cb07-461e-b606-c68c0c69c51a.jpg,https://a0.muscache.com/im/pictures/37dfbabe-8d8c-4af6-acb0-993f0d91e657.jpg,https://a0.muscache.com/im/pictures/6240ebef-ce54-4e54-b957-ccc8bdee4f69.jpg,https://a0.muscache.com/im/pictures/40b7f622-ae21-4fa9-9152-c3cbecb34c7a.jpg,https://a0.muscache.com/im/pictures/hosting/Hosting-U3RheVN1cHBseUxpc3Rpbmc6MTcxMTgwOTQ%3D/original/a075f078-df83-40fe-9561-5d7764592829.jpeg,https://a0.muscache.com/im/pictures/0d993722-046e-4297-b625-f0f8396818ac.jpg,https://a0.muscache.com/im/pictures/miso/Hosting-17118094/original/4c19aa68-2e4f-42f1-9002-7214f72406dd.jpeg,https://a0.muscache.com/im/pictures/miso/Hosting-17118094/original/a0af7be4-a9d7-492a-af6c-451d9fbc5f8f.jpeg,https://a0.muscache.com/im/pictures/miso/Hosting-17118094/original/1804fde9-0675-4ea7-8796-014dd34a2bf0.jpeg,https://a0.muscache.com/im/pictures/miso/Hosting-17118094/original/126dc1a2-c851-450f-8055-5a9bedfadf38.jpeg,https://a0.muscache.com/im/pictures/miso/Hosting-17118094/original/93c9de90-1e7e-4bd3-9eac-d9ebfd311e56.jpeg,https://a0.muscache.com/im/pictures/hosting/Hosting-U3RheVN1cHBseUxpc3Rpbmc6MTcxMTgwOTQ=/original/c4f59bd5-ec53-4ac0-98ef-c7499238780a.jpeg,https://a0.muscache.com/im/pictures/miso/Hosting-17118094/original/302942f0-7020-432c-bae4-dbd3f9821d5a.jpeg,https://a0.muscache.com/im/pictures/miso/Hosting-17118094/original/6cad64f0-acf3-4a3c-8339-a61a6675e821.jpeg,https://a0.muscache.com/im/pictures/f3b50565-6a5b-457a-a29b-5612b488baa2.jpg,https://a0.muscache.com/im/pictures/b3b18555-4821-4eeb-9c2c-aec09497a74c.jpg,https://a0.muscache.com/im/pictures/5b9d4044-b37e-4873-9bb8-76f1c66b215b.jpg,https://a0.muscache.com/im/pictures/8cb0dd8b-6cb8-43a8-a0f2-a8d5674eafbd.jpg,https://a0.muscache.com/im/pictures/8febed61-2e27-4dd6-90a4-25822933b25f.jpg,https://a0.muscache.com/im/pictures/miso/Hosting-17118094/original/bff2b397-8075-4cae-8b11-a7bc99212f5c.jpeg,https://a0.muscache.com/im/pictures/be8433bb-558e-40b4-9162-723e8e676d04.jpg,https://a0.muscache.com/im/pictures/e56b7449-7377-4bdd-9d6f-3854d20d9fc4.jpg,https://a0.muscache.com/im/pictures/e581e54e-9878-43cd-91c2-bea9085b2386.jpg,https://a0.muscache.com/im/pictures/c8056a9a-5b85-4fbc-a558-284e5f43f52a.jpg",115002819,Hildur And Arnar,"","",true,64.1495,-21.9455,6,2,2,1.0,false,"Hair dryer,Shampoo,Conditioner,Body soap,Hot water,Shower gel,Washer,Dryer,Essentials,Hangers,Bed linens,Extra pillows and blankets,Room-darkening shades,Iron,Drying rack for clothing,Clothing storage,TV,Crib,Pack ’n play/Travel crib,Air conditioning,Heating,Smoke alarm,Carbon monoxide alarm,Fire extinguisher,First aid kit,Wifi,Kitchen,Refrigerator,Microwave,Cooking basics,Dishes and silverware,Freezer,Dishwasher,Stove,Oven,Hot water kettle,Coffee maker,Wine glasses,Toaster,Dining table,Coffee,Private entrance,Backyard,Paid parking off premises,Paid parking on premises,Luggage dropoff allowed,Long term stays allowed",,false,2,Firm,2:00 PM,11:00 AM,true,false,ISK,104,0,true,627,4.93,5.0,5.0,5.0,5.0,5.0,4.9,75452.0,9642189.0,305.2,39005.9,0.559,0.559,189.1,24169.0,189.1,24169.0,1.9,2.6,204,0,161,365,0.0,0.0,251.1,31948.0,0.0,0.0,0.0,0.0,0.0,0.0,2.0,0.0,0,0,90,90
17122328,Northern lights and bright summernights,"Cosy apartment in a peacful area, only 25-30 minutes away from city center. <br />Mount. Esjan is in easy reach away with numerous trails and stunning views of the southwestern part of the country.  <br />Here we have the northern lights dancing upon us and all around the beautiful mountain scenery during the winter months. During the summertime you can enjoy the spectacular and unique midnight sun in the pure Icelandic nature. <br />We also offer guided hikes and northern light tours upon request.<br /><br /><b>The space</b><br />A wonderful place for those who want to enjoy the peace and natural beauty in only 25-30 minutes away from the city center. We are located just below the highway No 1 with the beach only 100 meters away and a great view overlooking Kollafjordur and the capital. <br />Mount. Esjan is in easy reach away with numerous trails and stunning views of the southwestern part of the country.  We can provide all information for interested hikers. <br />Here we have the northern lights dancing above us and all around the beautiful mountain scenery during the winter months. During the summertime you can enjoy the spectacular and unique midnight sun in the pure Icelandic nature. <br />We also offer guided hikes and northern light tours upon request. <br /><br />The apartment, which has a private entrance, is about 70 m2. Spacious hall with cloakroom, cabinets and shelves. Bathroom with shower and a bathtub and washing machine. The living room with sofa bed for two. In the bedroom there is a queen size bed and a single bed. The kitchen is equipped with all modern amenities, refrigerator, freezer, stove, oven, toaster, coffee maker, electric kettle and more.<br /><br /><b>Guest access</b><br />Grundarhverfi in Kjalarnes lies just below the highway No 1. It is a peaceful suburb of Reykjavik with approximately 500 inhabitants. In the neighbourhood there is a playground, kindergarden, school, public swimming pool with hot tub and sauna. There is also a gas station that sells basic supplies.<br /><br /><b>Other things to note</b><br />There is a lovely old dog living in the house with our family on upper floors.",Entire guest suite,entire_home,https://a0.muscache.com/im/pictures/75a8731e-da69-4af7-bf17-58b63c2b6791.jpg,35,"https://a0.muscache.com/im/pictures/75a8731e-da69-4af7-bf17-58b63c2b6791.jpg,https://a0.muscache.com/im/pictures/9830a405-7d4f-4896-a6fd-7ca6fe4c0fec.jpg,https://a0.muscache.com/im/pictures/5cec4ee9-b53d-4d92-b3c3-d3a509ae5e1a.jpg,https://a0.muscache.com/im/pictures/a493141a-558b-4495-8b5e-382fe7197be9.jpg,https://a0.muscache.com/im/pictures/7be9ffb8-4acf-4163-90ff-0d2a42b25786.jpg,https://a0.muscache.com/im/pictures/b5859463-22f2-4fc3-b4bc-992ca0919b9a.jpg,https://a0.muscache.com/im/pictures/a14ae85d-3f6c-4df3-b820-5c37a4c16293.jpg,https://a0.muscache.com/im/pictures/7097213a-ff60-4e84-9ef1-370082beccaa.jpg,https://a0.muscache.com/im/pictures/2b496372-3417-4229-a6f1-c6c252822c60.jpg,https://a0.muscache.com/im/pictures/a3214a11-b84d-443d-8588-3a643977185e.jpg,https://a0.muscache.com/im/pictures/01bbd4df-b820-4fb3-b16d-a79e2688a185.jpg,https://a0.muscache.com/im/pictures/3f958bcb-24e8-4fa6-a03e-8339ec4db019.jpg,https://a0.muscache.com/im/pictures/bfb0b6b8-5fd5-445a-9084-e791591bd984.jpg,https://a0.muscache.com/im/pictures/140cd43f-1641-49bf-a014-d6f09424d252.jpg,https://a0.muscache.com/im/pictures/5e3f05c3-90f8-4a40-92d8-a690288fff9b.jpg,https://a0.muscache.com/im/pictures/5fcec898-6e9d-41c0-b2a0-b93a12f9fad2.jpg,https://a0.muscache.com/im/pictures/a8eaad0c-535f-4428-8b61-06791ab7deb6.jpg,https://a0.muscache.com/im/pictures/8d17dab4-3a29-4e29-9181-ef697b2be13a.jpg,https://a0.muscache.com/im/pictures/31a576aa-0e4d-43a0-9a83-19b5f58b56f5.jpg,https://a0.muscache.com/im/pictures/5dc2184f-dfff-4a41-94a0-c6a0a7c65d0a.jpg,https://a0.muscache.com/im/pictures/3e5092a5-c671-41ed-8d70-b51f46da86c6.jpg,https://a0.muscache.com/im/pictures/068e6744-824d-47ab-b851-c230eb5ce4ac.jpg,https://a0.muscache.com/im/pictures/401b5066-e214-48f1-8fa7-dc45254ed0e2.jpg,https://a0.muscache.com/im/pictures/4c2c42b8-59d4-463a-8f01-86582eb77cf1.jpg,https://a0.muscache.com/im/pictures/e9df1845-1522-4de9-b1eb-8f3e3b552456.jpg,https://a0.muscache.com/im/pictures/8fccb41b-9952-4224-9c6a-2ce79006e29f.jpg,https://a0.muscache.com/im/pictures/2a4ea3c1-b158-4045-8404-2ef97f67bf68.jpg,https://a0.muscache.com/im/pictures/113f92f3-bcb5-4aee-bf44-7ff33868e1b9.jpg,https://a0.muscache.com/im/pictures/614b611c-2fd5-494a-b44a-970e20de3042.jpg,https://a0.muscache.com/im/pictures/5f783181-7e0c-4959-b985-1412e64fd417.jpg,https://a0.muscache.com/im/pictures/5907b0cf-aa56-44b5-8fbe-7793a59af88f.jpg,https://a0.muscache.com/im/pictures/485d170a-f5a6-4b7d-a7b8-c501235cb995.jpg,https://a0.muscache.com/im/pictures/bc1aca59-7ea0-4a4c-b72b-683fdd0a10ee.jpg,https://a0.muscache.com/im/pictures/612e2881-0aa6-450b-a366-50c8954dcb84.jpg,https://a0.muscache.com/im/pictures/a0551b6f-a075-4f60-8c96-137c44a3db10.jpg",15847382,Fríður,"","",true,64.2391,-21.8335,5,2,4,1.0,false,"Bathtub,Hair dryer,Shampoo,Hot water,Washer,Dryer,Essentials,Hangers,Bed linens,Extra pillows and blankets,Iron,TV,Pack ’n play/Travel crib,Children’s books and toys,High chair,Children’s dinnerware,Air conditioning,Heating,Smoke alarm,Fire extinguisher,First aid kit,Wifi,Kitchen,Refrigerator,Microwave,Cooking basics,Dishes and silverware,Stove,Oven,Coffee maker,Beach access,Private entrance,Patio or balcony,Backyard,Free parking on premises,Free street parking,Luggage dropoff allowed,Long term stays allowed",,false,2,Flexible,2:00 PM,12:00 PM,true,false,ISK,58,0,true,197,4.95,5.0,5.0,5.0,5.0,4.9,4.9,16941.0,2157292.0,177.1,22627.7,0.244,0.742,41.8,5324.0,127.2,16193.9,2.0,2.9,89,245,276,365,0.0,0.0,202.9,25820.3,0.0,0.0,0.0,0.0,0.0,0.0,2.0,0.0,0,89,90,90
17413234,The Old Bicycle Shop  - Twin room,"Eva’s room (named after our daughter whose bedroom it once was), is a small twin room with two 90cm beds. It is ideal for friends, siblings, or parent and offspring. It's aspect is over Spitalastigur. <br />We are a licenced, family run, and fantastically well located guesthouse in the centre of Reykjavik 101. All Reykjavik’s main attractions, including her best restaurants, bars, cafes, sites and museums are within a few hundred meters, and the city’s festivals and events happen on our doorstep.<br /><br /><b>The space</b><br />The house is a traditional timber built Icelandic house, warm and snug throughout the year as heated with Iceland’s famous hydro-thermic hot water. All our guests have access to three shared bathrooms, two sitting rooms, an office space upstairs, a dining area, and to a kitchen which can be used for heating up food and snacks but not for cooking full meals. We do not offer breakfast for the very good reasons that we are not licenced to serve food and there are so many excellent bakeries, restaurants and coffee houses so locally; these open very early.<br />Our house itself is well known, and is listed. Built in 1906, it was a bicycle shop for fifty years, the first of these in Iceland, and as such it is much loved in Reykjavik, especially by people who bought their first bike here a generation ago. We are popular with film companies who love filming here. Traditional timber framed houses have certain features and quirks. Ours flexes and breathes, which is important in earthquake prone zones like ours, but it does mean that it is not as soundproof as modern concrete buildings are.<br /><br /><b>Guest access</b><br />Your private bedroom, sitting room, kitchen, and dining room. There is a shared bathroom on every floor. The kitchen is suitable for teas and coffees, light snacks and heating up simple foods, but we do not allow cooking. There is a back yard with attractive golden rowan trees in it which is a nice aspect out of the windows, but this is part of our family space and not part of the guesthouse strictly speaking.<br /><br /><b>During your stay</b><br />I am half English / half Icelandic, born and bred in Reykjavik, and am native in both languages. This is my home as I grew a couple of hundred meters away in Njalsgata street. My husband Fergus is Anglo-Irish and our children (by upbringing) are English. Our part of the property is adjacent to but attached to the guesthouse. We are in residence most of the time, but spend some time in England as our now adult children live there. When not here, we have a manager who lives in. <br />Be in touch before you travel to allow us to help you have the best possible experience of Iceland. Once you book we will send you directions and instructions for a stress free arrival.<br /><br /><b>Other things to note</b><br />Reykjavik is served by hydro-thermally heated hot water. Our hot water is hot and plentiful therefore and each bedroom has a radiator with an adjustable regulator. Don't be cold. Turn your radiator up if you wish.<br />Hydro-thermic hot water is, by definition, volcanic, and therefore very slightly sulphurous. It is good for your skin. It tastes a bit off however, so run the mixer tap on cold tap for a good few seconds before drinking it or brushing your teeth. We have the best quality municipal drinking water in the world, by a very considerable margin. Delicious.<br /><br /><b>Registration Details</b><br />Malsnr. 0441-041-2015-0607",Private room in home,private_room,https://a0.muscache.com/im/pictures/89a53bec-5f70-4050-acf7-4606d22694e2.jpg,61,"https://a0.muscache.com/im/pictures/89a53bec-5f70-4050-acf7-4606d22694e2.jpg,https://a0.muscache.com/im/pictures/910d4a60-547f-4770-aa8e-30153b28d0f8.jpg,https://a0.muscache.com/im/pictures/33454ce4-c8f3-4fd6-bb0c-39d983ad958f.jpg,https://a0.muscache.com/im/pictures/b6a068b0-57af-4180-aa05-5c6e58455d7b.jpg,https://a0.muscache.com/im/pictures/12011f0e-0c43-4e90-9ff5-8bc253653f73.jpg,https://a0.muscache.com/im/pictures/50a59710-b568-46e9-9db7-ec5e00ff53bc.jpg,https://a0.muscache.com/im/pictures/9e2051c3-27a2-4253-984d-18171d51a882.jpg,https://a0.muscache.com/im/pictures/f36ce518-15cf-4f10-8dac-67058255d8e0.jpg,https://a0.muscache.com/im/pictures/f19a9650-1d73-463f-9e9d-89f961445067.jpg,https://a0.muscache.com/im/pictures/e048d656-914e-4302-bfb1-6bd80632a8f5.jpg,https://a0.muscache.com/im/pictures/a37d5104-03d1-4562-936c-0fb43eda885c.jpg,https://a0.muscache.com/im/pictures/53781f6b-7591-4034-a66b-77c17ad54426.jpg,https://a0.muscache.com/im/pictures/1f0b6356-734c-4d5c-9324-8e2e1ce6ed17.jpg,https://a0.muscache.com/im/pictures/7652bb6e-4ce8-4104-85da-6fcad53890ff.jpg,https://a0.muscache.com/im/pictures/752b3b3b-0006-40dc-a172-930ff49e3d88.jpg,https://a0.muscache.com/im/pictures/2047c78e-6263-4e2c-b4b1-428881f61a4b.jpg,https://a0.muscache.com/im/pictures/e90f18b7-04c1-4aab-865b-cd2040ca2432.jpg,https://a0.muscache.com/im/pictures/172ecde6-d124-437b-88cd-697b6303e677.jpg,https://a0.muscache.com/im/pictures/ec7abcfa-dbbb-4078-991c-daab88c5482a.jpg,https://a0.muscache.com/im/pictures/c63cbb8e-c9b8-40ce-b22c-7fb7865e1353.jpg,https://a0.muscache.com/im/pictures/444f60b3-7a3c-4a17-891d-ab3b38773d21.jpg,https://a0.muscache.com/im/pictures/af0d4b2b-754b-4b9c-a87a-5673e6248f93.jpg,https://a0.muscache.com/im/pictures/9ff674b6-02f7-465a-8b78-5f1e584d95c9.jpg,https://a0.muscache.com/im/pictures/71f67e8e-85bd-42bf-a708-42000a58e498.jpg,https://a0.muscache.com/im/pictures/6030e3a7-4edf-4dd6-8e21-ceabbd681188.jpg,https://a0.muscache.com/im/pictures/5ea39837-807a-4cbe-a4e7-8775481cbb88.jpg,https://a0.muscache.com/im/pictures/e7ed388a-2339-4391-b585-b36b0073d4f9.jpg,https://a0.muscache.com/im/pictures/cb597e93-408b-4737-8df1-396eebd6e8dc.jpg,https://a0.muscache.com/im/pictures/7f54eca8-286c-48c0-8761-596cceb3a816.jpg,https://a0.muscache.com/im/pictures/5c583d07-2ca1-4bd1-adab-3262cc3480ef.jpg,https://a0.muscache.com/im/pictures/48a4b76f-4f20-4da7-a3cb-7cb077f095f2.jpg,https://a0.muscache.com/im/pictures/3c4dfacb-cb69-453c-925c-4d6f09422f36.jpg,https://a0.muscache.com/im/pictures/1fe2c9ba-a5fd-4351-bf61-c2c049d61a1a.jpg,https://a0.muscache.com/im/pictures/a1e65809-f60e-400f-b661-063c0c5e1115.jpg,https://a0.muscache.com/im/pictures/494101ad-166b-4ecf-9ecc-fcaac38a0d8e.jpg,https://a0.muscache.com/im/pictures/75326686-f9ac-4b44-8107-e2b3550e8fd8.jpg,https://a0.muscache.com/im/pictures/754e5157-009f-4938-8a87-72ff466ed3b6.jpg,https://a0.muscache.com/im/pictures/a2416639-062d-4670-8bad-5d2166c2b423.jpg,https://a0.muscache.com/im/pictures/68fd1ebf-01d9-4bb0-8840-af6915848a87.jpg,https://a0.muscache.com/im/pictures/05b74330-3463-4921-8163-5f5abaae304f.jpg,https://a0.muscache.com/im/pictures/15f1dc32-2420-4701-b696-16b13ff7fd4a.jpg,https://a0.muscache.com/im/pictures/28ce1610-6b54-4bf4-b591-b2cae19967e4.jpg,https://a0.muscache.com/im/pictures/aca44d03-0d11-42cd-b7fb-c0127468d4a7.jpg,https://a0.muscache.com/im/pictures/17e37770-a8c5-4c97-8f0a-5f6d8a2f5dd6.jpg,https://a0.muscache.com/im/pictures/4160497a-fa89-4479-9a36-4aae3687db3a.jpg,https://a0.muscache.com/im/pictures/69a39349-329c-47e1-8982-25a70892e250.jpg,https://a0.muscache.com/im/pictures/7fc1db3c-5f6d-4391-9a08-20fbf7e75505.jpg,https://a0.muscache.com/im/pictures/0825316b-29f6-4988-a625-c6b97bb9a408.jpg,https://a0.muscache.com/im/pictures/hosting/Hosting-U3RheVN1cHBseUxpc3Rpbmc6MTc0MTMyMzQ=/original/c4242f29-4e98-43fa-b872-7e5533e9489c.jpeg,https://a0.muscache.com/im/pictures/hosting/Hosting-17413234/original/80e982a0-caa8-4e2d-a8a2-f5029734c89e.jpeg,https://a0.muscache.com/im/pictures/hosting/Hosting-17413234/original/c99e234a-f822-4163-9056-0a31e06ba35a.jpeg,https://a0.muscache.com/im/pictures/hosting/Hosting-17413234/original/37ab8542-ca16-4204-8c30-15253c0c3046.jpeg,https://a0.muscache.com/im/pictures/hosting/Hosting-17413234/original/22144549-0ef6-429f-aed9-c14fb64119fb.jpeg,https://a0.muscache.com/im/pictures/hosting/Hosting-17413234/original/51e88b82-2c1f-4feb-9ef4-e75bdf62b861.jpeg,https://a0.muscache.com/im/pictures/hosting/Hosting-17413234/original/880ff9fa-6b6e-4f6d-b874-44fad3129907.jpeg,https://a0.muscache.com/im/pictures/hosting/Hosting-17413234/original/21b3b310-8922-4751-93e9-2e39107f2b2c.jpeg,https://a0.muscache.com/im/pictures/hosting/Hosting-17413234/original/2a2c71ee-c3eb-4be2-a098-7945aa17a0c3.jpeg,https://a0.muscache.com/im/pictures/hosting/Hosting-17413234/original/98fc77cc-9598-4cc1-a3de-80f1882bbeea.jpeg,https://a0.muscache.com/im/pictures/hosting/Hosting-17413234/original/e8dafdb1-6d04-4f28-98c7-c337f5bd96e0.jpeg,https://a0.muscache.com/im/pictures/hosting/Hosting-17413234/original/eae20827-a799-4165-821f-f4b1f4df20b7.jpeg,https://a0.muscache.com/im/pictures/hosting/Hosting-17413234/original/035c1205-7687-46ce-bf69-2c8f0ac2cd1f.jpeg",14324446,⁨Gudrun Maria.⁩,"","",true,64.1443,-21.9330,,,2,0.0,true,"Wifi,Bathtub,Hair dryer,Shampoo,Hot water,Essentials,Hangers,Bed linens,Extra pillows and blankets,Room-darkening shades,Iron,Crib,Children’s books and toys,Children’s dinnerware,Window guards,Board games,Baby safety gates,Babysitter recommendations,Heating,Smoke alarm,Carbon monoxide alarm,Fire extinguisher,First aid kit,Wifi,Dedicated workspace,Refrigerator,Microwave,Dishes and silverware,Dishwasher,Stove,Coffee maker",,false,1,Moderate,3:00 PM,10:00 AM,false,true,ISK,60,60,true,273,4.82,4.8,4.9,4.9,4.8,5.0,4.7,23552.0,2999035.0,130.2,16646.8,0.405,0.405,57.8,7358.9,57.8,7358.9,1.0,2.8,148,0,217,365,1235.0,157151.0,101.7,12942.5,0.111,0.111,11.7,1491.6,11.7,1491.6,1.0,2.5,10,0,80,90
17418114,The Old Bicycle Shop - Budget small single room,"We are a well established, licenced and family run guesthouse. Fenrir’s room (named after our eldest son whose bedroom it once was), is a small single room with a 90cm single bed. It is ideal for a single person on a budget, and its small size is reflected in its cost. There is plenty of room to enjoy in the house, but be aware that this room is a sleeping space. It is, as such, much appreciated, booked constantly, and well reviewed. It's aspect is over Spitalastigur street and Tysgata square<br /><br /><b>The space</b><br />The house is a traditional timber built Icelandic house, warm and snug throughout the year as heated with Iceland’s famous hydro-thermic hot water. All our guests have access to three shared bathrooms, two sitting rooms, an office space upstairs, a dining area, and to a kitchen which can be used for heating up food and snacks but not for cooking full meals. We do not offer breakfast for the very good reasons that we are not licenced to serve food and there are so many excellent bakeries, restaurants and coffee houses so locally; these open very early.<br />Our house itself is well known, and is listed. Built in 1906, it was a bicycle shop for fifty years, the first of these in Iceland, and as such it is much loved in Reykjavik, especially by people who bought their first bike here a generation ago. We are popular with film companies who love filming here. Traditional timber framed houses have certain features and quirks. Ours flexes and breathes, which is important in earthquake prone zones like ours, but it does mean that it is not as soundproof as modern concrete buildings are.<br /><br /><b>Guest access</b><br />Your private bedroom, two shared sitting rooms, kitchen, dining room. There are three shared bathrooms which are exclusively for the use of guests. There is a back yard with attractive golden rowan trees in it which is a nice aspect out of the windows, but this is part of our family space and not part of the guesthouse strictly speaking.<br /><br /><b>During your stay</b><br />I am half English / half Icelandic, born and bred in Reykjavik, and am native in both languages. This is my home as I grew a couple of hundred meters away in Njalsgata street. My husband Fergus is Anglo-Irish and our children (by upbringing) are English. Our part of the property is adjacent to but attached to the guesthouse. We are in residence most of the time, but spend some time in England as our now adult children live there. When not here, we have a manager who lives in. <br />Be in touch before you travel to allow us to help you have the best possible experience of Iceland. Once you book we will send you directions and instructions for a stress free arrival.<br /><br /><b>Other things to note</b><br />Reykjavik is served by hydro-thermally heated hot water. Our hot water is hot and plentiful therefore and each bedroom has a radiator with an adjustable regulator. Don't be cold. Turn your radiator up if you wish.<br />Hydro-thermic hot water is, by definition, volcanic, and therefore very slightly sulphurous. It is good for your skin. It tastes a bit off however, so run the mixer tap on cold tap for a good few seconds before drinking it or brushing your teeth. We have the best quality municipal drinking water in the world, by a very considerable margin. Delicious.<br /><br /><b>Registration Details</b><br />Malsnr. 0441-041-2015-0607",Private room in home,private_room,https://a0.muscache.com/im/pictures/112925f1-9ba3-4563-8bc2-a03e914da867.jpg,49,"https://a0.muscache.com/im/pictures/112925f1-9ba3-4563-8bc2-a03e914da867.jpg,https://a0.muscache.com/im/pictures/eba2b101-2b60-4d9d-96ac-7d6ca8e90c7e.jpg,https://a0.muscache.com/im/pictures/b3fab05e-ecfa-4d84-a1b5-c31bab4d8cbd.jpg,https://a0.muscache.com/im/pictures/9f77e2cb-c7fe-4b84-8112-bfd4569f5f7a.jpg,https://a0.muscache.com/im/pictures/80d23652-ffdf-4cae-bcee-796d9762cc3e.jpg,https://a0.muscache.com/im/pictures/639d2a4a-1f15-4ead-a0f5-bd83a1023345.jpg,https://a0.muscache.com/im/pictures/e21526b1-02e8-4479-af0f-2af008635d0e.jpg,https://a0.muscache.com/im/pictures/b3b6c48d-b118-4b8f-be78-0bf10d566d48.jpg,https://a0.muscache.com/im/pictures/3697d37d-3475-4fee-83b6-67cefa01640e.jpg,https://a0.muscache.com/im/pictures/82619730-b66e-4471-93ba-f37c5d12862a.jpg,https://a0.muscache.com/im/pictures/be412ca9-5f64-4d53-94ea-a4647074caf0.jpg,https://a0.muscache.com/im/pictures/58da8e14-0a73-49e7-83f4-34fc835aa781.jpg,https://a0.muscache.com/im/pictures/a9954056-c442-43ad-b4a3-aa378fc82a02.jpg,https://a0.muscache.com/im/pictures/4e28ef27-50c7-4af2-bf28-d01b8c72f285.jpg,https://a0.muscache.com/im/pictures/564ea259-440c-4ef6-9337-552d8778744a.jpg,https://a0.muscache.com/im/pictures/08d83857-4fe2-4601-bcb5-b0560e2e60e4.jpg,https://a0.muscache.com/im/pictures/faf59593-e020-498e-a2f6-ce7a9add0893.jpg,https://a0.muscache.com/im/pictures/f9d334bf-d9bf-4a9e-ab1e-5dec627cf8e8.jpg,https://a0.muscache.com/im/pictures/baf04a27-a237-4ad1-acce-c52b10ef3b09.jpg,https://a0.muscache.com/im/pictures/a89fb2b2-b5a0-42c3-b90c-4f7257040f9f.jpg,https://a0.muscache.com/im/pictures/0326e000-ada4-42b3-947e-8b01e896f760.jpg,https://a0.muscache.com/im/pictures/8bf79a2c-1800-4255-9774-3eafae2cd18d.jpg,https://a0.muscache.com/im/pictures/51b12ca8-82a7-455f-b6f8-7a48119c9379.jpg,https://a0.muscache.com/im/pictures/e95b384f-ab64-41b2-9aab-8fa1457e3567.jpg,https://a0.muscache.com/im/pictures/3b5ef0e0-9722-4d02-9669-2d0c62a59e95.jpg,https://a0.muscache.com/im/pictures/576f6a1f-603b-4470-b5f1-3d1ba68b279f.jpg,https://a0.muscache.com/im/pictures/ab10e894-4c16-409d-8229-d6f19943c13d.jpg,https://a0.muscache.com/im/pictures/d1d56285-e076-46a8-a683-12cd8a9aae77.jpg,https://a0.muscache.com/im/pictures/e1584fc6-e2d4-4e09-9f7e-35cb8058e48b.jpg,https://a0.muscache.com/im/pictures/5d3429aa-0419-4e19-8f65-c012671fc61a.jpg,https://a0.muscache.com/im/pictures/d06304a8-1ffc-4988-808c-b8c2225aefb7.jpg,https://a0.muscache.com/im/pictures/2edb5041-5814-47a4-a59a-7743f1f8cbc8.jpg,https://a0.muscache.com/im/pictures/acaecdcb-b37a-4be1-a423-54c66695c0d3.jpg,https://a0.muscache.com/im/pictures/f7733e5f-67cb-4e68-b6b2-2ed52c1b1024.jpg,https://a0.muscache.com/im/pictures/53beac96-013a-4749-a806-d50f0ad2166a.jpg,https://a0.muscache.com/im/pictures/d244aaae-a1f9-47e1-b696-368076415be5.jpg,https://a0.muscache.com/im/pictures/7bf3c627-a85c-4a47-9e54-6334e601556a.jpg,https://a0.muscache.com/im/pictures/6674a37c-ac38-4e3b-994c-dd27d51baddc.jpg,https://a0.muscache.com/im/pictures/hosting/Hosting-17418114/original/441258ac-ee4b-4aef-bb84-bb1ff58fd843.jpeg,https://a0.muscache.com/im/pictures/hosting/Hosting-17418114/original/dedaa4f6-3188-4161-b658-ac9a48eed991.jpeg,https://a0.muscache.com/im/pictures/hosting/Hosting-17418114/original/7e351272-94fd-48d0-bee7-555c7dec3473.jpeg,https://a0.muscache.com/im/pictures/hosting/Hosting-17418114/original/d182c433-7b18-4a03-8af4-618930ec504c.jpeg,https://a0.muscache.com/im/pictures/hosting/Hosting-17418114/original/d13e132d-54b3-4bfd-b25f-6bceb6ffffa2.jpeg,https://a0.muscache.com/im/pictures/hosting/Hosting-17418114/original/b9bce169-10cf-410e-910e-af0cf50c063e.jpeg,https://a0.muscache.com/im/pictures/hosting/Hosting-17418114/original/08fe821b-19f0-488f-89f1-f3aff0cd4fcf.jpeg,https://a0.muscache.com/im/pictures/hosting/Hosting-17418114/original/755efbab-ea50-453d-8564-f27180fbd7e1.jpeg,https://a0.muscache.com/im/pictures/hosting/Hosting-17418114/original/e8c5e0af-0387-408e-9822-1cd59fe477f1.jpeg,https://a0.muscache.com/im/pictures/hosting/Hosting-17418114/original/7bedf25a-dee4-4873-a8ae-fde7c93f6230.jpeg,https://a0.muscache.com/im/pictures/hosting/Hosting-17418114/original/b0cf6415-b8e3-4094-ab7f-053f5a090fa6.jpeg",14324446,⁨Gudrun Maria.⁩,"","",true,64.1443,-21.9329,,,1,0.0,true,"Hair dryer,Shampoo,Hot water,Essentials,Hangers,Iron,Crib,Heating,Smoke alarm,Carbon monoxide alarm,Fire extinguisher,First aid kit,Wifi,Dedicated workspace,Refrigerator,Microwave,Dishes and silverware,Coffee maker",,false,1,Moderate,3:00 PM,10:00 AM,true,true,ISK,50,0,true,414,4.88,4.9,4.9,4.9,4.8,5.0,4.8,30497.0,3895607.0,93.3,11933.8,0.775,0.775,73.0,9330.8,73.0,9330.8,1.0,2.7,283,0,82,365,6494.0,826346.0,90.7,11542.9,0.678,0.678,62.2,7909.2,62.2,7909.2,1.0,2.9,61,0,29,90
17419046,The Old Bicycle Shop - Double / Triple Room,"Peter´s room, as we call it, is our best upstairs double room with a king-sized bed. It also has an additional single, so can be made up for a couple with a child or as three single beds for a small group.<br />We are a licenced, family run, and fantastically well located guesthouse in the centre of Reykjavik 101. All Reykjavik’s main attractions, including her best restaurants, bars, cafes and we know the city, its language and culture intimately. You would be welcome to join us.<br /><br /><b>The space</b><br />The house is a traditional timber built Icelandic house, warm and snug throughout the year as heated with Iceland’s famous hydro-thermic hot water. All our guests have access to three shared bathrooms, two sitting rooms, an office space upstairs, a dining area, and to a kitchen which can be used for heating up food and snacks but not for cooking full meals. We do not offer breakfast for the very good reasons that we are not licenced to serve food and there are so many excellent bakeries, restaurants and coffee houses so locally; these open very early.<br />Our house itself is well known, and is listed. Built in 1906, it was a bicycle shop for fifty years, the first of these in Iceland, and as such it is much loved in Reykjavik, especially by people who bought their first bike here a generation ago. We are popular with film companies who love filming here. Traditional timber framed houses have certain features and quirks. Ours flexes and breathes, which is important in earthquake prone zones like ours, but it does mean that it is not as soundproof as modern concrete buildings are.<br /><br /><b>Guest access</b><br />Your private bedroom, two sitting rooms, a small office space upstairs, kitchen and dining room. There are three shared bathrooms which guests can use exclusively. There is a back yard with attractive golden rowan trees in it which is a nice aspect out of the windows, but this is part of our family space and not part of the guesthouse strictly speaking.<br /><br /><b>During your stay</b><br />I am half English / half Icelandic, born and bred in Reykjavik, and am native in both languages. This is my home as I grew a couple of hundred meters away in Njalsgata street. My husband Fergus and our children (by upbringing) are English. Our part of the property is adjacent to but attached to the guesthouse. We are in residence most of the time, but spend some time in England as our children live there. When not here, we have a manager who lives in. <br />Be in touch before you travel to allow us to help you have the best possible experience of Iceland. Once you book we will send you directions and instructions for a stress free arrival.<br /><br /><b>Other things to note</b><br />Reykjavik is served by hydro-thermally heated hot water. Our hot water is hot and plentiful therefore and each bedroom has a radiator with an adjustable regulator. Don't be cold. Turn your radiator up if you wish.<br />As we said earlier, ours is a traditional timber framed house. It flexes and breathes, is quick to warm up and quick to cool. It is not insulated for sound as modern homes are. If you are a very light sleeper indeed and are used to living in a concrete block, you may be disturbed by this.  A bit of common sense and respect for others, especially in the middle of the night, usually means that all but those with real sleeping issues sleep blissfully well here. The beds are very comfortable.<br /><br /><b>Registration Details</b><br />Malsnr. 0441-041-2015-0607",Private room in home,private_room,https://a0.muscache.com/im/pictures/3c510996-9c0c-4fa7-8ef2-5755d6b8726f.jpg,50,"https://a0.muscache.com/im/pictures/3c510996-9c0c-4fa7-8ef2-5755d6b8726f.jpg,https://a0.muscache.com/im/pictures/36d717ea-57b2-4a4b-b6c0-1bb37427f17c.jpg,https://a0.muscache.com/im/pictures/87c0cb1f-6000-4de2-9544-62ff6585c24d.jpg,https://a0.muscache.com/im/pictures/0f569516-1702-4a2b-85a0-1ad66e4553fa.jpg,https://a0.muscache.com/im/pictures/29e6c71a-ee97-4bab-884a-1aaf8a40e391.jpg,https://a0.muscache.com/im/pictures/ff2d13dc-bd5e-4fc0-8b95-293342b53a54.jpg,https://a0.muscache.com/im/pictures/685b9cb0-2e0b-497a-92b5-e9fe90578f23.jpg,https://a0.muscache.com/im/pictures/3c5d0301-2ec8-4d21-9f33-92d125e33b97.jpg,https://a0.muscache.com/im/pictures/32cf1f9f-10b4-4f80-a0cc-63b96aa9dfb7.jpg,https://a0.muscache.com/im/pictures/82062508-ca0d-4287-b939-0f87e2c5a772.jpg,https://a0.muscache.com/im/pictures/a49a3a73-2c92-48be-9262-dcbb30f39296.jpg,https://a0.muscache.com/im/pictures/0b9e075c-078d-4060-ac6b-cd034b717d66.jpg,https://a0.muscache.com/im/pictures/bbbad409-99fe-4cd2-b59b-39773e1cc0c9.jpg,https://a0.muscache.com/im/pictures/57da6a22-35e2-428e-9cf4-ac35b84f3f9c.jpg,https://a0.muscache.com/im/pictures/3e00db85-bc6f-4e1f-876c-327579d15f16.jpg,https://a0.muscache.com/im/pictures/6da60d83-3600-4d9c-a073-b046aa4a6701.jpg,https://a0.muscache.com/im/pictures/02f42f04-3838-4f60-8297-0c1e5ff6a638.jpg,https://a0.muscache.com/im/pictures/84d29a6c-4c02-4d4b-8d9a-277482fac635.jpg,https://a0.muscache.com/im/pictures/70ebae94-3904-41b6-afd6-274137c94fcd.jpg,https://a0.muscache.com/im/pictures/df7d8145-aac2-4b20-a89a-3ef1ec2c00b1.jpg,https://a0.muscache.com/im/pictures/12647f3c-9f2f-4dc4-9c3c-b9012db0fbda.jpg,https://a0.muscache.com/im/pictures/eadba2d5-806c-443e-9e96-a5a77851e06c.jpg,https://a0.muscache.com/im/pictures/443a8bda-bfbb-4a57-aa74-111b6bcf46d5.jpg,https://a0.muscache.com/im/pictures/d776aca3-f0df-4b7b-90f7-27287e420021.jpg,https://a0.muscache.com/im/pictures/341c6e6b-07e1-434e-bac1-1bde71a75660.jpg,https://a0.muscache.com/im/pictures/6f35b302-844d-4e78-85db-97c82cd39aaf.jpg,https://a0.muscache.com/im/pictures/0e34c89c-32a5-40ce-ad2e-b5d8a59a5280.jpg,https://a0.muscache.com/im/pictures/4b6b63e7-47c0-4080-b525-dfadab80860f.jpg,https://a0.muscache.com/im/pictures/7aaa5642-7cc7-405c-bb36-f68581e68429.jpg,https://a0.muscache.com/im/pictures/adc2c00d-2995-4095-99f0-d16e636f36d4.jpg,https://a0.muscache.com/im/pictures/b759c5d4-8b5b-4bd2-a144-c62a3b3963a6.jpg,https://a0.muscache.com/im/pictures/33226b93-dfe9-4d72-9693-8e79fc7f7971.jpg,https://a0.muscache.com/im/pictures/8d8a1908-6f5b-402d-8562-35580d711a30.jpg,https://a0.muscache.com/im/pictures/4bb3d926-a4dd-4f73-bc4b-f0265e16362c.jpg,https://a0.muscache.com/im/pictures/c6593441-63b3-47ff-82d2-a1a59fbc389f.jpg,https://a0.muscache.com/im/pictures/846660d2-ce22-4651-8fbb-d17391876667.jpg,https://a0.muscache.com/im/pictures/c5ab0831-18ae-4ef5-a39f-240cdd0b1411.jpg,https://a0.muscache.com/im/pictures/f2f83f61-2b75-4f9c-93b7-aa83f21da714.jpg,https://a0.muscache.com/im/pictures/00db0ea1-8590-4e73-a622-4ad02b4f6e8f.jpg,https://a0.muscache.com/im/pictures/79c97c2d-bf3b-4364-a19b-109b1715e50e.jpg,https://a0.muscache.com/im/pictures/7fe99f83-1fa5-4447-8ada-9506d6219c39.jpg,https://a0.muscache.com/im/pictures/b42789ef-0f72-450b-9b59-61c8b66b8e04.jpg,https://a0.muscache.com/im/pictures/ec0b892d-23c4-4b8b-80b5-9ad21da1fb54.jpg,https://a0.muscache.com/im/pictures/0baa3433-abea-4e57-b8bc-4e7a78ba26bc.jpg,https://a0.muscache.com/im/pictures/hosting/Hosting-17419046/original/34f26419-7430-459f-898f-5e395b4e91d7.jpeg,https://a0.muscache.com/im/pictures/hosting/Hosting-17419046/original/9b799afb-1367-46e5-b39b-b9798a027f47.jpeg,https://a0.muscache.com/im/pictures/hosting/Hosting-17419046/original/35bd472a-2627-4d56-80d2-ffece90e2a90.jpeg,https://a0.muscache.com/im/pictures/hosting/Hosting-17419046/original/4bd1520e-c161-44d1-9793-43cdd0c37702.jpeg,https://a0.muscache.com/im/pictures/hosting/Hosting-17419046/original/2aba4fe9-65d2-4cf3-8b2a-40200adadab7.jpeg,https://a0.muscache.com/im/pictures/hosting/Hosting-17419046/original/5917f34b-fd26-467e-9bfc-c6f05c5ac628.jpeg",14324446,⁨Gudrun Maria.⁩,"","",true,64.1444,-21.9330,,,2,0.0,true,"Wifi,Bathtub,Hair dryer,Shampoo,Conditioner,Body soap,Hot water,Essentials,Hangers,Bed linens,Extra pillows and blankets,Room-darkening shades,Iron,Drying rack for clothing,Books and reading material,Crib,Children’s books and toys,Children’s dinnerware,Window guards,Board games,Baby safety gates,Heating,Smoke alarm,Carbon monoxide alarm,Fire extinguisher,First aid kit,Wifi,Dedicated workspace,Refrigerator,Microwave,Cooking basics,Dishes and silverware,Freezer,Dishwasher,Stove,Oven,Hot water kettle,Coffee maker,Wine glasses,Dining table,Coffee,Laundromat nearby,Paid parking off premises",,false,1,Moderate,3:00 PM,10:00 AM,false,true,ISK,70,0,true,210,4.75,4.8,4.8,4.9,4.8,5.0,4.6,32819.0,4183444.0,154.8,19782.9,0.515,0.515,80.1,10217.0,80.1,10217.0,1.0,2.1,188,0,177,365,3448.0,438754.0,154.2,19621.8,0.222,0.222,34.4,4380.2,34.4,4380.2,1.0,2.5,20,0,70,90
17440143,The Old Bicycle Shop - Single or budget double.,"Becky’s room (named after our first ever guest in there ten years ago), is a small double room with a200cm x 140cm bed. It is ideal for a single or a couple on a budget. It's aspect is over the garden. <br />We are a licenced, family run, and fantastically well located guesthouse in the centre of Reykjavik 101. All Reykjavik’s main attractions, including her best restaurants, bars, cafes, sites and museums are within a few hundred meters, and the city’s festivals and events happen on our doorstep.<br /><br /><b>The space</b><br />The house is a traditional timber built Icelandic house, warm and snug throughout the year as heated with Iceland’s famous hydro-thermic hot water. All our guests have access to three shared bathrooms, two sitting rooms, an office space upstairs, a dining area, and to a kitchen which can be used for heating up food and snacks but not for cooking full meals. We do not offer breakfast for the very good reasons that we are not licenced to serve food and there are so many excellent bakeries, restaurants and coffee houses so locally; these open very early.<br />Our house itself is well known, and is listed. Built in 1906, it was a bicycle shop for fifty years, the first of these in Iceland, and as such it is much loved in Reykjavik, especially by people who bought their first bike here a generation ago. We are popular with film companies who love filming here. Traditional timber framed houses have certain features and quirks. Ours flexes and breathes, which is important in earthquake prone zones like ours, but it does mean that it is not as soundproof as modern concrete buildings are.<br /><br /><b>Guest access</b><br />Your private bedroom, two sitting rooms, a small office space upstairs, kitchen and dining room. There are three shared bathrooms which guests can use exclusively. There is a back yard with attractive golden rowan trees in it which is a nice aspect out of the windows, but this is part of our family space and not part of the guesthouse strictly speaking.<br /><br /><b>During your stay</b><br />I am half English / half Icelandic, born and bred in Reykjavik, and am native in both languages. This is my home as I grew a couple of hundred meters away in Njalsgata street. My husband Fergus is Anglo-Irish and our children (by upbringing) are English. Our part of the property is adjacent to but attached to the guesthouse. We are in residence most of the time, but spend some time in England as our children live there. When not here, we have a manager who lives in. <br />Be in touch before you travel to allow us to help you have the best possible experience of Iceland. Once you book we will send you directions and instructions for a stress free arrival.<br /><br /><b>Other things to note</b><br />Reykjavik is served by hydro-thermally heated  water. Our hot water is hot and plentiful therefore and each bedroom has a radiator with an adjustable regulator. Don't be cold. Turn your radiator up if you wish.<br />Hydro-thermic hot water is, by definition, volcanic, and therefore very slightly sulphurous. It is good for your skin. It tastes a bit off however, so run the mixer tap on cold for a good few seconds before drinking it or brushing your teeth. We have the best quality municipal drinking water in the world, by a very considerable margin. Delicious.<br /><br /><b>Registration Details</b><br />Malsnr. 0441-041-2015-0607",Private room in home,private_room,https://a0.muscache.com/im/pictures/16971835-78bc-48dc-9321-bc60fdc0ba75.jpg,53,"https://a0.muscache.com/im/pictures/16971835-78bc-48dc-9321-bc60fdc0ba75.jpg,https://a0.muscache.com/im/pictures/49988d86-3f6f-4f02-8ec0-e3c7abee1fae.jpg,https://a0.muscache.com/im/pictures/699fcc1b-8adf-4d8b-921e-2d09fefbca90.jpg,https://a0.muscache.com/im/pictures/2c21788f-4473-4038-ae8d-e778237f9fa7.jpg,https://a0.muscache.com/im/pictures/267cb761-6ce6-4ff7-830f-42e1e83f946b.jpg,https://a0.muscache.com/im/pictures/ac99cce2-355e-4dd2-aca8-c8b67db6ba6b.jpg,https://a0.muscache.com/im/pictures/4524ae1d-f392-44c1-9185-6532ad051b9d.jpg,https://a0.muscache.com/im/pictures/c3ecb322-c457-407e-a2ce-821a3dcd3ce0.jpg,https://a0.muscache.com/im/pictures/60c75e96-78c5-420d-8104-26da47dfe36a.jpg,https://a0.muscache.com/im/pictures/05fd1889-3bb3-42a0-b98d-04f599afc56a.jpg,https://a0.muscache.com/im/pictures/miso/Hosting-17440143/original/799b0d78-5a7c-4547-9b99-9ff5824f3300.jpeg,https://a0.muscache.com/im/pictures/miso/Hosting-17440143/original/ed4ec9a5-c682-47b7-90fd-1ceb98f88e7f.jpeg,https://a0.muscache.com/im/pictures/4b8ef0e6-ec74-485d-aa95-9ceac92815c4.jpg,https://a0.muscache.com/im/pictures/c075ec30-b1b3-4c55-8234-a5f47debfb38.jpg,https://a0.muscache.com/im/pictures/36ee47ce-081d-47b7-b69b-6e88ddfbc31e.jpg,https://a0.muscache.com/im/pictures/883a6d3f-ad40-474f-ad7c-5010056c5ec4.jpg,https://a0.muscache.com/im/pictures/af60f5cd-c103-4b2d-8cf2-ec0f9144d97c.jpg,https://a0.muscache.com/im/pictures/c4508389-44c7-48a9-8fd0-3eacbb79e0f0.jpg,https://a0.muscache.com/im/pictures/9d2ef3ca-2ba6-43a9-bd98-67273ab69dff.jpg,https://a0.muscache.com/im/pictures/b2292ee2-5093-4fc6-8e20-88f4a0c63535.jpg,https://a0.muscache.com/im/pictures/154da517-b19c-4a73-a6c5-e1507c141422.jpg,https://a0.muscache.com/im/pictures/032b6e3c-2608-4b48-8c75-b622f991c839.jpg,https://a0.muscache.com/im/pictures/0b3e5b00-1d66-4363-bcbd-3d0028e7288d.jpg,https://a0.muscache.com/im/pictures/ea7bad8d-3a78-47b6-9097-21bb157f3216.jpg,https://a0.muscache.com/im/pictures/b26a53f7-91bb-42ee-b429-f898aa42a32c.jpg,https://a0.muscache.com/im/pictures/da208049-81cc-4918-9926-383f89d43a8d.jpg,https://a0.muscache.com/im/pictures/31297445-0c93-4845-bec7-4c111da73f70.jpg,https://a0.muscache.com/im/pictures/b2585e9d-747a-4bdf-b250-bb5f6abe9112.jpg,https://a0.muscache.com/im/pictures/miso/Hosting-17440143/original/1709cba5-303b-40d8-bdf0-221188f49005.jpeg,https://a0.muscache.com/im/pictures/miso/Hosting-17440143/original/0cffb039-55c4-4b5b-8ea3-e6d3d305f0dd.jpeg,https://a0.muscache.com/im/pictures/miso/Hosting-17440143/original/bd5d0831-a6ff-4664-8e8d-e7f20c01849f.jpeg,https://a0.muscache.com/im/pictures/24495cb8-3738-4726-8f6a-19f03ccaee91.jpg,https://a0.muscache.com/im/pictures/2b717407-bbe1-4c28-bd23-f2afa18c5cd8.jpg,https://a0.muscache.com/im/pictures/0838870f-0197-4edb-a757-7d2e1e9f1515.jpg,https://a0.muscache.com/im/pictures/ca336b70-61f4-4878-a9f3-8f5cd5cfbde0.jpg,https://a0.muscache.com/im/pictures/aa9cd031-7131-4c50-9bed-3d523f098135.jpg,https://a0.muscache.com/im/pictures/fae401c4-65ae-417b-b586-5bdbe8753add.jpg,https://a0.muscache.com/im/pictures/0c064e4f-cca6-4512-bff2-a484df4eaf5b.jpg,https://a0.muscache.com/im/pictures/65e8b4da-ec97-4ebf-9123-be217383ed10.jpg,https://a0.muscache.com/im/pictures/hosting/Hosting-17440143/original/d51a7321-f823-4322-af1f-1872b78d526b.jpeg,https://a0.muscache.com/im/pictures/hosting/Hosting-17440143/original/b7ce93de-6747-4c71-820c-ab1edae538c2.jpeg,https://a0.muscache.com/im/pictures/hosting/Hosting-17440143/original/279d2d94-16b8-42fc-8a30-9e1514ab11cb.jpeg,https://a0.muscache.com/im/pictures/hosting/Hosting-17440143/original/778fd997-0f64-4962-a781-695b2b13c1cb.jpeg,https://a0.muscache.com/im/pictures/hosting/Hosting-17440143/original/816c2b4f-e769-4e66-8d79-b236bf294b2a.jpeg,https://a0.muscache.com/im/pictures/hosting/Hosting-17440143/original/bdfa3251-5b4e-4f0c-8174-11acc0fc4b8b.jpeg,https://a0.muscache.com/im/pictures/hosting/Hosting-17440143/original/e314988d-b44b-4e94-927b-c7f816899a39.jpeg,https://a0.muscache.com/im/pictures/hosting/Hosting-17440143/original/48105095-cc20-4301-b296-2d393976cb4b.jpeg,https://a0.muscache.com/im/pictures/hosting/Hosting-17440143/original/e9f2348d-9198-4530-989b-ad40e0431838.jpeg,https://a0.muscache.com/im/pictures/hosting/Hosting-17440143/original/e4323c92-2839-41e3-bf8a-b6353c1747bf.jpeg,https://a0.muscache.com/im/pictures/hosting/Hosting-17440143/original/24af4c3a-d9f0-4c21-a7e6-16885f6593f2.jpeg,https://a0.muscache.com/im/pictures/hosting/Hosting-17440143/original/ce1253bc-6d3b-4f6b-8ad3-82416352b0a7.jpeg,https://a0.muscache.com/im/pictures/hosting/Hosting-17440143/original/e9355856-cb53-498c-a930-ced19b389808.jpeg,https://a0.muscache.com/im/pictures/hosting/Hosting-17440143/original/0abf76e8-eeed-4947-aecd-d77f902aaa85.jpeg",14324446,⁨Gudrun Maria.⁩,"","",true,64.1444,-21.9329,,,2,0.0,true,"Hair dryer,Shampoo,Hot water,Essentials,Hangers,Iron,Books and reading material,Crib,Board games,Heating,Smoke alarm,Carbon monoxide alarm,Fire extinguisher,First aid kit,Wifi,Dedicated workspace,Kitchen,Refrigerator,Microwave,Cooking basics,Dishes and silverware,Dishwasher,Stove,Oven,Coffee maker,Paid parking off premises",,false,1,Moderate,3:00 PM,10:00 AM,false,true,ISK,50,0,true,269,4.8,4.8,4.9,4.9,4.9,5.0,4.6,28417.0,3620015.0,151.6,19376.4,0.46,0.46,72.0,9168.4,72.0,9168.4,1.0,2.1,168,0,197,365,2969.0,377800.0,143.3,18229.2,0.211,0.211,29.7,3773.6,29.7,3773.6,1.0,2.4,19,0,71,90
17629350,The Old Bicycle Shop - Single Room,"Sylvie’s room (named after our first ever guest in there ten years ago), is a decent sized single room with a 120cm bed, and sink.  It's aspect is over Spitalastigur and Tysgata square. <br />We are a licenced, family run, and fantastically well located guesthouse in the centre of Reykjavik 101. All Reykjavik’s main attractions, including her best restaurants, bars, cafes, sites and museums are within a few hundred meters, and the city’s festivals and events happen on our doorstep.<br /><br /><b>The space</b><br />The house is a traditional timber built Icelandic house, warm and snug throughout the year as heated with Iceland’s famous hydro-thermic hot water. This is a private room designed for single occupancy. The bed is a good size, actually a small double - 2m X 120 cm, so is sometimes booked by couples looking for a value double room. It is upstairs and looks out towards the street. We have other private guest bedrooms in the house.  All our guests have access to three shared bathrooms, two sitting rooms and a library, and to a kitchen which can be used for heating up food and snacks but not for cooking full meals. We do not offer breakfast for the very good reasons that we are not licenced to serve food and there are so many excellent bakeries and coffee houses so locally; these open very early.<br />Our house itself is quite well known, and is listed. It was a bicycle shop for fifty years, the first of these in Iceland, and as such it is much loved in Reykjavik, especially by people who bought their first bike here a generation ago. <br />Everything is around the corner.  All the Reykjavik attractions, the old harbour, Harpa Concert Hall, Hallgrimskirkja church with its panoramic views, the city swimming pool with hot tubs and steam bath, and many others are all within five to seven minutes’ walk. The central bus station BSI is a 10 min walk . The bus from the airport stops 30 metres from the house.<br /><br /><b>Guest access</b><br />Your private bedroom, two shared sitting rooms, kitchen, dining room and library, and a study space upstairs at the end of the corridor on the right. There is a shared bathroom on all floors which have guest bedrooms. There is a back yard with attractive golden rowan trees in it which is a nice aspect out of the windows, but this is part of our family space and not part of the guesthouse strictly speaking.<br /><br /><b>During your stay</b><br />I am half English / half Icelandic, born and bred in Reykjavik, and am native in both languages. This is my home as I grew a couple of hundred meters away in Njalsgata street. My husband Fergus is Anglo-Irish and our children (by upbringing) are English. Our part of the property is adjacent to but attached to the guesthouse. We are in residence most of the time, but spend some time in England as our children live there. When not here, we have a manager who lives in. <br />Be in touch before you travel to allow us to help you have the best possible experience of Iceland. Once you book we will send you directions and instructions for a stress free arrival.<br /><br /><b>Other things to note</b><br />Reykjavik is served by hydro-thermally heated hot water. Our hot water is hot and plentiful therefore and each bedroom has a radiator with an adjustable regulator. Don't be cold. Turn your radiator up if you wish.<br />Hydro-thermic hot water is, by definition, volcanic, and therefore very slightly sulphurous. It is good for your skin. It tastes a bit off however, so run the mixer tap on cold tap for a good few seconds before drinking it or brushing your teeth. We have the best quality municipal drinking water in the world, by a very considerable margin. Delicious.<br /><br /><b>Registration Details</b><br />Malsnr. 0441-041-2015-0607",Private room in home,private_room,https://a0.muscache.com/im/pictures/45068be6-b4c1-470c-a5b1-d4a47d06cbb3.jpg,42,"https://a0.muscache.com/im/pictures/45068be6-b4c1-470c-a5b1-d4a47d06cbb3.jpg,https://a0.muscache.com/im/pictures/13ad6663-942a-4657-9dea-81a144798841.jpg,https://a0.muscache.com/im/pictures/6c81e4c6-dc12-4eed-aa05-310ebbd862cd.jpg,https://a0.muscache.com/im/pictures/d5a40d37-4722-41a4-8f01-bb7bde2fd52e.jpg,https://a0.muscache.com/im/pictures/f0215bf5-8b27-43b4-885c-b815f27b1684.jpg,https://a0.muscache.com/im/pictures/fcb53cde-c735-4279-bcc1-0f0e4474a0f8.jpg,https://a0.muscache.com/im/pictures/a2d49500-37f8-4ef0-8522-0886d60d3957.jpg,https://a0.muscache.com/im/pictures/80a8fda9-f28f-48f3-b371-301f65e4813a.jpg,https://a0.muscache.com/im/pictures/62cde4e4-6014-4da9-a802-24d31729f292.jpg,https://a0.muscache.com/im/pictures/e08ebb22-ccd6-4dab-adf0-d31c8640c661.jpg,https://a0.muscache.com/im/pictures/c1c28876-3beb-468d-9f9e-d715099c10b6.jpg,https://a0.muscache.com/im/pictures/00bc64d3-78c1-4a73-aad0-52835edbd704.jpg,https://a0.muscache.com/im/pictures/d3b98a1e-ee90-4e6f-9e51-36d901c6d1b6.jpg,https://a0.muscache.com/im/pictures/b7e9b1c2-365d-40c6-ac0b-c08865f0d71e.jpg,https://a0.muscache.com/im/pictures/bf202eca-9e41-4e0e-8414-6df75f2a104f.jpg,https://a0.muscache.com/im/pictures/2f37b68f-c822-415d-b7c2-ed3064484a50.jpg,https://a0.muscache.com/im/pictures/821f59ca-0a4e-486e-a59e-ed92b19ae5a6.jpg,https://a0.muscache.com/im/pictures/b8079ea2-4ead-4029-8616-1f566953c1ec.jpg,https://a0.muscache.com/im/pictures/567e5b4d-32b4-4893-8e11-9db81b728cc7.jpg,https://a0.muscache.com/im/pictures/f1893d78-821d-4ed5-8863-aa03f68a26b8.jpg,https://a0.muscache.com/im/pictures/e6386eea-a18d-434e-ab52-e8f41bbf871f.jpg,https://a0.muscache.com/im/pictures/1b0f8d16-e17a-46e8-bb81-cb3d09862fea.jpg,https://a0.muscache.com/im/pictures/0195e288-3a0a-478b-88c0-1d5bbc42821e.jpg,https://a0.muscache.com/im/pictures/127b8254-ae19-4b9a-bfbb-33832f5118cf.jpg,https://a0.muscache.com/im/pictures/471132d5-5c24-4bd9-bdb3-a7cf554b4ea6.jpg,https://a0.muscache.com/im/pictures/943c438b-dc74-4720-91dc-795e4866358e.jpg,https://a0.muscache.com/im/pictures/064a90b1-ad25-402c-92ce-6bb7a653b4d2.jpg,https://a0.muscache.com/im/pictures/e1e07a49-e7ea-4206-8e0b-3c32319bb86d.jpg,https://a0.muscache.com/im/pictures/653bad68-691f-4135-ab02-f054c903ebf1.jpg,https://a0.muscache.com/im/pictures/5a68eb2c-3896-4d96-a17d-643bf139f315.jpg,https://a0.muscache.com/im/pictures/78575b46-a102-4e08-8a59-269835dd36aa.jpg,https://a0.muscache.com/im/pictures/b0fe3358-b7f4-4ef0-ba49-64347bf6d601.jpg,https://a0.muscache.com/im/pictures/10c4696f-1bac-4ca7-b50e-7a8aa2fca049.jpg,https://a0.muscache.com/im/pictures/ed405412-dac2-4799-b487-3b4856882c8f.jpg,https://a0.muscache.com/im/pictures/2af8c962-5ea5-4b9b-901f-5e39fe4d3cd0.jpg,https://a0.muscache.com/im/pictures/bb040a2b-0bce-44df-9e15-6a621dacc134.jpg,https://a0.muscache.com/im/pictures/6d59acbd-ecc3-4aae-8e7c-cca64262f040.jpg,https://a0.muscache.com/im/pictures/d2d58450-f45e-4b64-8547-31f13cb1782f.jpg,https://a0.muscache.com/im/pictures/3776158a-0c69-4ed0-9030-a843b02c917d.jpg,https://a0.muscache.com/im/pictures/c852cebb-d405-475f-9870-032b50003364.jpg,https://a0.muscache.com/im/pictures/df1e1189-9568-436b-9bd2-5aba49e5e94b.jpg,https://a0.muscache.com/im/pictures/d58e797e-6204-4d1a-8947-b0bd1927a0ee.jpg",14324446,⁨Gudrun Maria.⁩,"","",true,64.1444,-21.9330,,,1,0.0,true,"Bathtub,Hair dryer,Shampoo,Hot water,Essentials,Hangers,Bed linens,Extra pillows and blankets,Iron,Crib,Children’s books and toys,High chair,Children’s dinnerware,Window guards,Baby safety gates,Heating,Smoke alarm,Carbon monoxide alarm,Fire extinguisher,First aid kit,Wifi,Dedicated workspace,Kitchen,Refrigerator,Microwave,Cooking basics,Dishes and silverware,Dishwasher,Coffee maker,Paid parking off premises",,false,1,Moderate,3:00 PM,10:00 AM,true,true,ISK,40,0,true,284,4.87,4.9,4.9,4.9,4.9,5.0,4.8,26272.0,3348415.0,136.9,17504.9,0.479,0.483,67.2,8560.2,67.7,8631.1,1.0,2.5,175,3,190,365,3638.0,462935.0,134.0,17045.8,0.278,0.287,38.2,4860.9,39.5,5028.6,1.0,3.6,25,3,65,90
17645912,Well Located Nordic Design Private Home,"Just a five minute walk from the heart of Reykjavik, this cozy, modern apartment (private home) is the perfect getaway for 1-3 adults looking to share a queen-sized bed and one single bed in another room. Amenities include a fully equipped kitchen, bathroom, living room, television, hairdryer, laundry, and WiFi. <br />The place is located in the old west side of Reykjavík, within the down town post code, 101. The neighbourhood is very well located, less then 10 min walk from the absolute down town.<br /><br /><b>The space</b><br />Located on the historic Asvallagata in a preserved 1937 building, you and your guest are centrally located to all services, supermarkets, and activities, with a 5 minute walk to the popular swimming pool Vesturbæjarlaug, a 10 minute walk to the old harbor and “fish packing district” Grandi, 5 minutes to City Hall, and only a 15 minute walk to the beautiful Harpa Concert Hall and popular Laugavegur strip, complete with restaurants, cafes, and exciting nightlife.<br /><br />NOTE: This is a private living in home rented out when the host is away.<br /><br /><b>Guest access</b><br />Guests will have access to their private room with a queen-sized bed, kitchen, living room, bathroom, and another bedroom with single bed . <br /><br />Amenities include a fully equipped kitchen, dining room, bathroom, living room, television, telephone, hairdryer, laundry, and complimentary WiFi.<br /><br /><b>Other things to note</b><br />This is a private living in home rented out when host is away.<br /><br />The property is on the 2nd floor of a 1930´s historic building with no elevator.<br /><br /><b>Registration Details</b><br />HG-00000429",Entire rental unit,entire_home,https://a0.muscache.com/im/pictures/miso/Hosting-17645912/original/a112e757-156c-43cc-9866-0abbeb099210.jpeg,5,"https://a0.muscache.com/im/pictures/miso/Hosting-17645912/original/a112e757-156c-43cc-9866-0abbeb099210.jpeg,https://a0.muscache.com/im/pictures/miso/Hosting-17645912/original/6e4d00c0-6658-41f6-87c4-a6696b6a30a1.jpeg,https://a0.muscache.com/im/pictures/miso/Hosting-17645912/original/0156320d-b7f6-4006-a9e7-29417455d455.jpeg,https://a0.muscache.com/im/pictures/miso/Hosting-17645912/original/522a3e94-9fbd-494d-b071-40c33c401d7f.jpeg,https://a0.muscache.com/im/pictures/miso/Hosting-17645912/original/4e3437e9-50be-402d-bdf6-c7adfbefb049.jpeg",119964502,Greipur,"","",false,64.1463,-21.9527,3,2,2,1.0,true,"Air conditioning,Bathtub,Hair dryer,Cleaning products,Shampoo,Conditioner,Body soap,Hot water,Shower gel,Washer,Essentials,Hangers,Bed linens,Room-darkening shades,Iron,Drying rack for clothing,TV,Sound system,Books and reading material,Children’s books and toys,High chair,Children’s dinnerware,Board games,Outdoor playground,Air conditioning,Heating,Smoke alarm,Carbon monoxide alarm,Fire extinguisher,First aid kit,Wifi,Dedicated workspace,Kitchen,Refrigerator,Cooking basics,Dishes and silverware,Freezer,Stove,Oven,Coffee maker,Wine glasses,Toaster,Baking sheet,Blender,Barbecue utensils,Dining table,Coffee,Patio or balcony,Backyard,Outdoor furniture,Outdoor dining area,BBQ grill,Free street parking,Paid parking off premises,Luggage dropoff allowed,Long term stays allowed,Cleaning before checkout",,false,3,Moderate,3:00 PM,11:00 AM,true,true,ISK,88,0,true,75,4.87,4.8,4.8,4.8,5.0,4.9,4.8,35613.0,4556680.0,198.0,25308.0,0.488,0.58,93.2,11931.8,110.8,14186.0,3.2,7.4,178,58,187,365,1789.0,227649.0,211.4,26906.2,0.089,0.19,18.9,2405.0,40.5,5153.6,3.0,8.0,8,48,82,90
17650867,Sunny Writer’s Apartment Near Central Reykjavík,,Entire rental unit,entire_home,https://a0.muscache.com/im/pictures/miso/Hosting-17650867/original/a3136857-ff99-4f46-a31e-7e305c17183e.jpeg,18,,38473435,Halldór,"","",false,64.1360,-21.8918,4,2,2,1.0,false,"TV,Wifi,Kitchen,Free parking on premises,Room-darkening shades,Hot water kettle,Books and reading material,Hot water,Bed linens,Extra pillows and blankets,Cleaning products,Coffee maker,Refrigerator,Drying rack for clothing,Dishwasher,Dishes and silverware,Heating,Cooking basics,Oven,Coffee,Clothing storage,Stove,Wine glasses,Washer,EV charger,Smoke alarm,Patio or balcony,Backyard,Essentials,Hangers,Hair dryer,Iron,Dedicated workspace,Freezer,Toaster,Bathtub",,false,14,Firm,,,,,ISK,0,0,,20,5.0,5.0,5.0,4.9,5.0,4.8,4.8,6850.0,871662.0,160.6,20605.5,0.118,0.118,18.8,2388.1,18.8,2388.1,14.0,21.5,43,0,322,365,0.0,0.0,0.0,0.0,0.0,0.0,0.0,0.0,0.0,0.0,14.0,0.0,0,0,90,90
17758555,Aptm w/hot tub & patio near downtown Reykjavik,"Welcome to my new spacious ground floor apartment in Laugardalur, a quiet suburb in the heart of Reykjavík with only a 10min bus ride to the city center. <br /><br />*Brand new patio with hot tub built summer of 2023. Living room photos are not accurate due to new door out to the patio.<br /><br />Located in walking distance of a bus terminal, taking you to and from the airport and to various sightseeing tours of your choice. Also in walking distance: A large grocery store, a cozy café, Laugardalslaug public pool.<br /><br /><b>The space</b><br />A two bedroom apartment with a large living room and a laundry room. Private entrance and new private parking right outside the house. Smoking is not permitted.<br /><br /><b>Guest access</b><br />Laundry room and a south side patio with hot tub for guest use.<br /><br /><b>Other things to note</b><br />Due to irregular working hours I might not answer my phone at all times but I will provide the phone number of a family member or colleague available whenever I am not.",Entire rental unit,entire_home,https://a0.muscache.com/im/pictures/d13c9218-ebd4-4643-9358-4bbb2fa4605f.jpg,29,"https://a0.muscache.com/im/pictures/d13c9218-ebd4-4643-9358-4bbb2fa4605f.jpg,https://a0.muscache.com/im/pictures/7cc95ca7-0d1d-4109-814b-a0d6e0676af2.jpg,https://a0.muscache.com/im/pictures/c488a08a-580e-4e2f-88a2-8b519a6c36d0.jpg,https://a0.muscache.com/im/pictures/205eae97-c0c9-4551-9b95-fadaefcf0b87.jpg,https://a0.muscache.com/im/pictures/30897590-bffb-4afd-b6e3-6788b9ce84e8.jpg,https://a0.muscache.com/im/pictures/e771abba-6047-4921-8a4b-d55aad061a33.jpg,https://a0.muscache.com/im/pictures/3d4f43de-4b95-4d1e-b6f5-23f66f21e182.jpg,https://a0.muscache.com/im/pictures/2034065b-d973-4381-b2a7-eee43ceaed28.jpg,https://a0.muscache.com/im/pictures/b76dfb11-1caa-4180-803f-bfac0e5229fe.jpg,https://a0.muscache.com/im/pictures/4eb1e354-c83c-428e-9ecf-ada3fe803e59.jpg,https://a0.muscache.com/im/pictures/91334419-25d0-49b1-b8af-5a28cd7717aa.jpg,https://a0.muscache.com/im/pictures/9d355b04-f6a8-40e3-a594-803ce770d31e.jpg,https://a0.muscache.com/im/pictures/3bba4a7c-7381-4310-b8b2-0e4f714e9b06.jpg,https://a0.muscache.com/im/pictures/1a915782-9a41-4de5-96af-22de6c1ca355.jpg,https://a0.muscache.com/im/pictures/f7ca57cd-e747-4c5b-91ca-1493e3f3ace7.jpg,https://a0.muscache.com/im/pictures/5d7f8d16-ef9f-4e35-b3b3-4cf527e9253b.jpg,https://a0.muscache.com/im/pictures/47915875-1157-43d3-aba5-4771cb52e203.jpg,https://a0.muscache.com/im/pictures/508ef207-2917-4fc1-b7dc-7c6f32acf397.jpg,https://a0.muscache.com/im/pictures/1c3b15a5-2055-40d4-81cb-d25c9f1d03fb.jpg,https://a0.muscache.com/im/pictures/8607f7aa-d8ff-43c3-a343-e877608e1cf6.jpg,https://a0.muscache.com/im/pictures/720eaab1-2a6a-4e3f-8034-8bd926268c64.jpg,https://a0.muscache.com/im/pictures/f5ad7733-50d7-41ab-8a2d-603c2e7b16c6.jpg,https://a0.muscache.com/im/pictures/10e1fb1d-0e3b-454f-9e35-1f7c0d730112.jpg,https://a0.muscache.com/im/pictures/cad8d544-fb6d-4b99-8edf-01a00c23aa3f.jpg,https://a0.muscache.com/im/pictures/64586a71-3cdb-4c52-bda1-9005e5573915.jpg,https://a0.muscache.com/im/pictures/7f817554-3e7d-4e29-ab71-1d3aef62ca1a.jpg,https://a0.muscache.com/im/pictures/3d36b81c-e595-4b36-ac71-a688a35f813b.jpg,https://a0.muscache.com/im/pictures/7fdf5aba-7fee-43c2-8dd7-218f919d2cc6.jpg,https://a0.muscache.com/im/pictures/ea4a3902-4b50-4f0f-b5e5-7df756f45d2c.jpg",22160824,Solveig,"","",true,64.1425,-21.8555,5,2,3,1.0,false,"Hair dryer,Cleaning products,Shampoo,Conditioner,Body soap,Hot water,Washer,Dryer,Essentials,Hangers,Bed linens,Extra pillows and blankets,Room-darkening shades,Drying rack for clothing,Clothing storage,TV,Pack ’n play/Travel crib,High chair,Air conditioning,Heating,Smoke alarm,Fire extinguisher,First aid kit,Wifi,Kitchen,Refrigerator,Microwave,Cooking basics,Dishes and silverware,Freezer,Dishwasher,Stove,Oven,Hot water kettle,Coffee maker,Wine glasses,Baking sheet,Blender,Dining table,Coffee,Private entrance,Patio or balcony,Backyard,Outdoor furniture,Free parking on premises,Free street parking,Hot tub,Single level home,Pets allowed,Luggage dropoff allowed,Long term stays allowed",,false,3,Moderate,4:00 PM,10:00 AM,true,false,ISK,0,0,true,110,4.9,4.9,5.0,4.9,5.0,4.8,4.8,30542.0,3902664.0,307.7,39450.9,0.268,0.268,83.7,10692.2,83.7,10692.2,3.0,5.4,98,0,267,365,0.0,0.0,0.0,0.0,0.0,0.0,0.0,0.0,0.0,0.0,3.0,0.0,0,0,90,90
17786911,Luxury apartment-Free parking-Quiet-View-WiFi,"Fully equipped 118 sq m apartment on 2nd floor (no elevator). Free parking high speed wifi. TV with Netflix. 3 bedrooms/1 bathroom. 15 min drive to Reykjavik centrum. Very quiet and great view to Elliðavatn, nature reserve Heiðmörk and Bláfjöll mountains. About 40 min drive to Þingvellir, 1,5 hour to Geysir/Gullfoss. Ideal location for day tours to the west or south of Iceland. Perfect location for those coming or going to KEFairport 45 min. drive. 2 min walk for bus to center (HG-00000585)<br /><br /><b>Guest access</b><br />Full access to the whole apartment.",Entire rental unit,entire_home,https://a0.muscache.com/im/pictures/50f3fe2e-c598-4f54-a441-2692f28f412e.jpg,16,"https://a0.muscache.com/im/pictures/50f3fe2e-c598-4f54-a441-2692f28f412e.jpg,https://a0.muscache.com/im/pictures/4ea686eb-64d9-4608-814e-f27349977cb3.jpg,https://a0.muscache.com/im/pictures/04c1931d-7f0a-46fc-89f5-47cba4604101.jpg,https://a0.muscache.com/im/pictures/6c41d3c9-5b5f-49bb-aca6-79ef1c309a74.jpg,https://a0.muscache.com/im/pictures/e6ddd55c-fc2b-4e19-8800-2d3836fbf48a.jpg,https://a0.muscache.com/im/pictures/4688ec4f-8ef3-48e4-b148-fc5cca008b75.jpg,https://a0.muscache.com/im/pictures/1ad8e7da-f075-4ea8-b0e1-09ae2b98c015.jpg,https://a0.muscache.com/im/pictures/c07f0fb3-cba4-4c94-b679-6f11cc2a5ebe.jpg,https://a0.muscache.com/im/pictures/4bf1fe18-a651-4ade-a3d2-45e5095bd281.jpg,https://a0.muscache.com/im/pictures/71fe457c-088b-40e7-ad1c-2a887884848d.jpg,https://a0.muscache.com/im/pictures/68326d9d-3518-41c3-9557-e9806969d70a.jpg,https://a0.muscache.com/im/pictures/10e7af05-c505-4a49-9ac1-03261e958a45.jpg,https://a0.muscache.com/im/pictures/ef04f382-7f5a-42d3-a08e-985d75673a00.jpg,https://a0.muscache.com/im/pictures/17c74934-41d3-46d0-a9d4-3cdeb4adda4e.jpg,https://a0.muscache.com/im/pictures/e23ceeb8-686c-42cb-8cf1-7023d508895a.jpg,https://a0.muscache.com/im/pictures/c09c4834-25fd-42d6-b312-eeafec564fcb.jpg",90852345,Jon,"","",true,64.0996,-21.7756,4,3,3,1.0,false,"Air conditioning,Free parking on premises,Pets allowed,Bathtub,Hair dryer,Shampoo,Hot water,Washer,Dryer,Essentials,Hangers,Bed linens,Extra pillows and blankets,Iron,Ethernet connection,TV,Crib,Pack ’n play/Travel crib,Children’s books and toys,High chair,Children’s dinnerware,Heating,Smoke alarm,Carbon monoxide alarm,Fire extinguisher,First aid kit,Wifi,Dedicated workspace,Kitchen,Refrigerator,Microwave,Cooking basics,Dishes and silverware,Dishwasher,Stove,Oven,Coffee maker,Lake access,Private entrance,Patio or balcony,Outdoor furniture,Outdoor dining area,Free parking on premises,EV charger",,false,1,Moderate,2:00 PM,11:00 AM,true,true,ISK,95,0,false,91,4.97,5.0,5.0,5.0,5.0,4.8,4.9,17205.0,2191652.0,267.1,34167.9,0.159,0.159,44.3,5640.2,44.3,5640.2,1.0,5.3,58,0,307,365,1515.0,192782.0,262.4,33387.5,0.056,0.056,15.8,2007.7,15.8,2007.7,1.0,5.0,5,0,85,90
17807762,Reykjavík Downtown  Apartment,,Private room in rental unit,private_room,https://a0.muscache.com/im/pictures/hosting/Hosting-U3RheVN1cHBseUxpc3Rpbmc6MTc4MDc3NjI=/original/e9f89fb8-e075-4515-9601-591d7987f664.jpeg,17,,6413199,Maria,"","",true,64.1455,-21.9473,4,1,,1.5,false,"TV,Wifi,Kitchen,Room-darkening shades,Hot water kettle,Hot water,Body soap,Bed linens,Extra pillows and blankets,Microwave,Cleaning products,Coffee maker,Refrigerator,Drying rack for clothing,Dishes and silverware,Heating,Cooking basics,Oven,Paid parking on premises,Coffee,Clothing storage,Stove,Smoke alarm,Carbon monoxide alarm,First aid kit,Fire extinguisher,Essentials,Shampoo,Hangers,Dining table,Hair dryer,Dedicated workspace,Freezer",false,,1,Moderate,,,,,ISK,0,0,,32,4.66,4.7,4.8,4.9,4.6,4.8,4.7,26644.0,3399427.0,297.7,38190.9,0.244,0.277,73.0,9313.5,83.0,10590.1,1.0,2.5,89,44,276,365,0.0,0.0,0.0,0.0,0.0,0.0,0.0,0.0,0.0,0.0,1.0,0.0,0,0,90,90
17956952,Top floor apartment 15 min from city center,Building constructed in 1939. The apartment is on the top floor and has a penthouse feel with tilted walls and ceiling windows on one side. Small but doesn't feel small as it has a very good distribution. Has a lot of light and a view of the back garden and over the rooftops in front. Comfortable kitchen. Close to city center (15 minute walk). City's main shopping center is 15 minutes in the other direction. One of the cities largest parks is right in front.<br /><br /><b>Other things to note</b><br />Licence number<br />HG-00014740,Entire rental unit,entire_home,https://a0.muscache.com/im/pictures/cae16cf0-672b-4b81-ba62-4e6d4aa7d9af.jpg,8,"https://a0.muscache.com/im/pictures/cae16cf0-672b-4b81-ba62-4e6d4aa7d9af.jpg,https://a0.muscache.com/im/pictures/2ea892f7-c6a5-44a9-876d-de586e35fadd.jpg,https://a0.muscache.com/im/pictures/5f5db0f2-0e13-465a-ad15-0191407dd4b4.jpg,https://a0.muscache.com/im/pictures/40281db6-cfbd-43b4-b2e4-053c1fb3e8f3.jpg,https://a0.muscache.com/im/pictures/211d95b3-428b-444f-8cf9-716d2193eff6.jpg,https://a0.muscache.com/im/pictures/hosting/Hosting-U3RheVN1cHBseUxpc3Rpbmc6MTc5NTY5NTI%3D/original/4fa18518-4ef1-4562-b466-8f923039ec92.jpeg,https://a0.muscache.com/im/pictures/hosting/Hosting-U3RheVN1cHBseUxpc3Rpbmc6MTc5NTY5NTI%3D/original/ea8dcaa9-7624-4e77-b06c-ada21d0b0e2e.jpeg,https://a0.muscache.com/im/pictures/hosting/Hosting-U3RheVN1cHBseUxpc3Rpbmc6MTc5NTY5NTI%3D/original/fac312b2-f5f1-4f8c-a1ad-43d8c7c9eed8.jpeg",3971635,Kristján,418568374,Miriam,false,64.1342,-21.9117,6,2,3,1.0,false,"Hot water,Washer,Essentials,Hangers,TV,Heating,Smoke alarm,First aid kit,Wifi,Kitchen,Cooking basics,Dishes and silverware,Private entrance",,false,5,Flexible,1:00 PM,11:00 AM,false,false,ISK,70,0,true,38,4.79,4.8,4.7,4.4,4.9,4.8,4.8,16701.0,2133493.0,210.0,26854.0,0.222,0.458,45.0,5747.6,92.8,11852.3,4.8,20.3,81,188,284,365,0.0,0.0,218.7,27835.2,0.0,0.0,0.0,0.0,0.0,0.0,5.0,0.0,0,79,90,90
18056781,"Fálkagata wery good location, clean and warm","I´m located in 5 min. walk from Hotel Saga where is a pick up for the airport bus  and buses for scheduled tours. Ten min walk to next swimming pool with hot pots, excellent place to relax, 15 min walk to the center and 5 min. walk to the University of Iceland. to our home made beech is only 20 min walk where you can swim in the cold sea or sit in a hot pot. <br />My home is clean and warm and I am very nice person to stay with. <br />A stay in Iceland is an adventure you will never forget.<br /><br /><b>The space</b><br />My kitchen has all thing you might have to use,   the bedroom has two comfortable beds.<br /><br /><b>Guest access</b><br />The kitchen, the shower and the bedroom<br /><br /><b>During your stay</b><br />I do everything I can to help and advice my guests.<br /><br /><b>Other things to note</b><br />Please let me know as soon as possible when you arrive and please be quiet when you are arriving late so you will not wake up my neighbours.",Private room in rental unit,private_room,https://a0.muscache.com/im/pictures/ff1fe706-3419-4ded-aa54-03c829d247b5.jpg,21,"https://a0.muscache.com/im/pictures/ff1fe706-3419-4ded-aa54-03c829d247b5.jpg,https://a0.muscache.com/im/pictures/airflow/Hosting-18056781/original/c1ab7341-1d3b-413b-b652-58cc4b62cf6f.jpg,https://a0.muscache.com/im/pictures/airflow/Hosting-18056781/original/54eed916-6706-429c-a172-9dd46f5af91e.jpg,https://a0.muscache.com/im/pictures/airflow/Hosting-18056781/original/5066dbfa-a526-42a1-87b4-2f0f68978ce4.jpg,https://a0.muscache.com/im/pictures/airflow/Hosting-18056781/original/58044b57-8c1f-471f-8230-d5d46c4c4367.jpg,https://a0.muscache.com/im/pictures/airflow/Hosting-18056781/original/c1327d3d-96ee-4822-b33b-bb67a16d801a.jpg,https://a0.muscache.com/im/pictures/airflow/Hosting-18056781/original/2bee8073-2c6d-41fe-bb45-287bbcc03d3e.jpg,https://a0.muscache.com/im/pictures/airflow/Hosting-18056781/original/9fc84749-43f6-4122-95e2-4ba590d46c00.jpg,https://a0.muscache.com/im/pictures/airflow/Hosting-18056781/original/2219c92b-807a-421d-b7d6-aaee51eccca4.jpg,https://a0.muscache.com/im/pictures/airflow/Hosting-18056781/original/02daed02-e023-4fb9-bc99-836192962ee2.jpg,https://a0.muscache.com/im/pictures/airflow/Hosting-18056781/original/1ea99d24-46fb-4255-bf32-aa782032fda9.jpg,https://a0.muscache.com/im/pictures/airflow/Hosting-18056781/original/d4fed7e5-caca-49d7-a917-6785ddf50e31.jpg,https://a0.muscache.com/im/pictures/airflow/Hosting-18056781/original/d22e54ca-7f77-451c-879d-3b5e1a3c5d37.jpg,https://a0.muscache.com/im/pictures/airflow/Hosting-18056781/original/13dcec98-b355-4453-a30d-a3fa60609e0d.jpg,https://a0.muscache.com/im/pictures/airflow/Hosting-18056781/original/b40b1134-925a-4ff0-9365-1fc6285a21ec.jpg,https://a0.muscache.com/im/pictures/airflow/Hosting-18056781/original/c8c878cc-c1d3-4dcf-9d00-2c087ff37356.jpg,https://a0.muscache.com/im/pictures/airflow/Hosting-18056781/original/ad0ecbec-eda5-438f-a8fe-c817915c7b5f.jpg,https://a0.muscache.com/im/pictures/5ecf03ee-0c83-4f2b-91de-38314c009684.jpg,https://a0.muscache.com/im/pictures/95c30bba-a640-40c7-a477-d603df762949.jpg,https://a0.muscache.com/im/pictures/dbd2120a-90f8-4ae7-8c79-7cde0ed14f7d.jpg,https://a0.muscache.com/im/pictures/4c29ed9c-8a87-42c0-bff0-cfe5a4116177.jpg",122214550,Eygló,"","",true,64.1379,-21.9565,,,2,0.0,false,"Air conditioning,Hair dryer,Cleaning products,Shampoo,Conditioner,Body soap,Hot water,Washer,Essentials,Hangers,Bed linens,Room-darkening shades,Iron,Clothing storage,Ethernet connection,Heating,Wifi,Kitchen,Refrigerator,Microwave,Cooking basics,Dishes and silverware,Freezer,Dishwasher,Stove,Oven,Hot water kettle,Coffee maker,Wine glasses,Toaster,Dining table,Private entrance,Free parking on premises,Free street parking,Pool,Hot tub,Luggage dropoff allowed",,false,1,Moderate,,12:00 PM,false,true,ISK,17,0,true,375,4.9,4.9,4.9,4.9,4.9,4.8,4.8,3698.0,473396.0,165.1,21092.8,0.06,0.06,9.9,1267.3,9.9,1267.3,1.0,1.7,22,0,343,365,641.0,81567.0,143.4,18250.4,0.044,0.044,6.9,882.3,6.9,882.3,1.0,2.0,4,0,86,90
